** Drc report for zulu_a7.kicad_pcb **
** Created on 2026-10-07T17:10:11 **
** Report includes: Errors, Warnings **

** Found 2022 DRC violations **
[annular_width]: Annular width (board setup constraints min annular width 0.1000 mm; actual 0.0750 mm)
    Rule: board setup constraints; error
    @(145.6761 mm, 104.5036 mm): Via [USB5V0] on Top Layer - Bottom Layer
[annular_width]: Annular width (board setup constraints min annular width 0.1000 mm; actual 0.0750 mm)
    Rule: board setup constraints; error
    @(145.6761 mm, 106.7036 mm): Via [USB5V0] on Top Layer - Bottom Layer
[annular_width]: Annular width (board setup constraints min annular width 0.1000 mm; actual 0.0750 mm)
    Rule: board setup constraints; error
    @(118.2801 mm, 108.3936 mm): Via [GND] on Top Layer - Bottom Layer
[annular_width]: Annular width (board setup constraints min annular width 0.1000 mm; actual 0.0750 mm)
    Rule: board setup constraints; error
    @(132.1361 mm, 101.5236 mm): Via [GND] on Top Layer - Bottom Layer
[annular_width]: Annular width (board setup constraints min annular width 0.1000 mm; actual 0.0750 mm)
    Rule: board setup constraints; error
    @(129.3926 mm, 112.1536 mm): Via [GND] on Top Layer - Bottom Layer
[annular_width]: Annular width (board setup constraints min annular width 0.1000 mm; actual 0.0750 mm)
    Rule: board setup constraints; error
    @(120.4241 mm, 102.2016 mm): Via [GND] on Top Layer - Bottom Layer
[annular_width]: Annular width (board setup constraints min annular width 0.1000 mm; actual 0.0750 mm)
    Rule: board setup constraints; error
    @(141.9761 mm, 108.6536 mm): Via [GND] on Top Layer - Bottom Layer
[annular_width]: Annular width (board setup constraints min annular width 0.1000 mm; actual 0.0750 mm)
    Rule: board setup constraints; error
    @(149.6761 mm, 109.0036 mm): Via [GND] on Top Layer - Bottom Layer
[annular_width]: Annular width (board setup constraints min annular width 0.1000 mm; actual 0.0750 mm)
    Rule: board setup constraints; error
    @(159.4761 mm, 102.8037 mm): Via [GND] on Top Layer - Bottom Layer
[annular_width]: Annular width (board setup constraints min annular width 0.1000 mm; actual 0.0750 mm)
    Rule: board setup constraints; error
    @(119.9841 mm, 102.2016 mm): Via [GND] on Top Layer - Bottom Layer
[annular_width]: Annular width (board setup constraints min annular width 0.1000 mm; actual 0.0750 mm)
    Rule: board setup constraints; error
    @(131.1011 mm, 100.9786 mm): Via [GND] on Top Layer - Bottom Layer
[annular_width]: Annular width (board setup constraints min annular width 0.1000 mm; actual 0.0750 mm)
    Rule: board setup constraints; error
    @(139.1761 mm, 115.9036 mm): Via [GND] on Top Layer - Bottom Layer
[annular_width]: Annular width (board setup constraints min annular width 0.1000 mm; actual 0.0750 mm)
    Rule: board setup constraints; error
    @(151.9261 mm, 99.3036 mm): Via [GND] on Top Layer - Bottom Layer
[annular_width]: Annular width (board setup constraints min annular width 0.1000 mm; actual 0.0750 mm)
    Rule: board setup constraints; error
    @(165.4761 mm, 104.5536 mm): Blind via [GND] on Top Layer - L2-GND
[annular_width]: Annular width (board setup constraints min annular width 0.1000 mm; actual 0.0750 mm)
    Rule: board setup constraints; error
    @(158.4761 mm, 103.8037 mm): Via [GND] on Top Layer - Bottom Layer
[annular_width]: Annular width (board setup constraints min annular width 0.1000 mm; actual 0.0750 mm)
    Rule: board setup constraints; error
    @(120.5259 mm, 95.5636 mm): Via [GND] on Top Layer - Bottom Layer
[annular_width]: Annular width (board setup constraints min annular width 0.1000 mm; actual 0.0750 mm)
    Rule: board setup constraints; error
    @(126.1761 mm, 103.9736 mm): Via [GND] on Top Layer - Bottom Layer
[annular_width]: Annular width (board setup constraints min annular width 0.1000 mm; actual 0.0750 mm)
    Rule: board setup constraints; error
    @(154.2761 mm, 116.1536 mm): Via [GND] on Top Layer - Bottom Layer
[annular_width]: Annular width (board setup constraints min annular width 0.1000 mm; actual 0.0750 mm)
    Rule: board setup constraints; error
    @(156.9762 mm, 102.8037 mm): Via [GND] on Top Layer - Bottom Layer
[annular_width]: Annular width (board setup constraints min annular width 0.1000 mm; actual 0.0750 mm)
    Rule: board setup constraints; error
    @(126.5561 mm, 109.1036 mm): Via [GND] on Top Layer - Bottom Layer
[annular_width]: Annular width (board setup constraints min annular width 0.1000 mm; actual 0.0750 mm)
    Rule: board setup constraints; error
    @(164.3761 mm, 94.1036 mm): Via [GND] on Top Layer - Bottom Layer
[annular_width]: Annular width (board setup constraints min annular width 0.1000 mm; actual 0.0750 mm)
    Rule: board setup constraints; error
    @(138.6761 mm, 96.9036 mm): Via [GND] on Top Layer - Bottom Layer
[annular_width]: Annular width (board setup constraints min annular width 0.1000 mm; actual 0.0750 mm)
    Rule: board setup constraints; error
    @(128.8761 mm, 109.1036 mm): Via [GND] on Top Layer - Bottom Layer
[annular_width]: Annular width (board setup constraints min annular width 0.1000 mm; actual 0.0750 mm)
    Rule: board setup constraints; error
    @(164.9761 mm, 101.3036 mm): Blind via [GND] on Top Layer - L2-GND
[annular_width]: Annular width (board setup constraints min annular width 0.1000 mm; actual 0.0750 mm)
    Rule: board setup constraints; error
    @(159.4761 mm, 107.8037 mm): Blind via [GND] on Top Layer - L2-GND
[annular_width]: Annular width (board setup constraints min annular width 0.1000 mm; actual 0.0750 mm)
    Rule: board setup constraints; error
    @(154.4761 mm, 107.5536 mm): Via [GND] on Top Layer - Bottom Layer
[annular_width]: Annular width (board setup constraints min annular width 0.1000 mm; actual 0.0750 mm)
    Rule: board setup constraints; error
    @(118.2260 mm, 95.5536 mm): Via [GND] on Top Layer - Bottom Layer
[annular_width]: Annular width (board setup constraints min annular width 0.1000 mm; actual 0.0750 mm)
    Rule: board setup constraints; error
    @(159.4761 mm, 105.8037 mm): Blind via [GND] on Top Layer - L2-GND
[annular_width]: Annular width (board setup constraints min annular width 0.1000 mm; actual 0.0750 mm)
    Rule: board setup constraints; error
    @(159.3261 mm, 111.2536 mm): Via [GND] on Top Layer - Bottom Layer
[annular_width]: Annular width (board setup constraints min annular width 0.1000 mm; actual 0.0750 mm)
    Rule: board setup constraints; error
    @(154.9761 mm, 102.3036 mm): Via [GND] on Top Layer - Bottom Layer
[annular_width]: Annular width (board setup constraints min annular width 0.1000 mm; actual 0.0750 mm)
    Rule: board setup constraints; error
    @(157.4761 mm, 102.8037 mm): Via [GND] on Top Layer - Bottom Layer
[annular_width]: Annular width (board setup constraints min annular width 0.1000 mm; actual 0.0750 mm)
    Rule: board setup constraints; error
    @(145.9761 mm, 116.1286 mm): Via [GND] on Top Layer - Bottom Layer
[annular_width]: Annular width (board setup constraints min annular width 0.1000 mm; actual 0.0750 mm)
    Rule: board setup constraints; error
    @(118.2801 mm, 107.9536 mm): Via [GND] on Top Layer - Bottom Layer
[annular_width]: Annular width (board setup constraints min annular width 0.1000 mm; actual 0.0750 mm)
    Rule: board setup constraints; error
    @(124.6261 mm, 102.1621 mm): Via [GND] on Top Layer - Bottom Layer
[annular_width]: Annular width (board setup constraints min annular width 0.1000 mm; actual 0.0750 mm)
    Rule: board setup constraints; error
    @(158.9762 mm, 103.8037 mm): Via [GND] on Top Layer - Bottom Layer
[annular_width]: Annular width (board setup constraints min annular width 0.1000 mm; actual 0.0750 mm)
    Rule: board setup constraints; error
    @(159.4761 mm, 103.8037 mm): Via [GND] on Top Layer - Bottom Layer
[annular_width]: Annular width (board setup constraints min annular width 0.1000 mm; actual 0.0750 mm)
    Rule: board setup constraints; error
    @(123.7261 mm, 113.1536 mm): Via [GND] on Top Layer - Bottom Layer
[annular_width]: Annular width (board setup constraints min annular width 0.1000 mm; actual 0.0750 mm)
    Rule: board setup constraints; error
    @(167.8761 mm, 112.9036 mm): Via [GND] on Top Layer - Bottom Layer
[annular_width]: Annular width (board setup constraints min annular width 0.1000 mm; actual 0.0750 mm)
    Rule: board setup constraints; error
    @(130.6761 mm, 113.8036 mm): Via [GND] on Top Layer - Bottom Layer
[annular_width]: Annular width (board setup constraints min annular width 0.1000 mm; actual 0.0750 mm)
    Rule: board setup constraints; error
    @(158.7261 mm, 97.4536 mm): Via [GND] on Top Layer - Bottom Layer
[annular_width]: Annular width (board setup constraints min annular width 0.1000 mm; actual 0.0750 mm)
    Rule: board setup constraints; error
    @(122.4961 mm, 114.6036 mm): Via [GND] on Top Layer - Bottom Layer
[annular_width]: Annular width (board setup constraints min annular width 0.1000 mm; actual 0.0750 mm)
    Rule: board setup constraints; error
    @(167.4261 mm, 99.3036 mm): Via [GND] on Top Layer - Bottom Layer
[annular_width]: Annular width (board setup constraints min annular width 0.1000 mm; actual 0.0750 mm)
    Rule: board setup constraints; error
    @(119.7261 mm, 99.9536 mm): Via [GND] on Top Layer - Bottom Layer
[annular_width]: Annular width (board setup constraints min annular width 0.1000 mm; actual 0.0750 mm)
    Rule: board setup constraints; error
    @(168.0261 mm, 97.4036 mm): Via [GND] on Top Layer - Bottom Layer
[annular_width]: Annular width (board setup constraints min annular width 0.1000 mm; actual 0.0750 mm)
    Rule: board setup constraints; error
    @(140.6011 mm, 105.5786 mm): Via [GND] on Top Layer - Bottom Layer
[annular_width]: Annular width (board setup constraints min annular width 0.1000 mm; actual 0.0750 mm)
    Rule: board setup constraints; error
    @(171.2261 mm, 107.1036 mm): Via [GND] on Top Layer - Bottom Layer
[annular_width]: Annular width (board setup constraints min annular width 0.1000 mm; actual 0.0750 mm)
    Rule: board setup constraints; error
    @(160.9762 mm, 107.8037 mm): Via [GND] on Top Layer - Bottom Layer
[annular_width]: Annular width (board setup constraints min annular width 0.1000 mm; actual 0.0750 mm)
    Rule: board setup constraints; error
    @(119.0301 mm, 111.9251 mm): Via [GND] on Top Layer - Bottom Layer
[annular_width]: Annular width (board setup constraints min annular width 0.1000 mm; actual 0.0750 mm)
    Rule: board setup constraints; error
    @(155.0761 mm, 97.8536 mm): Via [GND] on Top Layer - Bottom Layer
[annular_width]: Annular width (board setup constraints min annular width 0.1000 mm; actual 0.0750 mm)
    Rule: board setup constraints; error
    @(126.5511 mm, 110.6036 mm): Via [GND] on Top Layer - Bottom Layer
[annular_width]: Annular width (board setup constraints min annular width 0.1000 mm; actual 0.0750 mm)
    Rule: board setup constraints; error
    @(151.3511 mm, 99.2286 mm): Via [GND] on Top Layer - Bottom Layer
[annular_width]: Annular width (board setup constraints min annular width 0.1000 mm; actual 0.0750 mm)
    Rule: board setup constraints; error
    @(172.0261 mm, 110.0536 mm): Via [GND] on Top Layer - Bottom Layer
[annular_width]: Annular width (board setup constraints min annular width 0.1000 mm; actual 0.0750 mm)
    Rule: board setup constraints; error
    @(134.2761 mm, 113.8536 mm): Via [GND] on Top Layer - Bottom Layer
[annular_width]: Annular width (board setup constraints min annular width 0.1000 mm; actual 0.0750 mm)
    Rule: board setup constraints; error
    @(136.8261 mm, 107.1286 mm): Via [GND] on Top Layer - Bottom Layer
[annular_width]: Annular width (board setup constraints min annular width 0.1000 mm; actual 0.0750 mm)
    Rule: board setup constraints; error
    @(123.3761 mm, 108.0036 mm): Via [GND] on Top Layer - Bottom Layer
[annular_width]: Annular width (board setup constraints min annular width 0.1000 mm; actual 0.0750 mm)
    Rule: board setup constraints; error
    @(160.4761 mm, 103.8037 mm): Blind via [GND] on Top Layer - L2-GND
[annular_width]: Annular width (board setup constraints min annular width 0.1000 mm; actual 0.0750 mm)
    Rule: board setup constraints; error
    @(156.7561 mm, 94.1036 mm): Via [GND] on Top Layer - Bottom Layer
[annular_width]: Annular width (board setup constraints min annular width 0.1000 mm; actual 0.0750 mm)
    Rule: board setup constraints; error
    @(164.9761 mm, 103.8037 mm): Via [GND] on Top Layer - Bottom Layer
[annular_width]: Annular width (board setup constraints min annular width 0.1000 mm; actual 0.0750 mm)
    Rule: board setup constraints; error
    @(123.3761 mm, 115.1236 mm): Via [GND] on Top Layer - Bottom Layer
[annular_width]: Annular width (board setup constraints min annular width 0.1000 mm; actual 0.0750 mm)
    Rule: board setup constraints; error
    @(163.8261 mm, 112.7286 mm): Via [GND] on Top Layer - Bottom Layer
[annular_width]: Annular width (board setup constraints min annular width 0.1000 mm; actual 0.0750 mm)
    Rule: board setup constraints; error
    @(171.2261 mm, 103.5546 mm): Via [GND] on Top Layer - Bottom Layer
[annular_width]: Annular width (board setup constraints min annular width 0.1000 mm; actual 0.0750 mm)
    Rule: board setup constraints; error
    @(161.9762 mm, 107.8037 mm): Blind via [GND] on Top Layer - L2-GND
[annular_width]: Annular width (board setup constraints min annular width 0.1000 mm; actual 0.0750 mm)
    Rule: board setup constraints; error
    @(118.2801 mm, 108.8336 mm): Via [GND] on Top Layer - Bottom Layer
[annular_width]: Annular width (board setup constraints min annular width 0.1000 mm; actual 0.0750 mm)
    Rule: board setup constraints; error
    @(164.2262 mm, 111.3536 mm): Blind via [GND] on Top Layer - L2-GND
[annular_width]: Annular width (board setup constraints min annular width 0.1000 mm; actual 0.0750 mm)
    Rule: board setup constraints; error
    @(158.5511 mm, 99.4036 mm): Via [GND] on Top Layer - Bottom Layer
[annular_width]: Annular width (board setup constraints min annular width 0.1000 mm; actual 0.0750 mm)
    Rule: board setup constraints; error
    @(157.9762 mm, 104.8037 mm): Via [GND] on Top Layer - Bottom Layer
[annular_width]: Annular width (board setup constraints min annular width 0.1000 mm; actual 0.0750 mm)
    Rule: board setup constraints; error
    @(146.0511 mm, 108.6786 mm): Via [GND] on Top Layer - Bottom Layer
[annular_width]: Annular width (board setup constraints min annular width 0.1000 mm; actual 0.0750 mm)
    Rule: board setup constraints; error
    @(163.4261 mm, 99.8536 mm): Via [GND] on Top Layer - Bottom Layer
[annular_width]: Annular width (board setup constraints min annular width 0.1000 mm; actual 0.0750 mm)
    Rule: board setup constraints; error
    @(140.7911 mm, 95.8036 mm): Via [GND] on Top Layer - Bottom Layer
[annular_width]: Annular width (board setup constraints min annular width 0.1000 mm; actual 0.0750 mm)
    Rule: board setup constraints; error
    @(157.9762 mm, 108.8037 mm): Via [GND] on Top Layer - Bottom Layer
[annular_width]: Annular width (board setup constraints min annular width 0.1000 mm; actual 0.0750 mm)
    Rule: board setup constraints; error
    @(160.4761 mm, 105.8037 mm): Blind via [GND] on Top Layer - L2-GND
[annular_width]: Annular width (board setup constraints min annular width 0.1000 mm; actual 0.0750 mm)
    Rule: board setup constraints; error
    @(164.9261 mm, 98.2286 mm): Via [GND] on Top Layer - Bottom Layer
[annular_width]: Annular width (board setup constraints min annular width 0.1000 mm; actual 0.0750 mm)
    Rule: board setup constraints; error
    @(154.9761 mm, 103.3036 mm): Via [GND] on Top Layer - Bottom Layer
[annular_width]: Annular width (board setup constraints min annular width 0.1000 mm; actual 0.0750 mm)
    Rule: board setup constraints; error
    @(119.1111 mm, 113.8036 mm): Via [GND] on Top Layer - Bottom Layer
[annular_width]: Annular width (board setup constraints min annular width 0.1000 mm; actual 0.0750 mm)
    Rule: board setup constraints; error
    @(126.1761 mm, 104.4136 mm): Via [GND] on Top Layer - Bottom Layer
[annular_width]: Annular width (board setup constraints min annular width 0.1000 mm; actual 0.0750 mm)
    Rule: board setup constraints; error
    @(154.9761 mm, 101.8037 mm): Via [GND] on Top Layer - Bottom Layer
[annular_width]: Annular width (board setup constraints min annular width 0.1000 mm; actual 0.0750 mm)
    Rule: board setup constraints; error
    @(154.9761 mm, 110.8036 mm): Via [GND] on Top Layer - Bottom Layer
[annular_width]: Annular width (board setup constraints min annular width 0.1000 mm; actual 0.0750 mm)
    Rule: board setup constraints; error
    @(140.5511 mm, 108.7036 mm): Via [GND] on Top Layer - Bottom Layer
[annular_width]: Annular width (board setup constraints min annular width 0.1000 mm; actual 0.0750 mm)
    Rule: board setup constraints; error
    @(120.0012 mm, 110.4786 mm): Via [GND] on Top Layer - Bottom Layer
[annular_width]: Annular width (board setup constraints min annular width 0.1000 mm; actual 0.0750 mm)
    Rule: board setup constraints; error
    @(123.0761 mm, 110.3536 mm): Via [GND] on Top Layer - Bottom Layer
[annular_width]: Annular width (board setup constraints min annular width 0.1000 mm; actual 0.0750 mm)
    Rule: board setup constraints; error
    @(157.9762 mm, 107.3036 mm): Via [GND] on Top Layer - Bottom Layer
[annular_width]: Annular width (board setup constraints min annular width 0.1000 mm; actual 0.0750 mm)
    Rule: board setup constraints; error
    @(148.0511 mm, 108.7036 mm): Via [GND] on Top Layer - Bottom Layer
[annular_width]: Annular width (board setup constraints min annular width 0.1000 mm; actual 0.0750 mm)
    Rule: board setup constraints; error
    @(128.2426 mm, 114.5566 mm): Via [GND] on Top Layer - Bottom Layer
[annular_width]: Annular width (board setup constraints min annular width 0.1000 mm; actual 0.0750 mm)
    Rule: board setup constraints; error
    @(159.2961 mm, 94.1036 mm): Via [GND] on Top Layer - Bottom Layer
[annular_width]: Annular width (board setup constraints min annular width 0.1000 mm; actual 0.0750 mm)
    Rule: board setup constraints; error
    @(115.3261 mm, 95.4536 mm): Via [GND] on Top Layer - Bottom Layer
[annular_width]: Annular width (board setup constraints min annular width 0.1000 mm; actual 0.0750 mm)
    Rule: board setup constraints; error
    @(127.6011 mm, 100.6436 mm): Via [GND] on Top Layer - Bottom Layer
[annular_width]: Annular width (board setup constraints min annular width 0.1000 mm; actual 0.0750 mm)
    Rule: board setup constraints; error
    @(171.2261 mm, 106.6536 mm): Via [GND] on Top Layer - Bottom Layer
[annular_width]: Annular width (board setup constraints min annular width 0.1000 mm; actual 0.0750 mm)
    Rule: board setup constraints; error
    @(165.4761 mm, 108.8037 mm): Blind via [GND] on Top Layer - L2-GND
[annular_width]: Annular width (board setup constraints min annular width 0.1000 mm; actual 0.0750 mm)
    Rule: board setup constraints; error
    @(171.2261 mm, 103.1036 mm): Via [GND] on Top Layer - Bottom Layer
[annular_width]: Annular width (board setup constraints min annular width 0.1000 mm; actual 0.0750 mm)
    Rule: board setup constraints; error
    @(165.4761 mm, 111.3036 mm): Blind via [GND] on Top Layer - L2-GND
[annular_width]: Annular width (board setup constraints min annular width 0.1000 mm; actual 0.0750 mm)
    Rule: board setup constraints; error
    @(156.9762 mm, 103.3036 mm): Via [GND] on Top Layer - Bottom Layer
[annular_width]: Annular width (board setup constraints min annular width 0.1000 mm; actual 0.0750 mm)
    Rule: board setup constraints; error
    @(138.9761 mm, 116.5036 mm): Via [GND] on Top Layer - Bottom Layer
[annular_width]: Annular width (board setup constraints min annular width 0.1000 mm; actual 0.0750 mm)
    Rule: board setup constraints; error
    @(170.1761 mm, 99.3036 mm): Via [GND] on Top Layer - Bottom Layer
[annular_width]: Annular width (board setup constraints min annular width 0.1000 mm; actual 0.0750 mm)
    Rule: board setup constraints; error
    @(143.1011 mm, 97.3036 mm): Via [GND] on Top Layer - Bottom Layer
[annular_width]: Annular width (board setup constraints min annular width 0.1000 mm; actual 0.0750 mm)
    Rule: board setup constraints; error
    @(136.6761 mm, 115.4536 mm): Via [GND] on Top Layer - Bottom Layer
[annular_width]: Annular width (board setup constraints min annular width 0.1000 mm; actual 0.0750 mm)
    Rule: board setup constraints; error
    @(164.9761 mm, 106.3036 mm): Via [GND] on Top Layer - Bottom Layer
[annular_width]: Annular width (board setup constraints min annular width 0.1000 mm; actual 0.0750 mm)
    Rule: board setup constraints; error
    @(146.1261 mm, 115.4536 mm): Via [GND] on Top Layer - Bottom Layer
[annular_width]: Annular width (board setup constraints min annular width 0.1000 mm; actual 0.0750 mm)
    Rule: board setup constraints; error
    @(169.0261 mm, 94.7036 mm): Via [GND] on Top Layer - Bottom Layer
[annular_width]: Annular width (board setup constraints min annular width 0.1000 mm; actual 0.0750 mm)
    Rule: board setup constraints; error
    @(128.9011 mm, 107.5286 mm): Via [GND] on Top Layer - Bottom Layer
[annular_width]: Annular width (board setup constraints min annular width 0.1000 mm; actual 0.0750 mm)
    Rule: board setup constraints; error
    @(160.7761 mm, 99.4036 mm): Via [GND] on Top Layer - Bottom Layer
[annular_width]: Annular width (board setup constraints min annular width 0.1000 mm; actual 0.0750 mm)
    Rule: board setup constraints; error
    @(162.6261 mm, 111.1036 mm): Via [GND] on Top Layer - Bottom Layer
[annular_width]: Annular width (board setup constraints min annular width 0.1000 mm; actual 0.0750 mm)
    Rule: board setup constraints; error
    @(122.4961 mm, 113.9536 mm): Via [GND] on Top Layer - Bottom Layer
[annular_width]: Annular width (board setup constraints min annular width 0.1000 mm; actual 0.0750 mm)
    Rule: board setup constraints; error
    @(152.9261 mm, 99.2786 mm): Via [GND] on Top Layer - Bottom Layer
[annular_width]: Annular width (board setup constraints min annular width 0.1000 mm; actual 0.0750 mm)
    Rule: board setup constraints; error
    @(160.1511 mm, 114.4786 mm): Via [GND] on Top Layer - Bottom Layer
[annular_width]: Annular width (board setup constraints min annular width 0.1000 mm; actual 0.0750 mm)
    Rule: board setup constraints; error
    @(171.1261 mm, 97.4036 mm): Via [GND] on Top Layer - Bottom Layer
[annular_width]: Annular width (board setup constraints min annular width 0.1000 mm; actual 0.0750 mm)
    Rule: board setup constraints; error
    @(160.9762 mm, 111.4536 mm): Via [GND] on Top Layer - Bottom Layer
[annular_width]: Annular width (board setup constraints min annular width 0.1000 mm; actual 0.0750 mm)
    Rule: board setup constraints; error
    @(164.9761 mm, 102.3036 mm): Blind via [GND] on Top Layer - L2-GND
[annular_width]: Annular width (board setup constraints min annular width 0.1000 mm; actual 0.0750 mm)
    Rule: board setup constraints; error
    @(161.8361 mm, 94.1036 mm): Via [GND] on Top Layer - Bottom Layer
[annular_width]: Annular width (board setup constraints min annular width 0.1000 mm; actual 0.0750 mm)
    Rule: board setup constraints; error
    @(154.4761 mm, 104.3036 mm): Via [GND] on Top Layer - Bottom Layer
[annular_width]: Annular width (board setup constraints min annular width 0.1000 mm; actual 0.0750 mm)
    Rule: board setup constraints; error
    @(126.1761 mm, 104.8536 mm): Via [GND] on Top Layer - Bottom Layer
[annular_width]: Annular width (board setup constraints min annular width 0.1000 mm; actual 0.0750 mm)
    Rule: board setup constraints; error
    @(157.9762 mm, 102.8037 mm): Via [GND] on Top Layer - Bottom Layer
[annular_width]: Annular width (board setup constraints min annular width 0.1000 mm; actual 0.0750 mm)
    Rule: board setup constraints; error
    @(141.7161 mm, 101.0436 mm): Via [GND] on Top Layer - Bottom Layer
[annular_width]: Annular width (board setup constraints min annular width 0.1000 mm; actual 0.0750 mm)
    Rule: board setup constraints; error
    @(140.3761 mm, 102.5536 mm): Blind via [GND] on Top Layer - L2-GND
[annular_width]: Annular width (board setup constraints min annular width 0.1000 mm; actual 0.0750 mm)
    Rule: board setup constraints; error
    @(165.4761 mm, 109.6036 mm): Via [GND] on Top Layer - Bottom Layer
[annular_width]: Annular width (board setup constraints min annular width 0.1000 mm; actual 0.0750 mm)
    Rule: board setup constraints; error
    @(156.7511 mm, 99.5786 mm): Via [GND] on Top Layer - Bottom Layer
[annular_width]: Annular width (board setup constraints min annular width 0.1000 mm; actual 0.0750 mm)
    Rule: board setup constraints; error
    @(159.4761 mm, 108.8037 mm): Blind via [GND] on Top Layer - L2-GND
[annular_width]: Annular width (board setup constraints min annular width 0.1000 mm; actual 0.0750 mm)
    Rule: board setup constraints; error
    @(161.9762 mm, 107.3036 mm): Blind via [GND] on Top Layer - L2-GND
[annular_width]: Annular width (board setup constraints min annular width 0.1000 mm; actual 0.0750 mm)
    Rule: board setup constraints; error
    @(161.4761 mm, 107.8037 mm): Blind via [GND] on Top Layer - L2-GND
[annular_width]: Annular width (board setup constraints min annular width 0.1000 mm; actual 0.0750 mm)
    Rule: board setup constraints; error
    @(157.9762 mm, 104.3036 mm): Via [GND] on Top Layer - Bottom Layer
[annular_width]: Annular width (board setup constraints min annular width 0.1000 mm; actual 0.0750 mm)
    Rule: board setup constraints; error
    @(129.3926 mm, 113.3551 mm): Via [GND] on Top Layer - Bottom Layer
[annular_width]: Annular width (board setup constraints min annular width 0.1000 mm; actual 0.0750 mm)
    Rule: board setup constraints; error
    @(147.8761 mm, 115.7036 mm): Via [GND] on Top Layer - Bottom Layer
[annular_width]: Annular width (board setup constraints min annular width 0.1000 mm; actual 0.0750 mm)
    Rule: board setup constraints; error
    @(119.5441 mm, 102.2016 mm): Via [GND] on Top Layer - Bottom Layer
[annular_width]: Annular width (board setup constraints min annular width 0.1000 mm; actual 0.0750 mm)
    Rule: board setup constraints; error
    @(130.6791 mm, 110.9521 mm): Via [GND] on Top Layer - Bottom Layer
[annular_width]: Annular width (board setup constraints min annular width 0.1000 mm; actual 0.0750 mm)
    Rule: board setup constraints; error
    @(145.9261 mm, 101.1286 mm): Via [GND] on Top Layer - Bottom Layer
[annular_width]: Annular width (board setup constraints min annular width 0.1000 mm; actual 0.0750 mm)
    Rule: board setup constraints; error
    @(161.8261 mm, 97.4036 mm): Via [GND] on Top Layer - Bottom Layer
[annular_width]: Annular width (board setup constraints min annular width 0.1000 mm; actual 0.0750 mm)
    Rule: board setup constraints; error
    @(137.1761 mm, 109.7536 mm): Via [GND] on Top Layer - Bottom Layer
[annular_width]: Annular width (board setup constraints min annular width 0.1000 mm; actual 0.0750 mm)
    Rule: board setup constraints; error
    @(139.8761 mm, 97.0286 mm): Via [GND] on Top Layer - Bottom Layer
[annular_width]: Annular width (board setup constraints min annular width 0.1000 mm; actual 0.0750 mm)
    Rule: board setup constraints; error
    @(162.4761 mm, 103.8037 mm): Via [GND] on Top Layer - Bottom Layer
[annular_width]: Annular width (board setup constraints min annular width 0.1000 mm; actual 0.0750 mm)
    Rule: board setup constraints; error
    @(173.6761 mm, 103.5336 mm): Via [GND] on Top Layer - Bottom Layer
[annular_width]: Annular width (board setup constraints min annular width 0.1000 mm; actual 0.0750 mm)
    Rule: board setup constraints; error
    @(135.1761 mm, 115.3876 mm): Via [GND] on Top Layer - Bottom Layer
[annular_width]: Annular width (board setup constraints min annular width 0.1000 mm; actual 0.0750 mm)
    Rule: board setup constraints; error
    @(154.9761 mm, 101.3036 mm): Via [GND] on Top Layer - Bottom Layer
[annular_width]: Annular width (board setup constraints min annular width 0.1000 mm; actual 0.0750 mm)
    Rule: board setup constraints; error
    @(161.9762 mm, 106.3036 mm): Via [GND] on Top Layer - Bottom Layer
[annular_width]: Annular width (board setup constraints min annular width 0.1000 mm; actual 0.0750 mm)
    Rule: board setup constraints; error
    @(142.0961 mm, 115.2736 mm): Via [GND] on Top Layer - Bottom Layer
[annular_width]: Annular width (board setup constraints min annular width 0.1000 mm; actual 0.0750 mm)
    Rule: board setup constraints; error
    @(117.4826 mm, 103.7516 mm): Via [GND] on Top Layer - Bottom Layer
[annular_width]: Annular width (board setup constraints min annular width 0.1000 mm; actual 0.0750 mm)
    Rule: board setup constraints; error
    @(150.7261 mm, 113.7036 mm): Via [GND] on Top Layer - Bottom Layer
[annular_width]: Annular width (board setup constraints min annular width 0.1000 mm; actual 0.0750 mm)
    Rule: board setup constraints; error
    @(157.9762 mm, 103.8037 mm): Via [GND] on Top Layer - Bottom Layer
[annular_width]: Annular width (board setup constraints min annular width 0.1000 mm; actual 0.0750 mm)
    Rule: board setup constraints; error
    @(168.3761 mm, 99.3036 mm): Via [GND] on Top Layer - Bottom Layer
[annular_width]: Annular width (board setup constraints min annular width 0.1000 mm; actual 0.0750 mm)
    Rule: board setup constraints; error
    @(140.3761 mm, 102.5536 mm): Buried via [GND] on L2-GND - L3-SIG
[annular_width]: Annular width (board setup constraints min annular width 0.1000 mm; actual 0.0750 mm)
    Rule: board setup constraints; error
    @(157.6261 mm, 115.4836 mm): Buried via [GND] on L4-SIG - L5-VCC3V3
[annular_width]: Annular width (board setup constraints min annular width 0.1000 mm; actual 0.0750 mm)
    Rule: board setup constraints; error
    @(157.6261 mm, 115.4836 mm): Blind via [GND] on L5-VCC3V3 - Bottom Layer
[annular_width]: Annular width (board setup constraints min annular width 0.1000 mm; actual 0.0750 mm)
    Rule: board setup constraints; error
    @(142.5761 mm, 105.8536 mm): Blind via [N$LD0B] on Top Layer - L2-GND
[annular_width]: Annular width (board setup constraints min annular width 0.1000 mm; actual 0.0750 mm)
    Rule: board setup constraints; error
    @(142.8761 mm, 102.1036 mm): Blind via [N$LD0B] on Top Layer - L2-GND
[annular_width]: Annular width (board setup constraints min annular width 0.1000 mm; actual 0.0750 mm)
    Rule: board setup constraints; error
    @(136.9761 mm, 107.5536 mm): Blind via [N$LD0B] on Top Layer - L2-GND
[annular_width]: Annular width (board setup constraints min annular width 0.1000 mm; actual 0.0750 mm)
    Rule: board setup constraints; error
    @(142.5761 mm, 105.8536 mm): Buried via [N$LD0B] on L2-GND - L3-SIG
[annular_width]: Annular width (board setup constraints min annular width 0.1000 mm; actual 0.0750 mm)
    Rule: board setup constraints; error
    @(136.9761 mm, 107.5536 mm): Buried via [N$LD0B] on L2-GND - L3-SIG
[annular_width]: Annular width (board setup constraints min annular width 0.1000 mm; actual 0.0750 mm)
    Rule: board setup constraints; error
    @(142.8761 mm, 102.1036 mm): Buried via [N$LD0B] on L2-GND - L3-SIG
[annular_width]: Annular width (board setup constraints min annular width 0.1000 mm; actual 0.0600 mm)
    Rule: board setup constraints; error
    @(142.8761 mm, 102.1036 mm): Buried via [N$LD0B] on L3-SIG - L4-SIG
[annular_width]: Annular width (board setup constraints min annular width 0.1000 mm; actual 0.0750 mm)
    Rule: board setup constraints; error
    @(142.8761 mm, 102.1036 mm): Buried via [N$LD0B] on L4-SIG - L5-VCC3V3
[annular_width]: Annular width (board setup constraints min annular width 0.1000 mm; actual 0.0750 mm)
    Rule: board setup constraints; error
    @(142.8761 mm, 102.1036 mm): Blind via [N$LD0B] on L5-VCC3V3 - Bottom Layer
[annular_width]: Annular width (board setup constraints min annular width 0.1000 mm; actual 0.0750 mm)
    Rule: board setup constraints; error
    @(149.4761 mm, 110.2036 mm): Blind via [LED0_B] on Top Layer - L2-GND
[annular_width]: Annular width (board setup constraints min annular width 0.1000 mm; actual 0.0750 mm)
    Rule: board setup constraints; error
    @(135.0761 mm, 107.1536 mm): Blind via [LED0_B] on Top Layer - L2-GND
[annular_width]: Annular width (board setup constraints min annular width 0.1000 mm; actual 0.0750 mm)
    Rule: board setup constraints; error
    @(152.4761 mm, 108.4036 mm): Blind via [LED0_B] on Top Layer - L2-GND
[annular_width]: Annular width (board setup constraints min annular width 0.1000 mm; actual 0.0750 mm)
    Rule: board setup constraints; error
    @(136.0261 mm, 109.4536 mm): Blind via [LED0_B] on Top Layer - L2-GND
[annular_width]: Annular width (board setup constraints min annular width 0.1000 mm; actual 0.0750 mm)
    Rule: board setup constraints; error
    @(158.9761 mm, 108.2536 mm): Blind via [LED0_B] on Top Layer - L2-GND
[annular_width]: Annular width (board setup constraints min annular width 0.1000 mm; actual 0.0750 mm)
    Rule: board setup constraints; error
    @(135.0261 mm, 108.4536 mm): Blind via [LED0_B] on Top Layer - L2-GND
[annular_width]: Annular width (board setup constraints min annular width 0.1000 mm; actual 0.0750 mm)
    Rule: board setup constraints; error
    @(136.0261 mm, 109.4536 mm): Buried via [LED0_B] on L2-GND - L3-SIG
[annular_width]: Annular width (board setup constraints min annular width 0.1000 mm; actual 0.0750 mm)
    Rule: board setup constraints; error
    @(149.4761 mm, 110.2036 mm): Buried via [LED0_B] on L2-GND - L3-SIG
[annular_width]: Annular width (board setup constraints min annular width 0.1000 mm; actual 0.0750 mm)
    Rule: board setup constraints; error
    @(135.0761 mm, 107.1536 mm): Buried via [LED0_B] on L2-GND - L3-SIG
[annular_width]: Annular width (board setup constraints min annular width 0.1000 mm; actual 0.0750 mm)
    Rule: board setup constraints; error
    @(135.0261 mm, 108.4536 mm): Buried via [LED0_B] on L2-GND - L3-SIG
[annular_width]: Annular width (board setup constraints min annular width 0.1000 mm; actual 0.0750 mm)
    Rule: board setup constraints; error
    @(158.9761 mm, 108.2536 mm): Buried via [LED0_B] on L2-GND - L3-SIG
[annular_width]: Annular width (board setup constraints min annular width 0.1000 mm; actual 0.0750 mm)
    Rule: board setup constraints; error
    @(152.4761 mm, 108.4036 mm): Buried via [LED0_B] on L2-GND - L3-SIG
[annular_width]: Annular width (board setup constraints min annular width 0.1000 mm; actual 0.0600 mm)
    Rule: board setup constraints; error
    @(155.5761 mm, 106.6036 mm): Buried via [LED0_B] on L3-SIG - L4-SIG
[annular_width]: Annular width (board setup constraints min annular width 0.1000 mm; actual 0.0600 mm)
    Rule: board setup constraints; error
    @(147.7261 mm, 110.7536 mm): Buried via [LED0_B] on L3-SIG - L4-SIG
[annular_width]: Annular width (board setup constraints min annular width 0.1000 mm; actual 0.0600 mm)
    Rule: board setup constraints; error
    @(156.5761 mm, 104.0536 mm): Buried via [LED0_B] on L3-SIG - L4-SIG
[annular_width]: Annular width (board setup constraints min annular width 0.1000 mm; actual 0.0600 mm)
    Rule: board setup constraints; error
    @(148.7761 mm, 110.6036 mm): Buried via [LED0_B] on L3-SIG - L4-SIG
[annular_width]: Annular width (board setup constraints min annular width 0.1000 mm; actual 0.0600 mm)
    Rule: board setup constraints; error
    @(140.4261 mm, 110.1536 mm): Buried via [LED0_B] on L3-SIG - L4-SIG
[annular_width]: Annular width (board setup constraints min annular width 0.1000 mm; actual 0.0600 mm)
    Rule: board setup constraints; error
    @(136.9761 mm, 110.1536 mm): Buried via [LED0_B] on L3-SIG - L4-SIG
[annular_width]: Annular width (board setup constraints min annular width 0.1000 mm; actual 0.0600 mm)
    Rule: board setup constraints; error
    @(145.3761 mm, 110.7536 mm): Buried via [LED0_B] on L3-SIG - L4-SIG
[annular_width]: Annular width (board setup constraints min annular width 0.1000 mm; actual 0.0600 mm)
    Rule: board setup constraints; error
    @(161.5761 mm, 105.1036 mm): Buried via [LED0_B] on L3-SIG - L4-SIG
[annular_width]: Annular width (board setup constraints min annular width 0.1000 mm; actual 0.0600 mm)
    Rule: board setup constraints; error
    @(156.1761 mm, 106.0036 mm): Buried via [LED0_B] on L3-SIG - L4-SIG
[annular_width]: Annular width (board setup constraints min annular width 0.1000 mm; actual 0.0600 mm)
    Rule: board setup constraints; error
    @(142.7761 mm, 110.5536 mm): Buried via [LED0_B] on L3-SIG - L4-SIG
[annular_width]: Annular width (board setup constraints min annular width 0.1000 mm; actual 0.0750 mm)
    Rule: board setup constraints; error
    @(143.6761 mm, 103.4036 mm): Blind via [N$LD0R] on Top Layer - L2-GND
[annular_width]: Annular width (board setup constraints min annular width 0.1000 mm; actual 0.0750 mm)
    Rule: board setup constraints; error
    @(136.2761 mm, 108.0036 mm): Blind via [N$LD0R] on Top Layer - L2-GND
[annular_width]: Annular width (board setup constraints min annular width 0.1000 mm; actual 0.0750 mm)
    Rule: board setup constraints; error
    @(143.6761 mm, 102.4036 mm): Blind via [N$LD0R] on Top Layer - L2-GND
[annular_width]: Annular width (board setup constraints min annular width 0.1000 mm; actual 0.0750 mm)
    Rule: board setup constraints; error
    @(136.2761 mm, 108.0036 mm): Buried via [N$LD0R] on L2-GND - L3-SIG
[annular_width]: Annular width (board setup constraints min annular width 0.1000 mm; actual 0.0750 mm)
    Rule: board setup constraints; error
    @(143.6761 mm, 102.4036 mm): Buried via [N$LD0R] on L2-GND - L3-SIG
[annular_width]: Annular width (board setup constraints min annular width 0.1000 mm; actual 0.0750 mm)
    Rule: board setup constraints; error
    @(143.6761 mm, 103.4036 mm): Buried via [N$LD0R] on L2-GND - L3-SIG
[annular_width]: Annular width (board setup constraints min annular width 0.1000 mm; actual 0.0600 mm)
    Rule: board setup constraints; error
    @(143.6761 mm, 103.4036 mm): Buried via [N$LD0R] on L3-SIG - L4-SIG
[annular_width]: Annular width (board setup constraints min annular width 0.1000 mm; actual 0.0600 mm)
    Rule: board setup constraints; error
    @(143.6761 mm, 102.4036 mm): Buried via [N$LD0R] on L3-SIG - L4-SIG
[annular_width]: Annular width (board setup constraints min annular width 0.1000 mm; actual 0.0600 mm)
    Rule: board setup constraints; error
    @(136.2761 mm, 108.0036 mm): Buried via [N$LD0R] on L3-SIG - L4-SIG
[annular_width]: Annular width (board setup constraints min annular width 0.1000 mm; actual 0.0750 mm)
    Rule: board setup constraints; error
    @(142.7761 mm, 104.3036 mm): Buried via [N$LD0R] on L4-SIG - L5-VCC3V3
[annular_width]: Annular width (board setup constraints min annular width 0.1000 mm; actual 0.0750 mm)
    Rule: board setup constraints; error
    @(139.4761 mm, 105.3036 mm): Buried via [N$LD0R] on L4-SIG - L5-VCC3V3
[annular_width]: Annular width (board setup constraints min annular width 0.1000 mm; actual 0.0750 mm)
    Rule: board setup constraints; error
    @(145.3761 mm, 98.8036 mm): Buried via [N$LD0R] on L4-SIG - L5-VCC3V3
[annular_width]: Annular width (board setup constraints min annular width 0.1000 mm; actual 0.0750 mm)
    Rule: board setup constraints; error
    @(142.7761 mm, 104.3036 mm): Blind via [N$LD0R] on L5-VCC3V3 - Bottom Layer
[annular_width]: Annular width (board setup constraints min annular width 0.1000 mm; actual 0.0750 mm)
    Rule: board setup constraints; error
    @(145.3761 mm, 98.8036 mm): Blind via [N$LD0R] on L5-VCC3V3 - Bottom Layer
[annular_width]: Annular width (board setup constraints min annular width 0.1000 mm; actual 0.0750 mm)
    Rule: board setup constraints; error
    @(139.4761 mm, 105.3036 mm): Blind via [N$LD0R] on L5-VCC3V3 - Bottom Layer
[annular_width]: Annular width (board setup constraints min annular width 0.1000 mm; actual 0.0750 mm)
    Rule: board setup constraints; error
    @(159.4761 mm, 94.9036 mm): Blind via [LED0_R] on Top Layer - L2-GND
[annular_width]: Annular width (board setup constraints min annular width 0.1000 mm; actual 0.0750 mm)
    Rule: board setup constraints; error
    @(173.9761 mm, 107.5036 mm): Blind via [LED0_R] on Top Layer - L2-GND
[annular_width]: Annular width (board setup constraints min annular width 0.1000 mm; actual 0.0750 mm)
    Rule: board setup constraints; error
    @(154.5761 mm, 94.0036 mm): Blind via [LED0_R] on Top Layer - L2-GND
[annular_width]: Annular width (board setup constraints min annular width 0.1000 mm; actual 0.0750 mm)
    Rule: board setup constraints; error
    @(171.9761 mm, 111.4036 mm): Blind via [LED0_R] on Top Layer - L2-GND
[annular_width]: Annular width (board setup constraints min annular width 0.1000 mm; actual 0.0750 mm)
    Rule: board setup constraints; error
    @(170.1761 mm, 97.8036 mm): Blind via [LED0_R] on Top Layer - L2-GND
[annular_width]: Annular width (board setup constraints min annular width 0.1000 mm; actual 0.0750 mm)
    Rule: board setup constraints; error
    @(135.3761 mm, 107.6036 mm): Blind via [LED0_R] on Top Layer - L2-GND
[annular_width]: Annular width (board setup constraints min annular width 0.1000 mm; actual 0.0750 mm)
    Rule: board setup constraints; error
    @(155.8761 mm, 95.1036 mm): Blind via [LED0_R] on Top Layer - L2-GND
[annular_width]: Annular width (board setup constraints min annular width 0.1000 mm; actual 0.0750 mm)
    Rule: board setup constraints; error
    @(168.5761 mm, 96.1036 mm): Blind via [LED0_R] on Top Layer - L2-GND
[annular_width]: Annular width (board setup constraints min annular width 0.1000 mm; actual 0.0750 mm)
    Rule: board setup constraints; error
    @(173.9761 mm, 104.6036 mm): Blind via [LED0_R] on Top Layer - L2-GND
[annular_width]: Annular width (board setup constraints min annular width 0.1000 mm; actual 0.0750 mm)
    Rule: board setup constraints; error
    @(173.6761 mm, 108.9036 mm): Blind via [LED0_R] on Top Layer - L2-GND
[annular_width]: Annular width (board setup constraints min annular width 0.1000 mm; actual 0.0750 mm)
    Rule: board setup constraints; error
    @(151.8761 mm, 93.3036 mm): Blind via [LED0_R] on Top Layer - L2-GND
[annular_width]: Annular width (board setup constraints min annular width 0.1000 mm; actual 0.0750 mm)
    Rule: board setup constraints; error
    @(162.9761 mm, 107.7536 mm): Blind via [LED0_R] on Top Layer - L2-GND
[annular_width]: Annular width (board setup constraints min annular width 0.1000 mm; actual 0.0750 mm)
    Rule: board setup constraints; error
    @(171.2761 mm, 99.1036 mm): Blind via [LED0_R] on Top Layer - L2-GND
[clearance]: Clearance violation ( clearance 0.2000 mm; actual 0.0907 mm)
    Local override; error
    @(145.6761 mm, 104.5036 mm): Track [USB5V0] on Top Layer, length 4.3809 mm
    @(146.3761 mm, 102.8536 mm): Blind via [UART_FT_RXD] on Top Layer - L2-GND
[clearance]: Clearance violation ( clearance 0.2000 mm; actual 0.1500 mm)
    Local override; error
    @(147.1661 mm, 96.4451 mm): Track [USB_D_N] on Top Layer, length 1.0536 mm
    @(146.5961 mm, 96.4451 mm): Track [USB_D_P] on Top Layer, length 0.2700 mm
[clearance]: Clearance violation ( clearance 0.2000 mm; actual 0.1050 mm)
    Local override; error
    @(147.2461 mm, 96.4451 mm): Pad 2 [USB_D_N] of X1 on Top Layer
    @(146.5961 mm, 96.4451 mm): Track [USB_D_P] on Top Layer, length 0.2700 mm
[clearance]: Clearance violation ( clearance 0.2000 mm; actual 0.1287 mm)
    Local override; error
    @(140.0761 mm, 97.8415 mm): Track [USB_D_N] on Top Layer, length 3.9427 mm
    @(139.8760 mm, 97.4536 mm): Pad 1 [GND] of C155 on Top Layer
[clearance]: Clearance violation ( clearance 0.2000 mm; actual 0.1500 mm)
    Local override; error
    @(139.3511 mm, 103.6836 mm): Track [USB_D_P] on Top Layer, length 1.6196 mm
    @(140.8465 mm, 103.3836 mm): Track [USB_D_N] on Top Layer, length 0.3000 mm
[clearance]: Clearance violation ( clearance 0.2000 mm; actual 0.1410 mm)
    Local override; error
    @(159.9762 mm, 102.3036 mm): Track [GND] on Top Layer, length 0.7070 mm
    @(160.4761 mm, 102.3036 mm): Pad C11 [FPGA-CCLK] of U1 on Top Layer
[clearance]: Clearance violation ( clearance 0.2000 mm; actual 0.1634 mm)
    Local override; error
    @(151.5061 mm, 108.2336 mm): Track [GND] on Top Layer, length 0.1974 mm
    @(151.9761 mm, 108.1536 mm): Blind via [DONE] on Top Layer - L2-GND
[clearance]: Clearance violation ( clearance 0.2000 mm; actual 0.1453 mm)
    Local override; error
    @(126.5561 mm, 109.1036 mm): Via [GND] on Top Layer - Bottom Layer
    @(127.7261 mm, 108.6286 mm): Pad 7 [SD-DAT0] of X3 on Top Layer
[clearance]: Clearance violation ( clearance 0.2000 mm; actual 0.1972 mm)
    Local override; error
    @(154.5761 mm, 102.5036 mm): Blind via [UART_FT_TXD] on Top Layer - L2-GND
    @(154.9761 mm, 102.3036 mm): Track [GND] on Top Layer, length 0.5000 mm
[clearance]: Clearance violation ( clearance 0.2000 mm; actual 0.1004 mm)
    Local override; error
    @(139.3511 mm, 106.8536 mm): Pad 14 [FT-RESETN] of U2 on Top Layer
    @(140.2761 mm, 106.7036 mm): Track [GND] on Top Layer, length 1.0062 mm
[clearance]: Clearance violation ( clearance 0.2000 mm; actual 0.1869 mm)
    Local override; error
    @(171.2261 mm, 103.5546 mm): Via [GND] on Top Layer - Bottom Layer
    @(171.6261 mm, 103.7036 mm): Track [FLASH-D02] on Top Layer, length 0.9000 mm
[clearance]: Clearance violation ( clearance 0.2000 mm; actual 0.1499 mm)
    Local override; error
    @(157.4761 mm, 103.3036 mm): Via [VCC1V8] on Top Layer - Bottom Layer
    @(156.9762 mm, 103.3036 mm): Via [GND] on Top Layer - Bottom Layer
[clearance]: Clearance violation ( clearance 0.2000 mm; actual 0.1160 mm)
    Local override; error
    @(162.6761 mm, 111.4036 mm): Track [FPGA-TDO] on Bottom Layer, length 0.2500 mm
    @(162.6261 mm, 111.1036 mm): Track [GND] on Bottom Layer, length 0.2828 mm
[clearance]: Clearance violation ( clearance 0.2000 mm; actual 0.1556 mm)
    Local override; error
    @(148.0511 mm, 108.7036 mm): Via [GND] on Top Layer - Bottom Layer
    @(147.5511 mm, 108.7786 mm): Via [D3] on Top Layer - Bottom Layer
[clearance]: Clearance violation ( clearance 0.2000 mm; actual 0.1750 mm)
    Local override; error
    @(129.2761 mm, 114.7036 mm): Track [VBATT] on Top Layer, length 9.8000 mm
    @(136.6761 mm, 115.4536 mm): Via [GND] on Top Layer - Bottom Layer
[clearance]: Clearance violation ( clearance 0.2000 mm; actual 0.1501 mm)
    Local override; error
    @(156.9762 mm, 103.8037 mm): Via [AIN15_P] on Top Layer - Bottom Layer
    @(156.9762 mm, 103.3036 mm): Via [GND] on Top Layer - Bottom Layer
[clearance]: Clearance violation ( clearance 0.2000 mm; actual 0.1750 mm)
    Local override; error
    @(123.0761 mm, 110.3536 mm): Via [GND] on Top Layer - Bottom Layer
    @(123.4761 mm, 110.7036 mm): Track [Net-(U8-PGOOD)] on Top Layer, length 1.1000 mm
[clearance]: Clearance violation ( clearance 0.2000 mm; actual 0.1254 mm)
    Local override; error
    @(126.5561 mm, 109.1036 mm): Via [GND] on Top Layer - Bottom Layer
    @(126.5761 mm, 109.5536 mm): Blind via [SD-DAT1] on Top Layer - L2-GND
[clearance]: Clearance violation ( clearance 0.2000 mm; actual 0.1501 mm)
    Local override; error
    @(156.9762 mm, 103.8037 mm): Via [AIN15_P] on Top Layer - Bottom Layer
    @(156.9762 mm, 103.3036 mm): Via [GND] on Top Layer - Bottom Layer
[clearance]: Clearance violation ( clearance 0.2000 mm; actual 0.1254 mm)
    Local override; error
    @(126.5561 mm, 109.1036 mm): Via [GND] on Top Layer - Bottom Layer
    @(126.5761 mm, 109.5536 mm): Buried via [SD-DAT1] on L2-GND - L3-SIG
[clearance]: Clearance violation ( clearance 0.2000 mm; actual 0.1714 mm)
    Local override; error
    @(145.3255 mm, 113.7537 mm): Track [GND] on Bottom Layer, length 1.2046 mm
    @(145.9255 mm, 113.7537 mm): Pad 2 [FT-VCORE] of C154 on Bottom Layer
[clearance]: Clearance violation ( clearance 0.2000 mm; actual 0.1556 mm)
    Local override; error
    @(148.0511 mm, 108.7036 mm): Via [GND] on Top Layer - Bottom Layer
    @(147.5511 mm, 108.7786 mm): Via [D3] on Top Layer - Bottom Layer
[clearance]: Clearance violation ( clearance 0.2000 mm; actual 0.1209 mm)
    Local override; error
    @(131.5260 mm, 101.0036 mm): Track [GND] on Bottom Layer, length 0.8016 mm
    @(132.3261 mm, 101.0536 mm): Via [A4] on Top Layer - Bottom Layer
[clearance]: Clearance violation ( clearance 0.2000 mm; actual 0.1472 mm)
    Local override; error
    @(137.1761 mm, 107.9536 mm): Blind via [N$LD0G] on Top Layer - L2-GND
    @(136.9761 mm, 107.5536 mm): Buried via [N$LD0B] on L2-GND - L3-SIG
[clearance]: Clearance violation ( clearance 0.2000 mm; actual 0.1404 mm)
    Local override; error
    @(126.5561 mm, 109.1036 mm): Via [GND] on Top Layer - Bottom Layer
    @(126.5761 mm, 109.5536 mm): Buried via [SD-DAT1] on L3-SIG - L4-SIG
[clearance]: Clearance violation ( clearance 0.2000 mm; actual 0.1111 mm)
    Local override; error
    @(161.7262 mm, 101.5537 mm): Track [GND] on Top Layer, length 0.5001 mm
    @(161.9011 mm, 100.9786 mm): Track [D14] on Top Layer, length 0.3336 mm
[clearance]: Clearance violation ( clearance 0.2000 mm; actual 0.1556 mm)
    Local override; error
    @(148.0511 mm, 108.7036 mm): Via [GND] on Top Layer - Bottom Layer
    @(147.5511 mm, 108.7786 mm): Via [D3] on Top Layer - Bottom Layer
[clearance]: Clearance violation ( clearance 0.2000 mm; actual 0.1764 mm)
    Local override; error
    @(136.2161 mm, 115.5836 mm): Track [VCC3V3] on Bottom Layer, length 1.8332 mm
    @(136.6761 mm, 115.4536 mm): Via [GND] on Top Layer - Bottom Layer
[clearance]: Clearance violation ( clearance 0.2000 mm; actual 0.1482 mm)
    Local override; error
    @(135.3761 mm, 107.6036 mm): Buried via [LED0_R] on L2-GND - L3-SIG
    @(135.0261 mm, 107.7536 mm): Track [LED0_B] on L3-SIG, length 0.6021 mm
[clearance]: Clearance violation ( clearance 0.2000 mm; actual 0.1550 mm)
    Local override; error
    @(139.3511 mm, 103.3836 mm): Track [USB_D_N] on Top Layer, length 1.4954 mm
    @(140.3761 mm, 103.0036 mm): Blind via [FT-REF] on Top Layer - L2-GND
[clearance]: Clearance violation ( clearance 0.2000 mm; actual 0.1556 mm)
    Local override; error
    @(148.0511 mm, 108.7036 mm): Via [GND] on Top Layer - Bottom Layer
    @(147.5511 mm, 108.7786 mm): Via [D3] on Top Layer - Bottom Layer
[clearance]: Clearance violation ( clearance 0.2000 mm; actual 0.1370 mm)
    Local override; error
    @(156.9761 mm, 102.4536 mm): Track [LED0_B] on L4-SIG, length 5.5000 mm
    @(162.4761 mm, 102.8037 mm): Via [CHAN4] on Top Layer - Bottom Layer
[clearance]: Clearance violation ( clearance 0.2000 mm; actual 0.1870 mm)
    Local override; error
    @(156.9762 mm, 103.8037 mm): Via [AIN15_P] on Top Layer - Bottom Layer
    @(156.5761 mm, 104.0536 mm): Track [LED0_B] on L4-SIG, length 1.3000 mm
[clearance]: Clearance violation ( clearance 0.2000 mm; actual 0.1545 mm)
    Local override; error
    @(150.7761 mm, 97.6036 mm): Blind via [LED2] on Top Layer - L2-GND
    @(149.4761 mm, 99.7036 mm): Track [USB5V0] on Top Layer, length 2.1467 mm
[clearance]: Clearance violation ( clearance 0.2000 mm; actual 0.1501 mm)
    Local override; error
    @(156.9762 mm, 103.8037 mm): Via [AIN15_P] on Top Layer - Bottom Layer
    @(156.9762 mm, 103.3036 mm): Via [GND] on Top Layer - Bottom Layer
[clearance]: Clearance violation ( clearance 0.2000 mm; actual 0.0930 mm)
    Local override; error
    @(168.9761 mm, 101.5036 mm): Track [CLK-12M-SHARED] on L3-SIG, length 3.8949 mm
    @(171.2261 mm, 103.5546 mm): Via [GND] on Top Layer - Bottom Layer
[clearance]: Clearance violation ( clearance 0.2000 mm; actual 0.1556 mm)
    Local override; error
    @(148.0511 mm, 108.7036 mm): Via [GND] on Top Layer - Bottom Layer
    @(147.5511 mm, 108.7786 mm): Via [D3] on Top Layer - Bottom Layer
[clearance]: Clearance violation ( clearance 0.2000 mm; actual 0.1873 mm)
    Local override; error
    @(142.7761 mm, 110.5536 mm): Track [LED0_B] on L4-SIG, length 0.2828 mm
    @(141.3761 mm, 110.2536 mm): Track [CHAN26] on L4-SIG, length 3.8513 mm
[clearance]: Clearance violation ( clearance 0.2000 mm; actual 0.1228 mm)
    Local override; error
    @(148.7761 mm, 110.6036 mm): Track [LED0_B] on L3-SIG, length 0.5657 mm
    @(149.2261 mm, 110.6286 mm): Via [D2] on Top Layer - Bottom Layer
[clearance]: Clearance violation ( clearance 0.2000 mm; actual 0.1502 mm)
    Local override; error
    @(172.0262 mm, 99.1256 mm): Pad 12 [FPGA-TMS] of R4 on Top Layer
    @(171.2761 mm, 99.1036 mm): Blind via [LED0_R] on Top Layer - L2-GND
[clearance]: Clearance violation ( clearance 0.2000 mm; actual 0.1870 mm)
    Local override; error
    @(156.5761 mm, 104.0536 mm): Track [LED0_B] on L4-SIG, length 1.3000 mm
    @(156.9762 mm, 103.3036 mm): Via [GND] on Top Layer - Bottom Layer
[clearance]: Clearance violation ( clearance 0.2000 mm; actual 0.1556 mm)
    Local override; error
    @(148.0511 mm, 108.7036 mm): Via [GND] on Top Layer - Bottom Layer
    @(147.5511 mm, 108.7786 mm): Via [D3] on Top Layer - Bottom Layer
[clearance]: Clearance violation ( clearance 0.2000 mm; actual 0.1423 mm)
    Local override; error
    @(147.7261 mm, 110.7536 mm): Buried via [LED0_B] on L3-SIG - L4-SIG
    @(147.6261 mm, 110.3536 mm): Buried via [CHAN26] on L3-SIG - L4-SIG
[clearance]: Clearance violation ( clearance 0.2000 mm; actual 0.1819 mm)
    Local override; error
    @(154.1761 mm, 103.6536 mm): Track [AIN15_N] on Top Layer, length 0.8194 mm
    @(154.4761 mm, 104.3036 mm): Track [GND] on Top Layer, length 1.0000 mm
[clearance]: Clearance violation ( clearance 0.2000 mm; actual 0.1622 mm)
    Local override; error
    @(140.8761 mm, 109.5036 mm): Buried via [TDO] on L3-SIG - L4-SIG
    @(140.6761 mm, 109.1036 mm): Buried via [FT-RESETN] on L2-GND - L3-SIG
[clearance]: Clearance violation ( clearance 0.2000 mm; actual 0.1423 mm)
    Local override; error
    @(147.7261 mm, 110.7536 mm): Buried via [LED0_B] on L3-SIG - L4-SIG
    @(147.6261 mm, 110.3536 mm): Buried via [CHAN26] on L3-SIG - L4-SIG
[clearance]: Clearance violation ( clearance 0.2000 mm; actual 0.0950 mm)
    Local override; error
    @(136.2761 mm, 108.0036 mm): Track [N$LD0R] on Top Layer, length 0.9582 mm
    @(137.1761 mm, 107.9536 mm): Blind via [N$LD0G] on Top Layer - L2-GND
[clearance]: Clearance violation ( clearance 0.2000 mm; actual 0.1239 mm)
    Local override; error
    @(170.2761 mm, 96.6036 mm): Via [VCC3V3] on Top Layer - Bottom Layer
    @(171.1251 mm, 96.6036 mm): Pad 2 [GND] of C105 on Bottom Layer
[clearance]: Clearance violation ( clearance 0.2000 mm; actual 0.1509 mm)
    Local override; error
    @(163.1261 mm, 97.0536 mm): Track [FLASH-D02] on Top Layer, length 1.0500 mm
    @(163.2261 mm, 97.4036 mm): Via [VCC3V3] on Top Layer - Bottom Layer
[clearance]: Clearance violation ( clearance 0.2000 mm; actual 0.1369 mm)
    Local override; error
    @(156.6261 mm, 97.1036 mm): Track [BTN] on Top Layer, length 4.0500 mm
    @(160.1261 mm, 97.4536 mm): Via [VCC3V3] on Top Layer - Bottom Layer
[clearance]: Clearance violation ( clearance 0.2000 mm; actual 0.1160 mm)
    Local override; error
    @(155.4761 mm, 97.4536 mm): Blind via [BTN] on L5-VCC3V3 - Bottom Layer
    @(155.7161 mm, 97.8236 mm): Via [VCC3V3] on Top Layer - Bottom Layer
[clearance]: Clearance violation ( clearance 0.2000 mm; actual 0.1775 mm)
    Local override; error
    @(163.7261 mm, 97.4536 mm): Blind via [TMS] on L5-VCC3V3 - Bottom Layer
    @(163.2261 mm, 97.4036 mm): Via [VCC3V3] on Top Layer - Bottom Layer
[clearance]: Clearance violation ( clearance 0.2000 mm; actual 0.1750 mm)
    Local override; error
    @(157.8761 mm, 97.9036 mm): Track [VCC1V0] on Bottom Layer, length 3.1000 mm
    @(160.1261 mm, 97.4536 mm): Via [VCC3V3] on Top Layer - Bottom Layer
[clearance]: Clearance violation ( clearance 0.2000 mm; actual 0.1360 mm)
    Local override; error
    @(162.8761 mm, 97.7036 mm): Blind via [FLASH-D02] on Top Layer - L2-GND
    @(163.2261 mm, 97.4036 mm): Via [VCC3V3] on Top Layer - Bottom Layer
[clearance]: Clearance violation ( clearance 0.2000 mm; actual 0.1754 mm)
    Local override; error
    @(155.7261 mm, 110.0536 mm): Track [VCC3V3] on Bottom Layer, length 0.7906 mm
    @(155.5113 mm, 110.3143 mm): Track [AIN16_N] on Bottom Layer, length 4.7288 mm
[clearance]: Clearance violation ( clearance 0.2000 mm; actual 0.1165 mm)
    Local override; error
    @(157.9461 mm, 109.5036 mm): Track [VCC3V3] on Bottom Layer, length 2.2200 mm
    @(160.2761 mm, 109.2536 mm): Track [SD-CMD] on Bottom Layer, length 0.2828 mm
[clearance]: Clearance violation ( clearance 0.2000 mm; actual 0.1250 mm)
    Local override; error
    @(163.1761 mm, 101.7686 mm): Track [VCC1V0] on Bottom Layer, length 0.8945 mm
    @(164.6061 mm, 103.2536 mm): Track [VCC3V3] on Bottom Layer, length 1.4499 mm
[clearance]: Clearance violation ( clearance 0.2000 mm; actual 0.1213 mm)
    Local override; error
    @(145.1262 mm, 100.1736 mm): Pad 45 [D10] of U3 on Bottom Layer
    @(144.7761 mm, 99.3386 mm): Track [VCC3V3] on Bottom Layer, length 0.6850 mm
[clearance]: Clearance violation ( clearance 0.2000 mm; actual 0.1048 mm)
    Local override; error
    @(171.2761 mm, 111.3036 mm): Via [CHAN22] on Top Layer - Bottom Layer
    @(171.2761 mm, 111.8036 mm): Track [TCK] on Top Layer, length 2.2023 mm
[clearance]: Clearance violation ( clearance 0.2000 mm; actual 0.1350 mm)
    Local override; error
    @(144.8136 mm, 100.3036 mm): Track [FT-VCORE] on Top Layer, length 1.2735 mm
    @(145.3011 mm, 99.4236 mm): Track [VCC3V3] on Top Layer, length 3.0000 mm
[clearance]: Clearance violation ( clearance 0.2000 mm; actual 0.1044 mm)
    Local override; error
    @(155.8761 mm, 99.9036 mm): Buried via [UART_FT_RXD] on L3-SIG - L4-SIG
    @(154.8261 mm, 100.1536 mm): Track [PROG#] on L4-SIG, length 1.9007 mm
[clearance]: Clearance violation ( clearance 0.2000 mm; actual 0.1769 mm)
    Local override; error
    @(161.2261 mm, 98.1036 mm): Track [CHAN9] on L4-SIG, length 0.8500 mm
    @(161.4761 mm, 97.7536 mm): Buried via [TMS] on L3-SIG - L4-SIG
[clearance]: Clearance violation ( clearance 0.2000 mm; actual 0.1474 mm)
    Local override; error
    @(162.5761 mm, 102.0536 mm): Track [UART_FT_TXD] on L4-SIG, length 0.2000 mm
    @(162.9761 mm, 101.9536 mm): Track [UART_FT_RTS#] on L4-SIG, length 1.3435 mm
[clearance]: Clearance violation ( clearance 0.2000 mm; actual 0.1619 mm)
    Local override; error
    @(167.0261 mm, 101.1536 mm): Buried via [CHAN8] on L4-SIG - L5-VCC3V3
    @(166.7261 mm, 101.5036 mm): Track [UART_FT_RXD] on L4-SIG, length 0.3500 mm
[clearance]: Clearance violation ( clearance 0.2000 mm; actual 0.1119 mm)
    Local override; error
    @(170.3761 mm, 100.4036 mm): Blind via [FLASH-D02] on L5-VCC3V3 - Bottom Layer
    @(167.8761 mm, 100.1036 mm): Track [UART_FT_CTS#] on Bottom Layer, length 3.1000 mm
[clearance]: Clearance violation ( clearance 0.2000 mm; actual 0.1272 mm)
    Local override; error
    @(161.9761 mm, 95.0536 mm): Blind via [CHAN5] on Top Layer - L2-GND
    @(162.3761 mm, 94.9036 mm): Buried via [FT-PWREN#] on L2-GND - L3-SIG
[clearance]: Clearance violation ( clearance 0.2000 mm; actual 0.1750 mm)
    Local override; error
    @(126.5561 mm, 109.1036 mm): Via [GND] on Top Layer - Bottom Layer
    @(113.8261 mm, 117.4536 mm): Zone [VCC3V3] on L5-VCC3V3, priority 0
[clearance]: Clearance violation ( clearance 0.2000 mm; actual 0.0900 mm)
    Local override; error
    @(162.3261 mm, 115.2536 mm): Buried via [TDO] on L2-GND - L3-SIG
    @(113.8261 mm, 117.4536 mm): Zone [GND] on L2-GND, priority 1
[clearance]: Clearance violation ( clearance 0.2000 mm; actual 0.1655 mm)
    Local override; error
    @(160.2262 mm, 110.0536 mm): Track [VCC3V3] on Top Layer, length 0.3534 mm
    @(160.7261 mm, 109.5536 mm): Blind via [CHAN26] on Top Layer - L2-GND
[clearance]: Clearance violation ( clearance 0.2000 mm; actual 0.1750 mm)
    Local override; error
    @(123.0761 mm, 110.3536 mm): Via [GND] on Top Layer - Bottom Layer
    @(113.8261 mm, 117.4536 mm): Zone [VCC3V3] on L5-VCC3V3, priority 0
[clearance]: Clearance violation ( clearance 0.2000 mm; actual 0.1499 mm)
    Local override; error
    @(157.4761 mm, 103.3036 mm): Via [VCC1V8] on Top Layer - Bottom Layer
    @(156.9762 mm, 103.3036 mm): Via [GND] on Top Layer - Bottom Layer
[clearance]: Clearance violation ( clearance 0.2000 mm; actual 0.0900 mm)
    Local override; error
    @(136.9761 mm, 107.5536 mm): Buried via [N$LD0B] on L2-GND - L3-SIG
    @(113.8261 mm, 117.4536 mm): Zone [GND] on L2-GND, priority 1
[clearance]: Clearance violation ( clearance 0.2000 mm; actual 0.1750 mm)
    Local override; error
    @(136.6761 mm, 115.4536 mm): Via [GND] on Top Layer - Bottom Layer
    @(113.8261 mm, 117.4536 mm): Zone [VCC3V3] on L5-VCC3V3, priority 0
[clearance]: Clearance violation ( clearance 0.2000 mm; actual 0.1738 mm)
    Local override; error
    @(169.1261 mm, 99.9036 mm): Track [CHAN-CLK] on L3-SIG, length 1.6500 mm
    @(168.8761 mm, 99.8036 mm): Track [FT-PWREN#] on L3-SIG, length 0.4500 mm
[clearance]: Clearance violation ( clearance 0.2000 mm; actual 0.1892 mm)
    Local override; error
    @(141.7761 mm, 105.7036 mm): Buried via [CHAN19] on L2-GND - L3-SIG
    @(141.2761 mm, 105.6036 mm): Track [N$LD1A] on L3-SIG, length 0.5831 mm
[clearance]: Clearance violation ( clearance 0.2000 mm; actual 0.1750 mm)
    Local override; error
    @(157.9762 mm, 107.3036 mm): Via [GND] on Top Layer - Bottom Layer
    @(113.8261 mm, 117.4536 mm): Zone [VCC3V3] on L5-VCC3V3, priority 0
[clearance]: Clearance violation ( clearance 0.2000 mm; actual 0.1478 mm)
    Local override; error
    @(155.2810 mm, 110.2296 mm): Track [AIN16_P] on Bottom Layer, length 0.0513 mm
    @(155.5113 mm, 110.3143 mm): Track [AIN16_N] on Bottom Layer, length 4.7288 mm
[clearance]: Clearance violation ( clearance 0.2000 mm; actual 0.1750 mm)
    Local override; error
    @(116.2011 mm, 101.5786 mm): Via [VCC3V3] on Top Layer - Bottom Layer
    @(113.8261 mm, 117.4536 mm): Zone [GND] on L2-GND, priority 1
[clearance]: Clearance violation ( clearance 0.2000 mm; actual 0.1750 mm)
    Local override; error
    @(170.2761 mm, 96.6036 mm): Via [VCC3V3] on Top Layer - Bottom Layer
    @(113.8261 mm, 117.4536 mm): Zone [GND] on L2-GND, priority 1
[clearance]: Clearance violation ( clearance 0.2000 mm; actual 0.1119 mm)
    Local override; error
    @(148.9261 mm, 98.0536 mm): Track [CHAN11] on Bottom Layer, length 0.8500 mm
    @(149.3761 mm, 98.6536 mm): Pad 1 [LED1] of R83 on Bottom Layer
[clearance]: Clearance violation ( clearance 0.2000 mm; actual 0.1750 mm)
    Local override; error
    @(163.2261 mm, 97.4036 mm): Via [VCC3V3] on Top Layer - Bottom Layer
    @(113.8261 mm, 117.4536 mm): Zone [GND] on L2-GND, priority 1
[clearance]: Clearance violation ( clearance 0.2000 mm; actual 0.0947 mm)
    Local override; error
    @(169.9261 mm, 106.2536 mm): Track [FPGA-DONE] on Bottom Layer, length 2.9698 mm
    @(170.9261 mm, 104.8536 mm): Blind via [CLK-12M-FPGA] on L5-VCC3V3 - Bottom Layer
[clearance]: Clearance violation ( clearance 0.2000 mm; actual 0.1538 mm)
    Local override; error
    @(153.2216 mm, 106.3436 mm): Track [D8] on Top Layer, length 1.2545 mm
    @(153.3881 mm, 106.1136 mm): Track [UDQM] on Top Layer, length 2.4600 mm
[clearance]: Clearance violation ( clearance 0.2000 mm; actual 0.1301 mm)
    Local override; error
    @(165.8761 mm, 98.6036 mm): Blind via [LED2] on L5-VCC3V3 - Bottom Layer
    @(165.4261 mm, 98.6036 mm): Track [CHAN11] on Bottom Layer, length 0.4243 mm
[clearance]: Clearance violation ( clearance 0.2000 mm; actual 0.1051 mm)
    Local override; error
    @(170.2761 mm, 96.6036 mm): Via [VCC3V3] on Top Layer - Bottom Layer
    @(169.5511 mm, 96.3286 mm): Track [UART_FT_DTR#] on L4-SIG, length 2.2627 mm
[clearance]: Clearance violation ( clearance 0.2000 mm; actual 0.0903 mm)
    Local override; error
    @(152.8886 mm, 106.8036 mm): Track [SDRAM-CLK] on Top Layer, length 1.8000 mm
    @(152.0761 mm, 105.7536 mm): Track [A9] on Top Layer, length 0.6460 mm
[clearance]: Clearance violation ( clearance 0.2000 mm; actual 0.1360 mm)
    Local override; error
    @(162.8761 mm, 97.7036 mm): Buried via [FLASH-D02] on L2-GND - L3-SIG
    @(163.2261 mm, 97.4036 mm): Via [VCC3V3] on Top Layer - Bottom Layer
[clearance]: Clearance violation ( clearance 0.2000 mm; actual 0.1750 mm)
    Local override; error
    @(149.7511 mm, 106.9786 mm): Track [A4] on L4-SIG, length 0.8062 mm
    @(136.4261 mm, 104.0536 mm): Track [A6] on L4-SIG, length 13.5811 mm
[clearance]: Clearance violation ( clearance 0.2000 mm; actual 0.1369 mm)
    Local override; error
    @(163.2261 mm, 97.4036 mm): Via [VCC3V3] on Top Layer - Bottom Layer
    @(160.9261 mm, 97.0536 mm): Track [BTN] on L4-SIG, length 2.9500 mm
[clearance]: Clearance violation ( clearance 0.2000 mm; actual 0.1775 mm)
    Local override; error
    @(163.7261 mm, 97.4536 mm): Blind via [TMS] on L5-VCC3V3 - Bottom Layer
    @(163.2261 mm, 97.4036 mm): Via [VCC3V3] on Top Layer - Bottom Layer
[clearance]: Clearance violation ( clearance 0.2000 mm; actual 0.1501 mm)
    Local override; error
    @(156.9762 mm, 108.3036 mm): Via [A1] on Top Layer - Bottom Layer
    @(156.9762 mm, 108.8037 mm): Via [D7] on Top Layer - Bottom Layer
[clearance]: Clearance violation ( clearance 0.2000 mm; actual 0.1081 mm)
    Local override; error
    @(136.7011 mm, 104.5286 mm): Track [A5] on L3-SIG, length 15.5891 mm
    @(141.7761 mm, 105.7036 mm): Buried via [CHAN19] on L2-GND - L3-SIG
[clearance]: Clearance violation ( clearance 0.2000 mm; actual 0.1370 mm)
    Local override; error
    @(156.9762 mm, 108.3036 mm): Via [A1] on Top Layer - Bottom Layer
    @(156.6261 mm, 108.9036 mm): Track [SD-CLK] on Bottom Layer, length 2.4500 mm
[clearance]: Clearance violation ( clearance 0.2000 mm; actual 0.1201 mm)
    Local override; error
    @(149.4261 mm, 107.7036 mm): Track [A1] on L3-SIG, length 0.1581 mm
    @(149.4761 mm, 107.9786 mm): Track [A0] on L3-SIG, length 2.5809 mm
[clearance]: Clearance violation ( clearance 0.2000 mm; actual 0.0994 mm)
    Local override; error
    @(164.4761 mm, 107.3036 mm): Pad N19 [BTN] of U1 on Top Layer
    @(164.2263 mm, 107.5536 mm): Track [CHAN-CLK] on Top Layer, length 1.0998 mm
[clearance]: Clearance violation ( clearance 0.2000 mm; actual 0.1501 mm)
    Local override; error
    @(156.9762 mm, 108.3036 mm): Via [A1] on Top Layer - Bottom Layer
    @(156.9762 mm, 108.8037 mm): Via [D7] on Top Layer - Bottom Layer
[clearance]: Clearance violation ( clearance 0.2000 mm; actual 0.1750 mm)
    Local override; error
    @(155.7161 mm, 97.8236 mm): Via [VCC3V3] on Top Layer - Bottom Layer
    @(113.8261 mm, 117.4536 mm): Zone [GND] on L2-GND, priority 1
[clearance]: Clearance violation ( clearance 0.2000 mm; actual 0.1031 mm)
    Local override; error
    @(162.7261 mm, 112.1786 mm): Track [CHAN27] on L3-SIG, length 0.9192 mm
    @(162.6761 mm, 112.0036 mm): Track [CHAN22] on L3-SIG, length 2.8160 mm
[clearance]: Clearance violation ( clearance 0.2000 mm; actual 0.0921 mm)
    Local override; error
    @(163.7761 mm, 111.3036 mm): Track [CHAN21] on L3-SIG, length 1.4142 mm
    @(164.6011 mm, 110.8536 mm): Buried via [CHAN27] on L3-SIG - L4-SIG
[clearance]: Clearance violation ( clearance 0.2000 mm; actual 0.1310 mm)
    Local override; error
    @(155.4761 mm, 97.4536 mm): Buried via [BTN] on L3-SIG - L4-SIG
    @(155.7161 mm, 97.8236 mm): Via [VCC3V3] on Top Layer - Bottom Layer
[clearance]: Clearance violation ( clearance 0.2000 mm; actual 0.0921 mm)
    Local override; error
    @(163.0761 mm, 109.7036 mm): Track [FPGA-INIT#] on L4-SIG, length 2.8284 mm
    @(164.6011 mm, 110.8536 mm): Buried via [CHAN27] on L3-SIG - L4-SIG
[clearance]: Clearance violation ( clearance 0.2000 mm; actual 0.1669 mm)
    Local override; error
    @(155.7161 mm, 97.8236 mm): Via [VCC3V3] on Top Layer - Bottom Layer
    @(154.7261 mm, 98.2036 mm): Track [SD-DAT3] on L4-SIG, length 1.5500 mm
[clearance]: Clearance violation ( clearance 0.2000 mm; actual 0.1750 mm)
    Local override; error
    @(145.6761 mm, 104.5036 mm): Via [USB5V0] on Top Layer - Bottom Layer
    @(113.8261 mm, 117.4536 mm): Zone [GND] on L2-GND, priority 1
[clearance]: Clearance violation ( clearance 0.2000 mm; actual 0.1038 mm)
    Local override; error
    @(154.9761 mm, 109.3736 mm): Track [BS1] on Top Layer, length 0.3000 mm
    @(154.9261 mm, 109.5536 mm): Track [A0] on Top Layer, length 0.3375 mm
[clearance]: Clearance violation ( clearance 0.2000 mm; actual 0.1160 mm)
    Local override; error
    @(155.4761 mm, 97.4536 mm): Buried via [BTN] on L4-SIG - L5-VCC3V3
    @(155.7161 mm, 97.8236 mm): Via [VCC3V3] on Top Layer - Bottom Layer
[clearance]: Clearance violation ( clearance 0.2000 mm; actual 0.0900 mm)
    Local override; error
    @(139.6761 mm, 99.5036 mm): Blind via [CLK-12M-FT] on Top Layer - L2-GND
    @(113.8261 mm, 117.4536 mm): Zone [GND] on L2-GND, priority 1
[clearance]: Clearance violation ( clearance 0.2000 mm; actual 0.1369 mm)
    Local override; error
    @(145.6761 mm, 104.5036 mm): Via [USB5V0] on Top Layer - Bottom Layer
    @(145.2011 mm, 104.1536 mm): Track [UART_FT_DTR#] on L3-SIG, length 1.0750 mm
[clearance]: Clearance violation ( clearance 0.2000 mm; actual 0.0975 mm)
    Local override; error
    @(145.6761 mm, 104.5036 mm): Via [USB5V0] on Top Layer - Bottom Layer
    @(145.0761 mm, 104.7036 mm): Track [SD-CLK] on L4-SIG, length 3.4125 mm
[clearance]: Clearance violation ( clearance 0.2000 mm; actual 0.1750 mm)
    Local override; error
    @(125.8761 mm, 105.4286 mm): Via [VCC3V3] on Top Layer - Bottom Layer
    @(113.8261 mm, 117.4536 mm): Zone [GND] on L2-GND, priority 1
[clearance]: Clearance violation ( clearance 0.2000 mm; actual 0.0900 mm)
    Local override; error
    @(152.9761 mm, 102.4036 mm): Buried via [UART_FT_CTS#] on L2-GND - L3-SIG
    @(113.8261 mm, 117.4536 mm): Zone [GND] on L2-GND, priority 1
[clearance]: Clearance violation ( clearance 0.2000 mm; actual 0.1369 mm)
    Local override; error
    @(125.5261 mm, 105.5536 mm): Track [SD-DAT0] on L3-SIG, length 2.9500 mm
    @(125.8761 mm, 105.4286 mm): Via [VCC3V3] on Top Layer - Bottom Layer
[clearance]: Clearance violation ( clearance 0.2000 mm; actual 0.1022 mm)
    Local override; error
    @(160.1261 mm, 111.5536 mm): Via [FPGA-TDI] on Top Layer - Bottom Layer
    @(159.9761 mm, 111.1536 mm): Blind via [SD-CMD] on L5-VCC3V3 - Bottom Layer
[clearance]: Clearance violation ( clearance 0.2000 mm; actual 0.1750 mm)
    Local override; error
    @(148.0511 mm, 108.7036 mm): Via [GND] on Top Layer - Bottom Layer
    @(113.8261 mm, 117.4536 mm): Zone [VCC3V3] on L5-VCC3V3, priority 0
[clearance]: Clearance violation ( clearance 0.2000 mm; actual 0.1022 mm)
    Local override; error
    @(160.1261 mm, 111.5536 mm): Via [FPGA-TDI] on Top Layer - Bottom Layer
    @(159.9761 mm, 111.1536 mm): Blind via [SD-CMD] on L5-VCC3V3 - Bottom Layer
[clearance]: Clearance violation ( clearance 0.2000 mm; actual 0.1501 mm)
    Local override; error
    @(160.9762 mm, 108.8037 mm): Via [FPGA-DONE] on Top Layer - Bottom Layer
    @(160.4761 mm, 108.8037 mm): Via [FPGA-INIT#] on Top Layer - Bottom Layer
[clearance]: Clearance violation ( clearance 0.2000 mm; actual 0.1750 mm)
    Local override; error
    @(171.2261 mm, 103.5546 mm): Via [GND] on Top Layer - Bottom Layer
    @(113.8261 mm, 117.4536 mm): Zone [VCC3V3] on L5-VCC3V3, priority 0
[clearance]: Clearance violation ( clearance 0.2000 mm; actual 0.1501 mm)
    Local override; error
    @(160.9762 mm, 108.8037 mm): Via [FPGA-DONE] on Top Layer - Bottom Layer
    @(160.4761 mm, 108.8037 mm): Via [FPGA-INIT#] on Top Layer - Bottom Layer
[clearance]: Clearance violation ( clearance 0.2000 mm; actual 0.1501 mm)
    Local override; error
    @(160.9762 mm, 108.8037 mm): Via [FPGA-DONE] on Top Layer - Bottom Layer
    @(160.4761 mm, 108.8037 mm): Via [FPGA-INIT#] on Top Layer - Bottom Layer
[clearance]: Clearance violation ( clearance 0.2000 mm; actual 0.1278 mm)
    Local override; error
    @(134.7261 mm, 110.6536 mm): Via [A0] on Top Layer - Bottom Layer
    @(134.6761 mm, 111.1036 mm): Buried via [CHAN21] on L2-GND - L3-SIG
[clearance]: Clearance violation ( clearance 0.2000 mm; actual 0.0900 mm)
    Local override; error
    @(163.5761 mm, 99.4536 mm): Buried via [FLASH-D01] on L2-GND - L3-SIG
    @(113.8261 mm, 117.4536 mm): Zone [GND] on L2-GND, priority 1
[clearance]: Clearance violation ( clearance 0.2000 mm; actual 0.1750 mm)
    Local override; error
    @(160.1261 mm, 97.4536 mm): Via [VCC3V3] on Top Layer - Bottom Layer
    @(113.8261 mm, 117.4536 mm): Zone [GND] on L2-GND, priority 1
[clearance]: Clearance violation ( clearance 0.2000 mm; actual 0.0900 mm)
    Local override; error
    @(170.9261 mm, 104.8536 mm): Blind via [CLK-12M-FPGA] on L5-VCC3V3 - Bottom Layer
    @(113.8261 mm, 117.4536 mm): Zone [VCC3V3] on L5-VCC3V3, priority 0
[clearance]: Clearance violation ( clearance 0.2000 mm; actual 0.0900 mm)
    Local override; error
    @(142.1761 mm, 96.8536 mm): Buried via [EE-CLK] on L2-GND - L3-SIG
    @(113.8261 mm, 117.4536 mm): Zone [GND] on L2-GND, priority 1
[clearance]: Clearance violation ( clearance 0.2000 mm; actual 0.0900 mm)
    Local override; error
    @(155.9761 mm, 100.4536 mm): Buried via [UART_FT_RTS#] on L2-GND - L3-SIG
    @(113.8261 mm, 117.4536 mm): Zone [GND] on L2-GND, priority 1
[hole_clearance]: Hole clearance violation (board setup constraints hole clearance 0.2500 mm; actual 0.1650 mm)
    Rule: board setup constraints hole; error
    @(162.3261 mm, 115.2536 mm): Buried via [TDO] on L2-GND - L3-SIG
    @(113.8261 mm, 117.4536 mm): Zone [GND] on L2-GND, priority 1
[clearance]: Clearance violation ( clearance 0.2000 mm; actual 0.0900 mm)
    Local override; error
    @(163.7261 mm, 106.0536 mm): Buried via [CHAN11] on L2-GND - L3-SIG
    @(113.8261 mm, 117.4536 mm): Zone [GND] on L2-GND, priority 1
[hole_clearance]: Hole clearance violation (board setup constraints hole clearance 0.2500 mm; actual 0.1650 mm)
    Rule: board setup constraints hole; error
    @(136.9761 mm, 107.5536 mm): Buried via [N$LD0B] on L2-GND - L3-SIG
    @(113.8261 mm, 117.4536 mm): Zone [GND] on L2-GND, priority 1
[clearance]: Clearance violation ( clearance 0.2000 mm; actual 0.1472 mm)
    Local override; error
    @(137.1761 mm, 107.9536 mm): Buried via [N$LD0G] on L2-GND - L3-SIG
    @(136.9761 mm, 107.5536 mm): Buried via [N$LD0B] on L2-GND - L3-SIG
[clearance]: Clearance violation ( clearance 0.2000 mm; actual 0.1119 mm)
    Local override; error
    @(161.5261 mm, 114.9536 mm): Track [FPGA-TDI] on L3-SIG, length 1.5000 mm
    @(162.3261 mm, 115.2536 mm): Buried via [TDO] on L2-GND - L3-SIG
[clearance]: Clearance violation ( clearance 0.2000 mm; actual 0.0900 mm)
    Local override; error
    @(171.8261 mm, 108.5036 mm): Buried via [JA7] on L2-GND - L3-SIG
    @(113.8261 mm, 117.4536 mm): Zone [GND] on L2-GND, priority 1
[clearance]: Clearance violation ( clearance 0.2000 mm; actual 0.1097 mm)
    Local override; error
    @(166.6761 mm, 109.3036 mm): Buried via [CHAN21] on L3-SIG - L4-SIG
    @(165.6511 mm, 109.9286 mm): Track [JA10] on L4-SIG, length 3.5709 mm
[clearance]: Clearance violation ( clearance 0.2000 mm; actual 0.0987 mm)
    Local override; error
    @(158.7262 mm, 110.5161 mm): Track [D0] on Top Layer, length 0.4623 mm
    @(158.9011 mm, 110.3787 mm): Track [FPGA-TDO] on Top Layer, length 0.1062 mm
[clearance]: Clearance violation ( clearance 0.2000 mm; actual 0.1750 mm)
    Local override; error
    @(156.9762 mm, 108.3036 mm): Via [A1] on Top Layer - Bottom Layer
    @(113.8261 mm, 117.4536 mm): Zone [GND] on L2-GND, priority 1
[clearance]: Clearance violation ( clearance 0.2000 mm; actual 0.1120 mm)
    Local override; error
    @(164.4262 mm, 114.6536 mm): Pad 1 [VCC1V8] of L7 on Bottom Layer
    @(163.8261 mm, 115.3036 mm): Track [FPGA-TDI] on Bottom Layer, length 1.1500 mm
[clearance]: Clearance violation ( clearance 0.2000 mm; actual 0.1699 mm)
    Local override; error
    @(165.6461 mm, 93.5736 mm): PTH pad 4 [CHAN1] of X2
    @(155.1761 mm, 92.6036 mm): Track [CHAN19] on Bottom Layer, length 10.8000 mm
[clearance]: Clearance violation ( clearance 0.2000 mm; actual 0.0900 mm)
    Local override; error
    @(171.2761 mm, 99.1036 mm): Blind via [LED0_R] on Top Layer - L2-GND
    @(113.8261 mm, 117.4536 mm): Zone [GND] on L2-GND, priority 1
[clearance]: Clearance violation ( clearance 0.2000 mm; actual 0.0900 mm)
    Local override; error
    @(162.3761 mm, 94.9036 mm): Buried via [FT-PWREN#] on L2-GND - L3-SIG
    @(113.8261 mm, 117.4536 mm): Zone [GND] on L2-GND, priority 1
[clearance]: Clearance violation ( clearance 0.2000 mm; actual 0.1501 mm)
    Local override; error
    @(156.9762 mm, 108.3036 mm): Via [A1] on Top Layer - Bottom Layer
    @(156.9762 mm, 108.8037 mm): Via [D7] on Top Layer - Bottom Layer
[clearance]: Clearance violation ( clearance 0.2000 mm; actual 0.1501 mm)
    Local override; error
    @(156.9762 mm, 108.3036 mm): Via [A1] on Top Layer - Bottom Layer
    @(156.9762 mm, 108.8037 mm): Via [D7] on Top Layer - Bottom Layer
[clearance]: Clearance violation ( clearance 0.2000 mm; actual 0.0900 mm)
    Local override; error
    @(153.8261 mm, 111.2036 mm): Buried via [SD-CMD] on L2-GND - L3-SIG
    @(113.8261 mm, 117.4536 mm): Zone [GND] on L2-GND, priority 1
[clearance]: Clearance violation ( clearance 0.2000 mm; actual 0.1501 mm)
    Local override; error
    @(156.9762 mm, 108.3036 mm): Via [A1] on Top Layer - Bottom Layer
    @(156.9762 mm, 108.8037 mm): Via [D7] on Top Layer - Bottom Layer
[clearance]: Clearance violation ( clearance 0.2000 mm; actual 0.0900 mm)
    Local override; error
    @(164.9761 mm, 106.9536 mm): Buried via [LED1] on L2-GND - L3-SIG
    @(113.8261 mm, 117.4536 mm): Zone [GND] on L2-GND, priority 1
[clearance]: Clearance violation ( clearance 0.2000 mm; actual 0.1170 mm)
    Local override; error
    @(158.0261 mm, 116.4336 mm): PTH pad 27 [CHAN17] of X2
    @(158.8761 mm, 115.8536 mm): Blind via [NODE_P0] on L5-VCC3V3 - Bottom Layer
[clearance]: Clearance violation ( clearance 0.2000 mm; actual 0.1170 mm)
    Local override; error
    @(158.0261 mm, 116.4336 mm): PTH pad 27 [CHAN17] of X2
    @(158.8761 mm, 115.8536 mm): Blind via [NODE_P0] on L5-VCC3V3 - Bottom Layer
[clearance]: Clearance violation ( clearance 0.2000 mm; actual 0.0900 mm)
    Local override; error
    @(150.7761 mm, 113.2036 mm): Buried via [SD-CMD] on L2-GND - L3-SIG
    @(113.8261 mm, 117.4536 mm): Zone [GND] on L2-GND, priority 1
[clearance]: Clearance violation ( clearance 0.2000 mm; actual 0.1750 mm)
    Local override; error
    @(160.4761 mm, 108.8037 mm): Via [FPGA-INIT#] on Top Layer - Bottom Layer
    @(113.8261 mm, 117.4536 mm): Zone [GND] on L2-GND, priority 1
[clearance]: Clearance violation ( clearance 0.2000 mm; actual 0.1501 mm)
    Local override; error
    @(160.9762 mm, 108.8037 mm): Via [FPGA-DONE] on Top Layer - Bottom Layer
    @(160.4761 mm, 108.8037 mm): Via [FPGA-INIT#] on Top Layer - Bottom Layer
[clearance]: Clearance violation ( clearance 0.2000 mm; actual 0.1501 mm)
    Local override; error
    @(160.9762 mm, 108.8037 mm): Via [FPGA-DONE] on Top Layer - Bottom Layer
    @(160.4761 mm, 108.8037 mm): Via [FPGA-INIT#] on Top Layer - Bottom Layer
[clearance]: Clearance violation ( clearance 0.2000 mm; actual 0.1501 mm)
    Local override; error
    @(160.9762 mm, 108.8037 mm): Via [FPGA-DONE] on Top Layer - Bottom Layer
    @(160.4761 mm, 108.8037 mm): Via [FPGA-INIT#] on Top Layer - Bottom Layer
[clearance]: Clearance violation ( clearance 0.2000 mm; actual 0.1750 mm)
    Local override; error
    @(145.6761 mm, 104.5036 mm): Via [USB5V0] on Top Layer - Bottom Layer
    @(113.8261 mm, 117.4536 mm): Zone [VCC3V3] on L5-VCC3V3, priority 0
[hole_clearance]: Hole clearance violation (board setup constraints hole clearance 0.2500 mm; actual 0.1650 mm)
    Rule: board setup constraints hole; error
    @(152.9761 mm, 102.4036 mm): Buried via [UART_FT_CTS#] on L2-GND - L3-SIG
    @(113.8261 mm, 117.4536 mm): Zone [GND] on L2-GND, priority 1
[clearance]: Clearance violation ( clearance 0.2000 mm; actual 0.1500 mm)
    Local override; error
    @(154.5761 mm, 114.2036 mm): Blind via [NODE_P0] on L5-VCC3V3 - Bottom Layer
    @(153.9261 mm, 114.6536 mm): Pad 1 [AIN15_N] of C36 on Bottom Layer
[clearance]: Clearance violation ( clearance 0.2000 mm; actual 0.1301 mm)
    Local override; error
    @(151.2761 mm, 101.1536 mm): Track [SD-DAT2] on L3-SIG, length 2.6870 mm
    @(152.9761 mm, 102.4036 mm): Buried via [UART_FT_CTS#] on L2-GND - L3-SIG
[clearance]: Clearance violation ( clearance 0.2000 mm; actual 0.0900 mm)
    Local override; error
    @(159.9761 mm, 111.1536 mm): Blind via [SD-CMD] on L5-VCC3V3 - Bottom Layer
    @(113.8261 mm, 117.4536 mm): Zone [VCC3V3] on L5-VCC3V3, priority 0
[clearance]: Clearance violation ( clearance 0.2000 mm; actual 0.1100 mm)
    Local override; error
    @(160.2761 mm, 115.4536 mm): Blind via [NODE_P0] on L5-VCC3V3 - Bottom Layer
    @(160.5661 mm, 116.4336 mm): PTH pad 26 [CHAN16] of X2
[clearance]: Clearance violation ( clearance 0.2000 mm; actual 0.1100 mm)
    Local override; error
    @(160.2761 mm, 115.4536 mm): Blind via [NODE_P0] on L5-VCC3V3 - Bottom Layer
    @(160.5661 mm, 116.4336 mm): PTH pad 26 [CHAN16] of X2
[hole_clearance]: Hole clearance violation (board setup constraints hole clearance 0.2500 mm; actual 0.1650 mm)
    Rule: board setup constraints hole; error
    @(139.6761 mm, 99.5036 mm): Blind via [CLK-12M-FT] on Top Layer - L2-GND
    @(113.8261 mm, 117.4536 mm): Zone [GND] on L2-GND, priority 1
[clearance]: Clearance violation ( clearance 0.2000 mm; actual 0.0900 mm)
    Local override; error
    @(134.6761 mm, 111.1036 mm): Buried via [CHAN21] on L2-GND - L3-SIG
    @(113.8261 mm, 117.4536 mm): Zone [GND] on L2-GND, priority 1
[hole_clearance]: Hole clearance violation (board setup constraints hole clearance 0.2500 mm; actual 0.1650 mm)
    Rule: board setup constraints hole; error
    @(163.5761 mm, 99.4536 mm): Buried via [FLASH-D01] on L2-GND - L3-SIG
    @(113.8261 mm, 117.4536 mm): Zone [GND] on L2-GND, priority 1
[clearance]: Clearance violation ( clearance 0.2000 mm; actual 0.1119 mm)
    Local override; error
    @(163.5761 mm, 99.4536 mm): Buried via [FLASH-D01] on L2-GND - L3-SIG
    @(163.8761 mm, 99.7536 mm): Track [CHAN1] on L3-SIG, length 0.6000 mm
[clearance]: Clearance violation ( clearance 0.2000 mm; actual 0.1170 mm)
    Local override; error
    @(158.0261 mm, 116.4336 mm): PTH pad 27 [CHAN17] of X2
    @(158.8761 mm, 115.8536 mm): Buried via [NODE_P0] on L4-SIG - L5-VCC3V3
[clearance]: Clearance violation ( clearance 0.2000 mm; actual 0.1170 mm)
    Local override; error
    @(158.0261 mm, 116.4336 mm): PTH pad 27 [CHAN17] of X2
    @(158.8761 mm, 115.8536 mm): Buried via [NODE_P0] on L4-SIG - L5-VCC3V3
[clearance]: Clearance violation ( clearance 0.2000 mm; actual 0.1750 mm)
    Local override; error
    @(156.9762 mm, 103.3036 mm): Via [GND] on Top Layer - Bottom Layer
    @(113.8261 mm, 117.4536 mm): Zone [VCC3V3] on L5-VCC3V3, priority 0
[clearance]: Clearance violation ( clearance 0.2000 mm; actual 0.0900 mm)
    Local override; error
    @(162.5761 mm, 98.9036 mm): Buried via [CLK-12M-SHARED] on L4-SIG - L5-VCC3V3
    @(113.8261 mm, 117.4536 mm): Zone [VCC3V3] on L5-VCC3V3, priority 0
[clearance]: Clearance violation ( clearance 0.2000 mm; actual 0.0900 mm)
    Local override; error
    @(160.7761 mm, 97.2036 mm): Buried via [BTN] on L2-GND - L3-SIG
    @(113.8261 mm, 117.4536 mm): Zone [GND] on L2-GND, priority 1
[clearance]: Clearance violation ( clearance 0.2000 mm; actual 0.1750 mm)
    Local override; error
    @(156.9762 mm, 108.3036 mm): Via [A1] on Top Layer - Bottom Layer
    @(113.8261 mm, 117.4536 mm): Zone [VCC3V3] on L5-VCC3V3, priority 0
[clearance]: Clearance violation ( clearance 0.2000 mm; actual 0.0900 mm)
    Local override; error
    @(158.8761 mm, 115.8536 mm): Blind via [NODE_P0] on L5-VCC3V3 - Bottom Layer
    @(113.8261 mm, 117.4536 mm): Zone [VCC3V3] on L5-VCC3V3, priority 0
[clearance]: Clearance violation ( clearance 0.2000 mm; actual 0.1100 mm)
    Local override; error
    @(160.2761 mm, 115.4536 mm): Buried via [NODE_P0] on L4-SIG - L5-VCC3V3
    @(160.5661 mm, 116.4336 mm): PTH pad 26 [CHAN16] of X2
[clearance]: Clearance violation ( clearance 0.2000 mm; actual 0.1013 mm)
    Local override; error
    @(160.5661 mm, 116.4336 mm): PTH pad 26 [CHAN16] of X2
    @(158.8761 mm, 115.8536 mm): Track [NODE_P0] on L4-SIG, length 1.0000 mm
[hole_clearance]: Hole clearance violation (board setup constraints hole clearance 0.2500 mm; actual 0.1650 mm)
    Rule: board setup constraints hole; error
    @(142.1761 mm, 96.8536 mm): Buried via [EE-CLK] on L2-GND - L3-SIG
    @(113.8261 mm, 117.4536 mm): Zone [GND] on L2-GND, priority 1
[clearance]: Clearance violation ( clearance 0.2000 mm; actual 0.1100 mm)
    Local override; error
    @(160.2761 mm, 115.4536 mm): Buried via [NODE_P0] on L4-SIG - L5-VCC3V3
    @(160.5661 mm, 116.4336 mm): PTH pad 26 [CHAN16] of X2
[clearance]: Clearance violation ( clearance 0.2000 mm; actual 0.0979 mm)
    Local override; error
    @(160.5661 mm, 116.4336 mm): PTH pad 26 [CHAN16] of X2
    @(159.8761 mm, 115.8536 mm): Track [NODE_P0] on L4-SIG, length 0.5657 mm
[clearance]: Clearance violation ( clearance 0.2000 mm; actual 0.1238 mm)
    Local override; error
    @(154.4261 mm, 113.7036 mm): Track [ANALOG-IO1] on L3-SIG, length 5.2000 mm
    @(154.5761 mm, 114.2036 mm): Track [NODE_P0] on L3-SIG, length 3.6125 mm
[hole_clearance]: Hole clearance violation (board setup constraints hole clearance 0.2500 mm; actual 0.1650 mm)
    Rule: board setup constraints hole; error
    @(163.7261 mm, 106.0536 mm): Buried via [CHAN11] on L2-GND - L3-SIG
    @(113.8261 mm, 117.4536 mm): Zone [GND] on L2-GND, priority 1
[clearance]: Clearance violation ( clearance 0.2000 mm; actual 0.1238 mm)
    Local override; error
    @(159.2761 mm, 113.9036 mm): Track [NODE_P0] on L3-SIG, length 1.0198 mm
    @(154.4261 mm, 113.7036 mm): Track [ANALOG-IO1] on L3-SIG, length 5.2000 mm
[clearance]: Clearance violation ( clearance 0.2000 mm; actual 0.1931 mm)
    Local override; error
    @(160.4761 mm, 114.6036 mm): Track [NODE_P0] on L3-SIG, length 0.3000 mm
    @(160.7261 mm, 114.7036 mm): Track [ANALOG-IO1] on L3-SIG, length 0.4743 mm
[clearance]: Clearance violation ( clearance 0.2000 mm; actual 0.1238 mm)
    Local override; error
    @(158.1761 mm, 113.9036 mm): Track [NODE_P0] on L3-SIG, length 1.1000 mm
    @(154.4261 mm, 113.7036 mm): Track [ANALOG-IO1] on L3-SIG, length 5.2000 mm
[clearance]: Clearance violation ( clearance 0.2000 mm; actual 0.1931 mm)
    Local override; error
    @(160.2761 mm, 114.8036 mm): Track [NODE_P0] on L3-SIG, length 0.2828 mm
    @(160.7261 mm, 114.7036 mm): Track [ANALOG-IO1] on L3-SIG, length 0.4743 mm
[hole_clearance]: Hole clearance violation (board setup constraints hole clearance 0.2500 mm; actual 0.1650 mm)
    Rule: board setup constraints hole; error
    @(171.8261 mm, 108.5036 mm): Buried via [JA7] on L2-GND - L3-SIG
    @(113.8261 mm, 117.4536 mm): Zone [GND] on L2-GND, priority 1
[hole_clearance]: Hole clearance violation (board setup constraints hole clearance 0.2500 mm; actual 0.1650 mm)
    Rule: board setup constraints hole; error
    @(155.9761 mm, 100.4536 mm): Buried via [UART_FT_RTS#] on L2-GND - L3-SIG
    @(113.8261 mm, 117.4536 mm): Zone [GND] on L2-GND, priority 1
[hole_clearance]: Hole clearance violation (board setup constraints hole clearance 0.2500 mm; actual 0.1650 mm)
    Rule: board setup constraints hole; error
    @(171.2761 mm, 99.1036 mm): Blind via [LED0_R] on Top Layer - L2-GND
    @(113.8261 mm, 117.4536 mm): Zone [GND] on L2-GND, priority 1
[clearance]: Clearance violation ( clearance 0.2000 mm; actual 0.1750 mm)
    Local override; error
    @(160.4761 mm, 108.8037 mm): Via [FPGA-INIT#] on Top Layer - Bottom Layer
    @(113.8261 mm, 117.4536 mm): Zone [VCC3V3] on L5-VCC3V3, priority 0
[clearance]: Clearance violation ( clearance 0.2000 mm; actual 0.1725 mm)
    Local override; error
    @(168.7261 mm, 111.5036 mm): Track [FPGA-TDI] on L3-SIG, length 3.9598 mm
    @(171.8261 mm, 108.5036 mm): Buried via [JA7] on L2-GND - L3-SIG
[hole_clearance]: Hole clearance violation (board setup constraints hole clearance 0.2500 mm; actual 0.1650 mm)
    Rule: board setup constraints hole; error
    @(153.8261 mm, 111.2036 mm): Buried via [SD-CMD] on L2-GND - L3-SIG
    @(113.8261 mm, 117.4536 mm): Zone [GND] on L2-GND, priority 1
[clearance]: Clearance violation ( clearance 0.2000 mm; actual 0.1740 mm)
    Local override; error
    @(158.3261 mm, 114.9536 mm): Track [NODE_P0] on Bottom Layer, length 0.7778 mm
    @(158.9261 mm, 114.9536 mm): Pad 2 [ANALOG-IO0] of R10 on Bottom Layer
[hole_clearance]: Hole clearance violation (board setup constraints hole clearance 0.2500 mm; actual 0.1650 mm)
    Rule: board setup constraints hole; error
    @(170.9261 mm, 104.8536 mm): Blind via [CLK-12M-FPGA] on L5-VCC3V3 - Bottom Layer
    @(113.8261 mm, 117.4536 mm): Zone [VCC3V3] on L5-VCC3V3, priority 0
[clearance]: Clearance violation ( clearance 0.2000 mm; actual 0.0947 mm)
    Local override; error
    @(155.9761 mm, 100.4536 mm): Buried via [UART_FT_RTS#] on L2-GND - L3-SIG
    @(155.2261 mm, 100.1036 mm): Track [CHAN4] on L3-SIG, length 2.2627 mm
[clearance]: Clearance violation ( clearance 0.2000 mm; actual 0.1700 mm)
    Local override; error
    @(126.8761 mm, 111.4836 mm): Track [Net-(U8-TMR)] on Bottom Layer, length 1.3000 mm
    @(127.4276 mm, 112.1536 mm): Pad 2 [Net-(U8-ITERM)] of R105 on Bottom Layer
[clearance]: Clearance violation ( clearance 0.2000 mm; actual 0.1842 mm)
    Local override; error
    @(127.5776 mm, 110.7034 mm): Pad 2 [USB5V0] of C150 on Bottom Layer
    @(128.1761 mm, 111.4836 mm): Track [Net-(U8-TMR)] on Bottom Layer, length 0.7670 mm
[clearance]: Clearance violation ( clearance 0.2000 mm; actual 0.1316 mm)
    Local override; error
    @(125.0759 mm, 109.0521 mm): Pad 2 [VU] of C78 on Bottom Layer
    @(125.8261 mm, 109.9536 mm): Track [Net-(U8-ILIM)] on Bottom Layer, length 0.4499 mm
[clearance]: Clearance violation ( clearance 0.2000 mm; actual 0.1280 mm)
    Local override; error
    @(125.0759 mm, 109.0521 mm): Pad 2 [VU] of C78 on Bottom Layer
    @(125.8261 mm, 109.9536 mm): Track [Net-(U8-ILIM)] on Bottom Layer, length 0.4243 mm
[clearance]: Clearance violation ( clearance 0.2000 mm; actual 0.1498 mm)
    Local override; error
    @(156.7061 mm, 115.6536 mm): Track [NODE_P1] on Bottom Layer, length 1.6000 mm
    @(156.7258 mm, 113.7537 mm): Track [ANALOG-IO1] on Bottom Layer, length 0.2090 mm
[clearance]: Clearance violation ( clearance 0.2000 mm; actual 0.1498 mm)
    Local override; error
    @(156.1259 mm, 114.0536 mm): Track [NODE_P1] on Bottom Layer, length 0.5802 mm
    @(156.7258 mm, 113.7537 mm): Track [ANALOG-IO1] on Bottom Layer, length 0.2090 mm
[hole_clearance]: Hole clearance violation (board setup constraints hole clearance 0.2500 mm; actual 0.1650 mm)
    Rule: board setup constraints hole; error
    @(150.7761 mm, 113.2036 mm): Buried via [SD-CMD] on L2-GND - L3-SIG
    @(113.8261 mm, 117.4536 mm): Zone [GND] on L2-GND, priority 1
[clearance]: Clearance violation ( clearance 0.2000 mm; actual 0.1119 mm)
    Local override; error
    @(156.2261 mm, 114.6536 mm): Pad 1 [AIN16_N] of C37 on Bottom Layer
    @(156.1259 mm, 114.0536 mm): Track [NODE_P1] on Bottom Layer, length 0.2999 mm
[clearance]: Clearance violation ( clearance 0.2000 mm; actual 0.1917 mm)
    Local override; error
    @(158.5258 mm, 113.7537 mm): Pad 1 [AIN16_P] of R16 on Bottom Layer
    @(158.2661 mm, 114.2536 mm): Via [NODE_P1] on Top Layer - Bottom Layer
[hole_clearance]: Hole clearance violation (board setup constraints hole clearance 0.2500 mm; actual 0.1650 mm)
    Rule: board setup constraints hole; error
    @(162.3761 mm, 94.9036 mm): Buried via [FT-PWREN#] on L2-GND - L3-SIG
    @(113.8261 mm, 117.4536 mm): Zone [GND] on L2-GND, priority 1
[clearance]: Clearance violation ( clearance 0.2000 mm; actual 0.1200 mm)
    Local override; error
    @(124.1511 mm, 109.6036 mm): Track [Net-(U8-PGOOD)] on Top Layer, length 11.3000 mm
    @(124.3711 mm, 102.8036 mm): Track [Net-(U8-CHG)] on Top Layer, length 0.6731 mm
[clearance]: Clearance violation ( clearance 0.2000 mm; actual 0.1800 mm)
    Local override; error
    @(125.2761 mm, 103.2036 mm): Track [Net-(LD4-PadA)] on Top Layer, length 2.2000 mm
    @(124.9961 mm, 102.5536 mm): Track [Net-(U8-CHG)] on Top Layer, length 3.9500 mm
[clearance]: Clearance violation ( clearance 0.2000 mm; actual 0.0900 mm)
    Local override; error
    @(160.2761 mm, 115.4536 mm): Blind via [NODE_P0] on L5-VCC3V3 - Bottom Layer
    @(113.8261 mm, 117.4536 mm): Zone [VCC3V3] on L5-VCC3V3, priority 0
[clearance]: Clearance violation ( clearance 0.2000 mm; actual 0.1200 mm)
    Local override; error
    @(124.1511 mm, 109.6036 mm): Track [Net-(U8-PGOOD)] on Top Layer, length 11.3000 mm
    @(124.3711 mm, 110.0036 mm): Track [Net-(U8-CHG)] on Top Layer, length 7.2000 mm
[clearance]: Clearance violation ( clearance 0.2000 mm; actual 0.1750 mm)
    Local override; error
    @(124.9961 mm, 98.6036 mm): Track [Net-(U8-CHG)] on Top Layer, length 12.7300 mm
    @(127.6011 mm, 99.5786 mm): Pad G4 [GND] of X3 on Top Layer
[clearance]: Clearance violation ( clearance 0.2000 mm; actual 0.1272 mm)
    Local override; error
    @(161.9761 mm, 95.0536 mm): Buried via [CHAN5] on L2-GND - L3-SIG
    @(162.3761 mm, 94.9036 mm): Buried via [FT-PWREN#] on L2-GND - L3-SIG
[clearance]: Clearance violation ( clearance 0.2000 mm; actual 0.1510 mm)
    Local override; error
    @(120.7761 mm, 111.9036 mm): Via [Net-(LD4-PadA)] on Top Layer - Bottom Layer
    @(120.0012 mm, 111.1785 mm): Pad G2 [GND] of X3 on Top Layer
[clearance]: Clearance violation ( clearance 0.2000 mm; actual 0.1200 mm)
    Local override; error
    @(124.3711 mm, 110.0036 mm): Track [Net-(U8-CHG)] on Top Layer, length 7.2000 mm
    @(124.5911 mm, 112.1036 mm): Track [Net-(LD4-PadA)] on Top Layer, length 8.7000 mm
[clearance]: Clearance violation ( clearance 0.2000 mm; actual 0.1800 mm)
    Local override; error
    @(124.9961 mm, 102.5536 mm): Track [Net-(U8-CHG)] on Top Layer, length 3.9500 mm
    @(125.2761 mm, 101.0036 mm): Track [Net-(LD4-PadA)] on Top Layer, length 3.9000 mm
[hole_clearance]: Hole clearance violation (board setup constraints hole clearance 0.2500 mm; actual 0.1650 mm)
    Rule: board setup constraints hole; error
    @(164.9761 mm, 106.9536 mm): Buried via [LED1] on L2-GND - L3-SIG
    @(113.8261 mm, 117.4536 mm): Zone [GND] on L2-GND, priority 1
[clearance]: Clearance violation ( clearance 0.2000 mm; actual 0.1800 mm)
    Local override; error
    @(125.2761 mm, 103.2036 mm): Track [Net-(LD4-PadA)] on Top Layer, length 2.2000 mm
    @(124.3711 mm, 102.8036 mm): Track [Net-(U8-CHG)] on Top Layer, length 0.6731 mm
[clearance]: Clearance violation ( clearance 0.2000 mm; actual 0.1200 mm)
    Local override; error
    @(124.5911 mm, 103.4036 mm): Track [Net-(LD4-PadA)] on Top Layer, length 0.7136 mm
    @(124.3711 mm, 110.0036 mm): Track [Net-(U8-CHG)] on Top Layer, length 7.2000 mm
[clearance]: Clearance violation ( clearance 0.2000 mm; actual 0.1855 mm)
    Local override; error
    @(121.4261 mm, 112.5536 mm): Pad 1 [Net-(LD3-PadA)] of R107 on Bottom Layer
    @(120.7761 mm, 111.9036 mm): Via [Net-(LD4-PadA)] on Top Layer - Bottom Layer
[clearance]: Clearance violation ( clearance 0.2000 mm; actual 0.1200 mm)
    Local override; error
    @(121.1761 mm, 112.1036 mm): Track [Net-(LD4-PadA)] on Top Layer, length 3.4150 mm
    @(124.8111 mm, 113.5536 mm): Track [Net-(LD3-PadA)] on Top Layer, length 9.9150 mm
[clearance]: Clearance violation ( clearance 0.2000 mm; actual 0.1500 mm)
    Local override; error
    @(146.0761 mm, 98.6536 mm): Pad 2 [N$LD0R] of R81 on Bottom Layer
    @(146.1761 mm, 97.9036 mm): Blind via [N$LD2A] on L5-VCC3V3 - Bottom Layer
[clearance]: Clearance violation ( clearance 0.2000 mm; actual 0.1760 mm)
    Local override; error
    @(165.0761 mm, 107.4036 mm): Buried via [FPGA-DONE] on L3-SIG - L4-SIG
    @(164.9761 mm, 106.9536 mm): Buried via [LED1] on L2-GND - L3-SIG
[clearance]: Clearance violation ( clearance 0.2000 mm; actual 0.0900 mm)
    Local override; error
    @(154.5761 mm, 114.2036 mm): Blind via [NODE_P0] on L5-VCC3V3 - Bottom Layer
    @(113.8261 mm, 117.4536 mm): Zone [VCC3V3] on L5-VCC3V3, priority 0
[clearance]: Clearance violation ( clearance 0.2000 mm; actual 0.0900 mm)
    Local override; error
    @(154.5761 mm, 114.2036 mm): Buried via [NODE_P0] on L4-SIG - L5-VCC3V3
    @(113.8261 mm, 117.4536 mm): Zone [VCC3V3] on L5-VCC3V3, priority 0
[clearance]: Clearance violation ( clearance 0.2000 mm; actual 0.0900 mm)
    Local override; error
    @(158.8761 mm, 115.8536 mm): Buried via [NODE_P0] on L4-SIG - L5-VCC3V3
    @(113.8261 mm, 117.4536 mm): Zone [VCC3V3] on L5-VCC3V3, priority 0
[clearance]: Clearance violation ( clearance 0.2000 mm; actual 0.0900 mm)
    Local override; error
    @(160.2761 mm, 115.4536 mm): Buried via [NODE_P0] on L4-SIG - L5-VCC3V3
    @(113.8261 mm, 117.4536 mm): Zone [VCC3V3] on L5-VCC3V3, priority 0
[hole_clearance]: Hole clearance violation (board setup constraints hole clearance 0.2500 mm; actual 0.1650 mm)
    Rule: board setup constraints hole; error
    @(134.6761 mm, 111.1036 mm): Buried via [CHAN21] on L2-GND - L3-SIG
    @(113.8261 mm, 117.4536 mm): Zone [GND] on L2-GND, priority 1
[clearance]: Clearance violation ( clearance 0.2000 mm; actual 0.1278 mm)
    Local override; error
    @(134.7261 mm, 110.6536 mm): Via [A0] on Top Layer - Bottom Layer
    @(134.6761 mm, 111.1036 mm): Buried via [CHAN21] on L2-GND - L3-SIG
[hole_clearance]: Hole clearance violation (board setup constraints hole clearance 0.2500 mm; actual 0.1650 mm)
    Rule: board setup constraints hole; error
    @(162.5761 mm, 98.9036 mm): Buried via [CLK-12M-SHARED] on L4-SIG - L5-VCC3V3
    @(113.8261 mm, 117.4536 mm): Zone [VCC3V3] on L5-VCC3V3, priority 0
[hole_clearance]: Hole clearance violation (board setup constraints hole clearance 0.2500 mm; actual 0.1650 mm)
    Rule: board setup constraints hole; error
    @(158.8761 mm, 115.8536 mm): Blind via [NODE_P0] on L5-VCC3V3 - Bottom Layer
    @(113.8261 mm, 117.4536 mm): Zone [VCC3V3] on L5-VCC3V3, priority 0
[clearance]: Clearance violation ( clearance 0.2000 mm; actual 0.1749 mm)
    Local override; error
    @(136.1260 mm, 105.1186 mm): Pad A [N$LD1A] of LD1 on Top Layer
    @(135.3261 mm, 104.7536 mm): Via [N$LD2A] on Top Layer - Bottom Layer
[clearance]: Clearance violation ( clearance 0.2000 mm; actual 0.1815 mm)
    Local override; error
    @(143.9761 mm, 99.4536 mm): Blind via [N$LD2A] on Top Layer - L2-GND
    @(144.3011 mm, 98.4035 mm): Pad 58 [unconnected-(U2-BCBUS6-Pad58)] of U2 on Top Layer
[hole_clearance]: Hole clearance violation (board setup constraints hole clearance 0.2500 mm; actual 0.1650 mm)
    Rule: board setup constraints hole; error
    @(160.7761 mm, 97.2036 mm): Buried via [BTN] on L2-GND - L3-SIG
    @(113.8261 mm, 117.4536 mm): Zone [GND] on L2-GND, priority 1
[clearance]: Clearance violation ( clearance 0.2000 mm; actual 0.1750 mm)
    Local override; error
    @(158.2661 mm, 114.2536 mm): Via [NODE_P1] on Top Layer - Bottom Layer
    @(113.8261 mm, 117.4536 mm): Zone [GND] on L2-GND, priority 1
[clearance]: Clearance violation ( clearance 0.2000 mm; actual 0.1750 mm)
    Local override; error
    @(156.9761 mm, 115.8136 mm): Via [NODE_P1] on Top Layer - Bottom Layer
    @(113.8261 mm, 117.4536 mm): Zone [GND] on L2-GND, priority 1
[clearance]: Clearance violation ( clearance 0.2000 mm; actual 0.1493 mm)
    Local override; error
    @(136.1260 mm, 105.1186 mm): Pad A [N$LD1A] of LD1 on Top Layer
    @(135.3261 mm, 104.7536 mm): Track [N$LD2A] on Top Layer, length 1.1312 mm
[clearance]: Clearance violation ( clearance 0.2000 mm; actual 0.0900 mm)
    Local override; error
    @(130.0761 mm, 111.7036 mm): Buried via [CHAN28] on L2-GND - L3-SIG
    @(113.8261 mm, 117.4536 mm): Zone [GND] on L2-GND, priority 1
[clearance]: Clearance violation ( clearance 0.2000 mm; actual 0.1750 mm)
    Local override; error
    @(159.2761 mm, 116.1036 mm): Via [NODE_P0] on Top Layer - Bottom Layer
    @(113.8261 mm, 117.4536 mm): Zone [GND] on L2-GND, priority 1
[clearance]: Clearance violation ( clearance 0.2000 mm; actual 0.1750 mm)
    Local override; error
    @(123.8261 mm, 110.3536 mm): Via [Net-(U8-CHG)] on Top Layer - Bottom Layer
    @(113.8261 mm, 117.4536 mm): Zone [GND] on L2-GND, priority 1
[clearance]: Clearance violation ( clearance 0.2000 mm; actual 0.1277 mm)
    Local override; error
    @(159.8261 mm, 97.8036 mm): Track [TMS] on L3-SIG, length 1.6508 mm
    @(160.1261 mm, 97.4536 mm): Via [VCC3V3] on Top Layer - Bottom Layer
[clearance]: Clearance violation ( clearance 0.2000 mm; actual 0.0900 mm)
    Local override; error
    @(142.3761 mm, 104.2536 mm): Blind via [N$LD2A] on L5-VCC3V3 - Bottom Layer
    @(113.8261 mm, 117.4536 mm): Zone [VCC3V3] on L5-VCC3V3, priority 0
[clearance]: Clearance violation ( clearance 0.2000 mm; actual 0.1750 mm)
    Local override; error
    @(159.1661 mm, 114.2536 mm): Via [NODE_P1] on Top Layer - Bottom Layer
    @(113.8261 mm, 117.4536 mm): Zone [GND] on L2-GND, priority 1
[clearance]: Clearance violation ( clearance 0.2000 mm; actual 0.1178 mm)
    Local override; error
    @(157.0261 mm, 116.2536 mm): Blind via [ANALOG-IO1] on L5-VCC3V3 - Bottom Layer
    @(156.9761 mm, 115.8136 mm): Via [NODE_P1] on Top Layer - Bottom Layer
[clearance]: Clearance violation ( clearance 0.2000 mm; actual 0.1178 mm)
    Local override; error
    @(157.0261 mm, 116.2536 mm): Blind via [ANALOG-IO1] on L5-VCC3V3 - Bottom Layer
    @(156.9761 mm, 115.8136 mm): Via [NODE_P1] on Top Layer - Bottom Layer
[clearance]: Clearance violation ( clearance 0.2000 mm; actual 0.1510 mm)
    Local override; error
    @(159.8261 mm, 97.8036 mm): Buried via [TMS] on L3-SIG - L4-SIG
    @(160.1261 mm, 97.4536 mm): Via [VCC3V3] on Top Layer - Bottom Layer
[clearance]: Clearance violation ( clearance 0.2000 mm; actual 0.0900 mm)
    Local override; error
    @(146.1761 mm, 97.9036 mm): Buried via [N$LD2A] on L4-SIG - L5-VCC3V3
    @(113.8261 mm, 117.4536 mm): Zone [VCC3V3] on L5-VCC3V3, priority 0
[hole_clearance]: Hole clearance violation (board setup constraints hole clearance 0.2500 mm; actual 0.1650 mm)
    Rule: board setup constraints hole; error
    @(160.2761 mm, 115.4536 mm): Blind via [NODE_P0] on L5-VCC3V3 - Bottom Layer
    @(113.8261 mm, 117.4536 mm): Zone [VCC3V3] on L5-VCC3V3, priority 0
[clearance]: Clearance violation ( clearance 0.2000 mm; actual 0.0900 mm)
    Local override; error
    @(142.9761 mm, 103.2536 mm): Buried via [N$LD2A] on L2-GND - L3-SIG
    @(113.8261 mm, 117.4536 mm): Zone [GND] on L2-GND, priority 1
[clearance]: Clearance violation ( clearance 0.2000 mm; actual 0.0900 mm)
    Local override; error
    @(142.3761 mm, 104.2536 mm): Buried via [N$LD2A] on L4-SIG - L5-VCC3V3
    @(113.8261 mm, 117.4536 mm): Zone [VCC3V3] on L5-VCC3V3, priority 0
[clearance]: Clearance violation ( clearance 0.2000 mm; actual 0.0900 mm)
    Local override; error
    @(146.1761 mm, 97.9036 mm): Blind via [N$LD2A] on L5-VCC3V3 - Bottom Layer
    @(113.8261 mm, 117.4536 mm): Zone [VCC3V3] on L5-VCC3V3, priority 0
[clearance]: Clearance violation ( clearance 0.2000 mm; actual 0.1750 mm)
    Local override; error
    @(120.7761 mm, 111.9036 mm): Via [Net-(LD4-PadA)] on Top Layer - Bottom Layer
    @(113.8261 mm, 117.4536 mm): Zone [GND] on L2-GND, priority 1
[clearance]: Clearance violation ( clearance 0.2000 mm; actual 0.0900 mm)
    Local override; error
    @(143.9761 mm, 99.4536 mm): Buried via [N$LD2A] on L2-GND - L3-SIG
    @(113.8261 mm, 117.4536 mm): Zone [GND] on L2-GND, priority 1
[hole_clearance]: Hole clearance violation (board setup constraints hole clearance 0.2500 mm; actual 0.1650 mm)
    Rule: board setup constraints hole; error
    @(158.8761 mm, 115.8536 mm): Buried via [NODE_P0] on L4-SIG - L5-VCC3V3
    @(113.8261 mm, 117.4536 mm): Zone [VCC3V3] on L5-VCC3V3, priority 0
[clearance]: Clearance violation ( clearance 0.2000 mm; actual 0.1178 mm)
    Local override; error
    @(157.0261 mm, 116.2536 mm): Buried via [ANALOG-IO1] on L4-SIG - L5-VCC3V3
    @(156.9761 mm, 115.8136 mm): Via [NODE_P1] on Top Layer - Bottom Layer
[clearance]: Clearance violation ( clearance 0.2000 mm; actual 0.1178 mm)
    Local override; error
    @(157.0261 mm, 116.2536 mm): Buried via [ANALOG-IO1] on L4-SIG - L5-VCC3V3
    @(156.9761 mm, 115.8136 mm): Via [NODE_P1] on Top Layer - Bottom Layer
[hole_clearance]: Hole clearance violation (board setup constraints hole clearance 0.2500 mm; actual 0.1650 mm)
    Rule: board setup constraints hole; error
    @(154.5761 mm, 114.2036 mm): Blind via [NODE_P0] on L5-VCC3V3 - Bottom Layer
    @(113.8261 mm, 117.4536 mm): Zone [VCC3V3] on L5-VCC3V3, priority 0
[hole_clearance]: Hole clearance violation (board setup constraints hole clearance 0.2500 mm; actual 0.1650 mm)
    Rule: board setup constraints hole; error
    @(154.5761 mm, 114.2036 mm): Buried via [NODE_P0] on L4-SIG - L5-VCC3V3
    @(113.8261 mm, 117.4536 mm): Zone [VCC3V3] on L5-VCC3V3, priority 0
[clearance]: Clearance violation ( clearance 0.2000 mm; actual 0.0900 mm)
    Local override; error
    @(143.9761 mm, 99.4536 mm): Blind via [N$LD2A] on Top Layer - L2-GND
    @(113.8261 mm, 117.4536 mm): Zone [GND] on L2-GND, priority 1
[clearance]: Clearance violation ( clearance 0.2000 mm; actual 0.1328 mm)
    Local override; error
    @(157.0261 mm, 116.2536 mm): Buried via [ANALOG-IO1] on L3-SIG - L4-SIG
    @(156.9761 mm, 115.8136 mm): Via [NODE_P1] on Top Layer - Bottom Layer
[clearance]: Clearance violation ( clearance 0.2000 mm; actual 0.0900 mm)
    Local override; error
    @(142.9761 mm, 103.2536 mm): Blind via [N$LD2A] on Top Layer - L2-GND
    @(113.8261 mm, 117.4536 mm): Zone [GND] on L2-GND, priority 1
[clearance]: Clearance violation ( clearance 0.2000 mm; actual 0.1328 mm)
    Local override; error
    @(157.0261 mm, 116.2536 mm): Buried via [ANALOG-IO1] on L3-SIG - L4-SIG
    @(156.9761 mm, 115.8136 mm): Via [NODE_P1] on Top Layer - Bottom Layer
[clearance]: Clearance violation ( clearance 0.2000 mm; actual 0.1392 mm)
    Local override; error
    @(157.0261 mm, 116.2536 mm): Track [ANALOG-IO1] on L3-SIG, length 0.2121 mm
    @(156.9761 mm, 115.8136 mm): Via [NODE_P1] on Top Layer - Bottom Layer
[clearance]: Clearance violation ( clearance 0.2000 mm; actual 0.1299 mm)
    Local override; error
    @(158.0261 mm, 116.4336 mm): PTH pad 27 [CHAN17] of X2
    @(157.6761 mm, 115.5036 mm): Track [ANALOG-IO1] on L3-SIG, length 0.7000 mm
[clearance]: Clearance violation ( clearance 0.2000 mm; actual 0.0955 mm)
    Local override; error
    @(157.1761 mm, 116.1036 mm): Track [ANALOG-IO1] on L3-SIG, length 0.2236 mm
    @(156.9761 mm, 115.8136 mm): Via [NODE_P1] on Top Layer - Bottom Layer
[clearance]: Clearance violation ( clearance 0.2000 mm; actual 0.1050 mm)
    Local override; error
    @(158.0261 mm, 116.4336 mm): PTH pad 27 [CHAN17] of X2
    @(158.3761 mm, 115.5036 mm): Track [ANALOG-IO1] on L3-SIG, length 0.5657 mm
[clearance]: Clearance violation ( clearance 0.2000 mm; actual 0.1750 mm)
    Local override; error
    @(158.2661 mm, 114.2536 mm): Via [NODE_P1] on Top Layer - Bottom Layer
    @(113.8261 mm, 117.4536 mm): Zone [VCC3V3] on L5-VCC3V3, priority 0
[clearance]: Clearance violation ( clearance 0.2000 mm; actual 0.1001 mm)
    Local override; error
    @(157.2761 mm, 115.9036 mm): Track [ANALOG-IO1] on L3-SIG, length 0.5657 mm
    @(156.9761 mm, 115.8136 mm): Via [NODE_P1] on Top Layer - Bottom Layer
[clearance]: Clearance violation ( clearance 0.2000 mm; actual 0.1051 mm)
    Local override; error
    @(159.3761 mm, 116.4536 mm): Track [ANALOG-IO1] on L3-SIG, length 0.2828 mm
    @(159.2761 mm, 116.1036 mm): Via [NODE_P0] on Top Layer - Bottom Layer
[clearance]: Clearance violation ( clearance 0.2000 mm; actual 0.0948 mm)
    Local override; error
    @(158.8761 mm, 116.1536 mm): Track [ANALOG-IO1] on L3-SIG, length 0.4243 mm
    @(158.0261 mm, 116.4336 mm): PTH pad 27 [CHAN17] of X2
[clearance]: Clearance violation ( clearance 0.2000 mm; actual 0.0979 mm)
    Local override; error
    @(160.5661 mm, 116.4336 mm): PTH pad 26 [CHAN16] of X2
    @(159.5761 mm, 116.1536 mm): Track [ANALOG-IO1] on L3-SIG, length 1.0607 mm
[clearance]: Clearance violation ( clearance 0.2000 mm; actual 0.0962 mm)
    Local override; error
    @(159.1761 mm, 116.4536 mm): Track [ANALOG-IO1] on L3-SIG, length 0.2000 mm
    @(159.0761 mm, 116.7036 mm): Buried via [ANALOG-IO0] on L3-SIG - L4-SIG
[clearance]: Clearance violation ( clearance 0.2000 mm; actual 0.1750 mm)
    Local override; error
    @(156.9761 mm, 115.8136 mm): Via [NODE_P1] on Top Layer - Bottom Layer
    @(113.8261 mm, 117.4536 mm): Zone [VCC3V3] on L5-VCC3V3, priority 0
[clearance]: Clearance violation ( clearance 0.2000 mm; actual 0.0910 mm)
    Local override; error
    @(159.5761 mm, 116.2536 mm): Track [ANALOG-IO1] on L3-SIG, length 0.1000 mm
    @(159.2761 mm, 116.1036 mm): Via [NODE_P0] on Top Layer - Bottom Layer
[clearance]: Clearance violation ( clearance 0.2000 mm; actual 0.1750 mm)
    Local override; error
    @(123.8261 mm, 110.3536 mm): Via [Net-(U8-CHG)] on Top Layer - Bottom Layer
    @(113.8261 mm, 117.4536 mm): Zone [VCC3V3] on L5-VCC3V3, priority 0
[clearance]: Clearance violation ( clearance 0.2000 mm; actual 0.0931 mm)
    Local override; error
    @(158.7761 mm, 115.9036 mm): Track [ANALOG-IO1] on L3-SIG, length 0.2693 mm
    @(158.0261 mm, 116.4336 mm): PTH pad 27 [CHAN17] of X2
[clearance]: Clearance violation ( clearance 0.2000 mm; actual 0.1229 mm)
    Local override; error
    @(157.0261 mm, 116.2536 mm): Track [ANALOG-IO1] on Bottom Layer, length 0.2267 mm
    @(156.9761 mm, 115.8136 mm): Via [NODE_P1] on Top Layer - Bottom Layer
[clearance]: Clearance violation ( clearance 0.2000 mm; actual 0.1191 mm)
    Local override; error
    @(152.9461 mm, 116.4336 mm): PTH pad 29 [CHAN19] of X2
    @(152.0261 mm, 116.0536 mm): Track [ANALOG-IO1] on Bottom Layer, length 0.4950 mm
[clearance]: Clearance violation ( clearance 0.2000 mm; actual 0.1750 mm)
    Local override; error
    @(135.3261 mm, 104.7536 mm): Via [N$LD2A] on Top Layer - Bottom Layer
    @(113.8261 mm, 117.4536 mm): Zone [GND] on L2-GND, priority 1
[clearance]: Clearance violation ( clearance 0.2000 mm; actual 0.0919 mm)
    Local override; error
    @(157.2811 mm, 115.9036 mm): Track [ANALOG-IO1] on Bottom Layer, length 0.2950 mm
    @(156.9761 mm, 115.8136 mm): Via [NODE_P1] on Top Layer - Bottom Layer
[clearance]: Clearance violation ( clearance 0.2000 mm; actual 0.1201 mm)
    Local override; error
    @(152.9461 mm, 116.4336 mm): PTH pad 29 [CHAN19] of X2
    @(151.1261 mm, 117.3536 mm): Track [ANALOG-IO1] on Bottom Layer, length 1.2728 mm
[clearance]: Clearance violation ( clearance 0.2000 mm; actual 0.1475 mm)
    Local override; error
    @(157.0761 mm, 115.4036 mm): Track [ANALOG-IO1] on Bottom Layer, length 0.2899 mm
    @(156.9761 mm, 115.8136 mm): Via [NODE_P1] on Top Layer - Bottom Layer
[clearance]: Clearance violation ( clearance 0.2000 mm; actual 0.1199 mm)
    Local override; error
    @(115.7661 mm, 117.3536 mm): Track [ANALOG-IO1] on Bottom Layer, length 35.3600 mm
    @(119.9261 mm, 116.4336 mm): PTH pad 38 [CHAN28] of X2
[clearance]: Clearance violation ( clearance 0.2000 mm; actual 0.1969 mm)
    Local override; error
    @(156.8736 mm, 115.4036 mm): Track [ANALOG-IO1] on Bottom Layer, length 0.2025 mm
    @(156.9761 mm, 115.8136 mm): Via [NODE_P1] on Top Layer - Bottom Layer
[clearance]: Clearance violation ( clearance 0.2000 mm; actual 0.1261 mm)
    Local override; error
    @(152.3761 mm, 115.7036 mm): Track [ANALOG-IO1] on Bottom Layer, length 0.7433 mm
    @(152.9461 mm, 116.4336 mm): PTH pad 29 [CHAN19] of X2
[clearance]: Clearance violation ( clearance 0.2000 mm; actual 0.1722 mm)
    Local override; error
    @(158.0261 mm, 116.4336 mm): PTH pad 27 [CHAN17] of X2
    @(159.0761 mm, 116.7036 mm): Blind via [ANALOG-IO0] on L5-VCC3V3 - Bottom Layer
[clearance]: Clearance violation ( clearance 0.2000 mm; actual 0.1722 mm)
    Local override; error
    @(158.0261 mm, 116.4336 mm): PTH pad 27 [CHAN17] of X2
    @(159.0761 mm, 116.7036 mm): Buried via [ANALOG-IO0] on L4-SIG - L5-VCC3V3
[clearance]: Clearance violation ( clearance 0.2000 mm; actual 0.1199 mm)
    Local override; error
    @(152.0261 mm, 116.4536 mm): Track [ANALOG-IO1] on Bottom Layer, length 0.4000 mm
    @(152.9461 mm, 116.4336 mm): PTH pad 29 [CHAN19] of X2
[clearance]: Clearance violation ( clearance 0.2000 mm; actual 0.0957 mm)
    Local override; error
    @(157.1761 mm, 116.0836 mm): Track [ANALOG-IO1] on Bottom Layer, length 0.2084 mm
    @(156.9761 mm, 115.8136 mm): Via [NODE_P1] on Top Layer - Bottom Layer
[clearance]: Clearance violation ( clearance 0.2000 mm; actual 0.1722 mm)
    Local override; error
    @(158.0261 mm, 116.4336 mm): PTH pad 27 [CHAN17] of X2
    @(159.0761 mm, 116.7036 mm): Buried via [ANALOG-IO0] on L4-SIG - L5-VCC3V3
[clearance]: Clearance violation ( clearance 0.2000 mm; actual 0.1722 mm)
    Local override; error
    @(158.0261 mm, 116.4336 mm): PTH pad 27 [CHAN17] of X2
    @(159.0761 mm, 116.7036 mm): Blind via [ANALOG-IO0] on L5-VCC3V3 - Bottom Layer
[clearance]: Clearance violation ( clearance 0.2000 mm; actual 0.1699 mm)
    Local override; error
    @(118.3561 mm, 117.4036 mm): Track [ANALOG-IO0] on L4-SIG, length 29.4200 mm
    @(125.0061 mm, 116.4336 mm): PTH pad 36 [CHAN26] of X2
[clearance]: Clearance violation ( clearance 0.2000 mm; actual 0.0900 mm)
    Local override; error
    @(157.0261 mm, 116.2536 mm): Blind via [ANALOG-IO1] on L5-VCC3V3 - Bottom Layer
    @(113.8261 mm, 117.4536 mm): Zone [VCC3V3] on L5-VCC3V3, priority 0
[clearance]: Clearance violation ( clearance 0.2000 mm; actual 0.1872 mm)
    Local override; error
    @(158.0261 mm, 116.4336 mm): PTH pad 27 [CHAN17] of X2
    @(159.0761 mm, 116.7036 mm): Buried via [ANALOG-IO0] on L3-SIG - L4-SIG
[clearance]: Clearance violation ( clearance 0.2000 mm; actual 0.1699 mm)
    Local override; error
    @(152.9461 mm, 116.4336 mm): PTH pad 29 [CHAN19] of X2
    @(149.1761 mm, 117.4036 mm): Track [ANALOG-IO0] on L3-SIG, length 9.2000 mm
[clearance]: Clearance violation ( clearance 0.2000 mm; actual 0.1750 mm)
    Local override; error
    @(159.1661 mm, 114.2536 mm): Via [NODE_P1] on Top Layer - Bottom Layer
    @(113.8261 mm, 117.4536 mm): Zone [VCC3V3] on L5-VCC3V3, priority 0
[clearance]: Clearance violation ( clearance 0.2000 mm; actual 0.1333 mm)
    Local override; error
    @(158.3761 mm, 117.4036 mm): Track [ANALOG-IO0] on L3-SIG, length 0.9899 mm
    @(158.0261 mm, 116.4336 mm): PTH pad 27 [CHAN17] of X2
[clearance]: Clearance violation ( clearance 0.2000 mm; actual 0.1872 mm)
    Local override; error
    @(158.0261 mm, 116.4336 mm): PTH pad 27 [CHAN17] of X2
    @(159.0761 mm, 116.7036 mm): Buried via [ANALOG-IO0] on L3-SIG - L4-SIG
[clearance]: Clearance violation ( clearance 0.2000 mm; actual 0.1750 mm)
    Local override; error
    @(159.2761 mm, 116.1036 mm): Via [NODE_P0] on Top Layer - Bottom Layer
    @(113.8261 mm, 117.4536 mm): Zone [VCC3V3] on L5-VCC3V3, priority 0
[clearance]: Clearance violation ( clearance 0.2000 mm; actual 0.1741 mm)
    Local override; error
    @(159.5260 mm, 114.9536 mm): Pad 1 [GND] of R11 on Bottom Layer
    @(158.9260 mm, 114.9536 mm): Track [ANALOG-IO0] on Bottom Layer, length 0.9547 mm
[clearance]: Clearance violation ( clearance 0.2000 mm; actual 0.1864 mm)
    Local override; error
    @(159.0761 mm, 116.7036 mm): Track [ANALOG-IO0] on Bottom Layer, length 0.7080 mm
    @(160.5661 mm, 116.4336 mm): PTH pad 26 [CHAN16] of X2
[clearance]: Clearance violation ( clearance 0.2000 mm; actual 0.1444 mm)
    Local override; error
    @(121.1316 mm, 108.4536 mm): Pad 1 [GND] of C148 on Bottom Layer
    @(122.1761 mm, 109.3435 mm): Track [VU] on Bottom Layer, length 2.5897 mm
[clearance]: Clearance violation ( clearance 0.2000 mm; actual 0.1864 mm)
    Local override; error
    @(159.6011 mm, 116.2286 mm): Track [ANALOG-IO0] on Bottom Layer, length 0.5999 mm
    @(160.5661 mm, 116.4336 mm): PTH pad 26 [CHAN16] of X2
[clearance]: Clearance violation ( clearance 0.2000 mm; actual 0.1502 mm)
    Local override; error
    @(126.3761 mm, 107.6036 mm): Pad 2 [Net-(U8-ILIM)] of R103 on Bottom Layer
    @(125.5761 mm, 106.7036 mm): Track [VU] on Bottom Layer, length 0.4400 mm
[clearance]: Clearance violation ( clearance 0.2000 mm; actual 0.1500 mm)
    Local override; error
    @(121.4261 mm, 112.5536 mm): Pad 1 [Net-(LD3-PadA)] of R107 on Bottom Layer
    @(122.1761 mm, 112.5536 mm): Track [VU] on Bottom Layer, length 0.9000 mm
[clearance]: Clearance violation ( clearance 0.2000 mm; actual 0.1484 mm)
    Local override; error
    @(122.3261 mm, 106.0534 mm): Track [VU] on Bottom Layer, length 2.5897 mm
    @(123.3246 mm, 104.3536 mm): Pad 1 [GND] of C149 on Bottom Layer
[clearance]: Clearance violation ( clearance 0.2000 mm; actual 0.0900 mm)
    Local override; error
    @(152.9261 mm, 115.2036 mm): Buried via [ANALOG-IO1] on L4-SIG - L5-VCC3V3
    @(113.8261 mm, 117.4536 mm): Zone [VCC3V3] on L5-VCC3V3, priority 0
[clearance]: Clearance violation ( clearance 0.2000 mm; actual 0.1504 mm)
    Local override; error
    @(119.0342 mm, 106.0536 mm): Track [VU] on Bottom Layer, length 2.0974 mm
    @(119.9241 mm, 105.0531 mm): Pad 1 [GND] of C147 on Bottom Layer
[hole_clearance]: Hole clearance violation (board setup constraints hole clearance 0.2500 mm; actual 0.1650 mm)
    Rule: board setup constraints hole; error
    @(130.0761 mm, 111.7036 mm): Buried via [CHAN28] on L2-GND - L3-SIG
    @(113.8261 mm, 117.4536 mm): Zone [GND] on L2-GND, priority 1
[clearance]: Clearance violation ( clearance 0.2000 mm; actual 0.1399 mm)
    Local override; error
    @(122.3261 mm, 103.4637 mm): Track [VU] on Bottom Layer, length 2.6000 mm
    @(123.3246 mm, 104.3536 mm): Pad 1 [GND] of C149 on Bottom Layer
[clearance]: Clearance violation ( clearance 0.2000 mm; actual 0.1399 mm)
    Local override; error
    @(119.0342 mm, 106.0536 mm): Track [VU] on Bottom Layer, length 2.6020 mm
    @(119.9241 mm, 105.0531 mm): Pad 1 [GND] of C147 on Bottom Layer
[clearance]: Clearance violation ( clearance 0.2000 mm; actual 0.1500 mm)
    Local override; error
    @(122.1761 mm, 112.5536 mm): Track [VU] on Bottom Layer, length 1.3000 mm
    @(121.4261 mm, 112.5536 mm): Pad 1 [Net-(LD3-PadA)] of R107 on Bottom Layer
[clearance]: Clearance violation ( clearance 0.2000 mm; actual 0.1399 mm)
    Local override; error
    @(119.5301 mm, 109.3435 mm): Track [VU] on Bottom Layer, length 2.6460 mm
    @(121.1316 mm, 108.4536 mm): Pad 1 [GND] of C148 on Bottom Layer
[hole_clearance]: Hole clearance violation (board setup constraints hole clearance 0.2500 mm; actual 0.1650 mm)
    Rule: board setup constraints hole; error
    @(142.3761 mm, 104.2536 mm): Blind via [N$LD2A] on L5-VCC3V3 - Bottom Layer
    @(113.8261 mm, 117.4536 mm): Zone [VCC3V3] on L5-VCC3V3, priority 0
[clearance]: Clearance violation ( clearance 0.2000 mm; actual 0.1500 mm)
    Local override; error
    @(141.1761 mm, 114.4036 mm): Track [VU] on Top Layer, length 2.7500 mm
    @(142.5761 mm, 112.4036 mm): Pad MP1 [<no net>] of X4 on Top Layer
[clearance]: Clearance violation ( clearance 0.2000 mm; actual 0.1650 mm)
    Local override; error
    @(156.2761 mm, 115.1736 mm): Track [VU] on Top Layer, length 4.2000 mm
    @(156.9761 mm, 115.8136 mm): Via [NODE_P1] on Top Layer - Bottom Layer
[clearance]: Clearance violation ( clearance 0.2000 mm; actual 0.0900 mm)
    Local override; error
    @(152.9261 mm, 115.2036 mm): Blind via [ANALOG-IO1] on L5-VCC3V3 - Bottom Layer
    @(113.8261 mm, 117.4536 mm): Zone [VCC3V3] on L5-VCC3V3, priority 0
[clearance]: Clearance violation ( clearance 0.2000 mm; actual 0.1970 mm)
    Local override; error
    @(126.2776 mm, 114.5566 mm): Pad 2 [Net-(U8-TS)] of R106 on Bottom Layer
    @(126.2761 mm, 115.8436 mm): Track [VBATT] on Bottom Layer, length 0.4400 mm
[clearance]: Clearance violation ( clearance 0.2000 mm; actual 0.1210 mm)
    Local override; error
    @(126.2776 mm, 114.5566 mm): Pad 2 [Net-(U8-TS)] of R106 on Bottom Layer
    @(125.5761 mm, 115.2636 mm): Track [VBATT] on Bottom Layer, length 0.7139 mm
[clearance]: Clearance violation ( clearance 0.2000 mm; actual 0.1500 mm)
    Local override; error
    @(140.8761 mm, 113.6036 mm): Track [VU] on Top Layer, length 0.8544 mm
    @(140.0761 mm, 115.2036 mm): Track [VBATT] on Top Layer, length 1.2000 mm
[clearance]: Clearance violation ( clearance 0.2000 mm; actual 0.1797 mm)
    Local override; error
    @(139.0761 mm, 114.7036 mm): Track [VBATT] on Top Layer, length 1.1180 mm
    @(140.2461 mm, 116.4336 mm): PTH pad 30 [CHAN20] of X2
[clearance]: Clearance violation ( clearance 0.2000 mm; actual 0.1680 mm)
    Local override; error
    @(126.8761 mm, 115.2036 mm): Track [VBATT] on Top Layer, length 1.8000 mm
    @(127.5461 mm, 116.4336 mm): PTH pad 35 [CHAN25] of X2
[clearance]: Clearance violation ( clearance 0.2000 mm; actual 0.1562 mm)
    Local override; error
    @(141.2761 mm, 115.2036 mm): Track [VBATT] on Top Layer, length 1.2104 mm
    @(140.8761 mm, 113.6036 mm): Track [VU] on Top Layer, length 0.8544 mm
[clearance]: Clearance violation ( clearance 0.2000 mm; actual 0.1625 mm)
    Local override; error
    @(172.9261 mm, 109.2136 mm): Pad 2 [PMOD-2] of R27 on Bottom Layer
    @(173.2761 mm, 109.6036 mm): Blind via [CLK-12M-SHARED] on L5-VCC3V3 - Bottom Layer
[hole_clearance]: Hole clearance violation (board setup constraints hole clearance 0.2500 mm; actual 0.1650 mm)
    Rule: board setup constraints hole; error
    @(146.1761 mm, 97.9036 mm): Buried via [N$LD2A] on L4-SIG - L5-VCC3V3
    @(113.8261 mm, 117.4536 mm): Zone [VCC3V3] on L5-VCC3V3, priority 0
[clearance]: Clearance violation ( clearance 0.2000 mm; actual 0.1750 mm)
    Local override; error
    @(120.7761 mm, 111.9036 mm): Via [Net-(LD4-PadA)] on Top Layer - Bottom Layer
    @(113.8261 mm, 117.4536 mm): Zone [VCC3V3] on L5-VCC3V3, priority 0
[hole_clearance]: Hole clearance violation (board setup constraints hole clearance 0.2500 mm; actual 0.1650 mm)
    Rule: board setup constraints hole; error
    @(142.9761 mm, 103.2536 mm): Buried via [N$LD2A] on L2-GND - L3-SIG
    @(113.8261 mm, 117.4536 mm): Zone [GND] on L2-GND, priority 1
[hole_clearance]: Hole clearance violation (board setup constraints hole clearance 0.2500 mm; actual 0.1650 mm)
    Rule: board setup constraints hole; error
    @(142.3761 mm, 104.2536 mm): Buried via [N$LD2A] on L4-SIG - L5-VCC3V3
    @(113.8261 mm, 117.4536 mm): Zone [VCC3V3] on L5-VCC3V3, priority 0
[hole_clearance]: Hole clearance violation (board setup constraints hole clearance 0.2500 mm; actual 0.1650 mm)
    Rule: board setup constraints hole; error
    @(160.2761 mm, 115.4536 mm): Buried via [NODE_P0] on L4-SIG - L5-VCC3V3
    @(113.8261 mm, 117.4536 mm): Zone [VCC3V3] on L5-VCC3V3, priority 0
[hole_clearance]: Hole clearance violation (board setup constraints hole clearance 0.2500 mm; actual 0.1650 mm)
    Rule: board setup constraints hole; error
    @(143.9761 mm, 99.4536 mm): Buried via [N$LD2A] on L2-GND - L3-SIG
    @(113.8261 mm, 117.4536 mm): Zone [GND] on L2-GND, priority 1
[hole_clearance]: Hole clearance violation (board setup constraints hole clearance 0.2500 mm; actual 0.1650 mm)
    Rule: board setup constraints hole; error
    @(159.9761 mm, 111.1536 mm): Blind via [SD-CMD] on L5-VCC3V3 - Bottom Layer
    @(113.8261 mm, 117.4536 mm): Zone [VCC3V3] on L5-VCC3V3, priority 0
[clearance]: Clearance violation ( clearance 0.2000 mm; actual 0.0900 mm)
    Local override; error
    @(159.0761 mm, 116.7036 mm): Blind via [ANALOG-IO0] on L5-VCC3V3 - Bottom Layer
    @(113.8261 mm, 117.4536 mm): Zone [VCC3V3] on L5-VCC3V3, priority 0
[clearance]: Clearance violation ( clearance 0.2000 mm; actual 0.0900 mm)
    Local override; error
    @(157.0261 mm, 116.2536 mm): Buried via [ANALOG-IO1] on L4-SIG - L5-VCC3V3
    @(113.8261 mm, 117.4536 mm): Zone [VCC3V3] on L5-VCC3V3, priority 0
[hole_clearance]: Hole clearance violation (board setup constraints hole clearance 0.2500 mm; actual 0.1650 mm)
    Rule: board setup constraints hole; error
    @(143.9761 mm, 99.4536 mm): Blind via [N$LD2A] on Top Layer - L2-GND
    @(113.8261 mm, 117.4536 mm): Zone [GND] on L2-GND, priority 1
[hole_clearance]: Hole clearance violation (board setup constraints hole clearance 0.2500 mm; actual 0.1650 mm)
    Rule: board setup constraints hole; error
    @(142.9761 mm, 103.2536 mm): Blind via [N$LD2A] on Top Layer - L2-GND
    @(113.8261 mm, 117.4536 mm): Zone [GND] on L2-GND, priority 1
[clearance]: Clearance violation ( clearance 0.2000 mm; actual 0.1750 mm)
    Local override; error
    @(135.3261 mm, 104.7536 mm): Via [N$LD2A] on Top Layer - Bottom Layer
    @(113.8261 mm, 117.4536 mm): Zone [VCC3V3] on L5-VCC3V3, priority 0
[clearance]: Clearance violation ( clearance 0.2000 mm; actual 0.1119 mm)
    Local override; error
    @(172.9261 mm, 112.0536 mm): Pad 2 [CLK-12M-FT] of R24 on Bottom Layer
    @(172.6261 mm, 112.3536 mm): Track [CLK-12M-SHARED] on Bottom Layer, length 1.4500 mm
[clearance]: Clearance violation ( clearance 0.2000 mm; actual 0.1740 mm)
    Local override; error
    @(172.3261 mm, 112.0536 mm): Track [CLK-12M-SHARED] on Bottom Layer, length 0.4243 mm
    @(172.9261 mm, 112.0536 mm): Pad 2 [CLK-12M-FT] of R24 on Bottom Layer
[clearance]: Clearance violation ( clearance 0.2000 mm; actual 0.1094 mm)
    Local override; error
    @(157.4261 mm, 98.9386 mm): Pad 3 [FLASH-D02] of U4 on Top Layer
    @(155.7261 mm, 99.0536 mm): Track [CLK-12M-SHARED] on Top Layer, length 1.0204 mm
[clearance]: Clearance violation ( clearance 0.2000 mm; actual 0.0900 mm)
    Local override; error
    @(159.0761 mm, 116.7036 mm): Buried via [ANALOG-IO0] on L4-SIG - L5-VCC3V3
    @(113.8261 mm, 117.4536 mm): Zone [VCC3V3] on L5-VCC3V3, priority 0
[clearance]: Clearance violation ( clearance 0.2000 mm; actual 0.0990 mm)
    Local override; error
    @(156.6011 mm, 98.5286 mm): Track [CLK-12M-SHARED] on Top Layer, length 1.9878 mm
    @(157.4261 mm, 98.9386 mm): Pad 3 [FLASH-D02] of U4 on Top Layer
[clearance]: Clearance violation ( clearance 0.2000 mm; actual 0.1750 mm)
    Local override; error
    @(125.5761 mm, 106.7036 mm): Via [VU] on Top Layer - Bottom Layer
    @(113.8261 mm, 117.4536 mm): Zone [GND] on L2-GND, priority 1
[clearance]: Clearance violation ( clearance 0.2000 mm; actual 0.1750 mm)
    Local override; error
    @(126.0161 mm, 106.7036 mm): Via [VU] on Top Layer - Bottom Layer
    @(113.8261 mm, 117.4536 mm): Zone [GND] on L2-GND, priority 1
[clearance]: Clearance violation ( clearance 0.2000 mm; actual 0.1750 mm)
    Local override; error
    @(126.2761 mm, 115.8436 mm): Via [VBATT] on Top Layer - Bottom Layer
    @(113.8261 mm, 117.4536 mm): Zone [GND] on L2-GND, priority 1
[clearance]: Clearance violation ( clearance 0.2000 mm; actual 0.1750 mm)
    Local override; error
    @(126.2761 mm, 115.4036 mm): Via [VBATT] on Top Layer - Bottom Layer
    @(113.8261 mm, 117.4536 mm): Zone [GND] on L2-GND, priority 1
[hole_clearance]: Hole clearance violation (board setup constraints hole clearance 0.2500 mm; actual 0.1650 mm)
    Rule: board setup constraints hole; error
    @(157.0261 mm, 116.2536 mm): Blind via [ANALOG-IO1] on L5-VCC3V3 - Bottom Layer
    @(113.8261 mm, 117.4536 mm): Zone [VCC3V3] on L5-VCC3V3, priority 0
[clearance]: Clearance violation ( clearance 0.2000 mm; actual 0.0900 mm)
    Local override; error
    @(168.9761 mm, 101.5036 mm): Blind via [CLK-12M-SHARED] on L5-VCC3V3 - Bottom Layer
    @(113.8261 mm, 117.4536 mm): Zone [VCC3V3] on L5-VCC3V3, priority 0
[clearance]: Clearance violation ( clearance 0.2000 mm; actual 0.0900 mm)
    Local override; error
    @(173.2761 mm, 109.6036 mm): Blind via [CLK-12M-SHARED] on L5-VCC3V3 - Bottom Layer
    @(113.8261 mm, 117.4536 mm): Zone [VCC3V3] on L5-VCC3V3, priority 0
[clearance]: Clearance violation ( clearance 0.2000 mm; actual 0.1000 mm)
    Local override; error
    @(146.0761 mm, 96.4036 mm): Blind via [N$BTN] on L5-VCC3V3 - Bottom Layer
    @(145.4761 mm, 96.2538 mm): Pad 1 [GND] of R86 on Bottom Layer
[clearance]: Clearance violation ( clearance 0.2000 mm; actual 0.0900 mm)
    Local override; error
    @(167.2761 mm, 100.5036 mm): Blind via [CLK-12M-SHARED] on L5-VCC3V3 - Bottom Layer
    @(113.8261 mm, 117.4536 mm): Zone [VCC3V3] on L5-VCC3V3, priority 0
[hole_clearance]: Hole clearance violation (board setup constraints hole clearance 0.2500 mm; actual 0.1650 mm)
    Rule: board setup constraints hole; error
    @(146.1761 mm, 97.9036 mm): Blind via [N$LD2A] on L5-VCC3V3 - Bottom Layer
    @(113.8261 mm, 117.4536 mm): Zone [VCC3V3] on L5-VCC3V3, priority 0
[clearance]: Clearance violation ( clearance 0.2000 mm; actual 0.0900 mm)
    Local override; error
    @(162.5761 mm, 98.9036 mm): Blind via [CLK-12M-SHARED] on L5-VCC3V3 - Bottom Layer
    @(113.8261 mm, 117.4536 mm): Zone [VCC3V3] on L5-VCC3V3, priority 0
[clearance]: Clearance violation ( clearance 0.2000 mm; actual 0.0900 mm)
    Local override; error
    @(165.7761 mm, 101.1036 mm): Blind via [CLK-12M-SHARED] on L5-VCC3V3 - Bottom Layer
    @(113.8261 mm, 117.4536 mm): Zone [VCC3V3] on L5-VCC3V3, priority 0
[clearance]: Clearance violation ( clearance 0.2000 mm; actual 0.0900 mm)
    Local override; error
    @(173.2761 mm, 109.6036 mm): Buried via [CLK-12M-SHARED] on L4-SIG - L5-VCC3V3
    @(113.8261 mm, 117.4536 mm): Zone [VCC3V3] on L5-VCC3V3, priority 0
[clearance]: Clearance violation ( clearance 0.2000 mm; actual 0.0900 mm)
    Local override; error
    @(167.2761 mm, 100.5036 mm): Buried via [CLK-12M-SHARED] on L4-SIG - L5-VCC3V3
    @(113.8261 mm, 117.4536 mm): Zone [VCC3V3] on L5-VCC3V3, priority 0
[hole_clearance]: Hole clearance violation (board setup constraints hole clearance 0.2500 mm; actual 0.1650 mm)
    Rule: board setup constraints hole; error
    @(152.9261 mm, 115.2036 mm): Buried via [ANALOG-IO1] on L4-SIG - L5-VCC3V3
    @(113.8261 mm, 117.4536 mm): Zone [VCC3V3] on L5-VCC3V3, priority 0
[hole_clearance]: Hole clearance violation (board setup constraints hole clearance 0.2500 mm; actual 0.1650 mm)
    Rule: board setup constraints hole; error
    @(152.9261 mm, 115.2036 mm): Blind via [ANALOG-IO1] on L5-VCC3V3 - Bottom Layer
    @(113.8261 mm, 117.4536 mm): Zone [VCC3V3] on L5-VCC3V3, priority 0
[clearance]: Clearance violation ( clearance 0.2000 mm; actual 0.0900 mm)
    Local override; error
    @(168.9761 mm, 101.5036 mm): Buried via [CLK-12M-SHARED] on L4-SIG - L5-VCC3V3
    @(113.8261 mm, 117.4536 mm): Zone [VCC3V3] on L5-VCC3V3, priority 0
[clearance]: Clearance violation ( clearance 0.2000 mm; actual 0.0900 mm)
    Local override; error
    @(165.7761 mm, 101.1036 mm): Buried via [CLK-12M-SHARED] on L4-SIG - L5-VCC3V3
    @(113.8261 mm, 117.4536 mm): Zone [VCC3V3] on L5-VCC3V3, priority 0
[clearance]: Clearance violation ( clearance 0.2000 mm; actual 0.0900 mm)
    Local override; error
    @(134.7761 mm, 102.0036 mm): Blind via [N$BTN] on L5-VCC3V3 - Bottom Layer
    @(113.8261 mm, 117.4536 mm): Zone [VCC3V3] on L5-VCC3V3, priority 0
[clearance]: Clearance violation ( clearance 0.2000 mm; actual 0.1750 mm)
    Local override; error
    @(125.5761 mm, 106.7036 mm): Via [VU] on Top Layer - Bottom Layer
    @(113.8261 mm, 117.4536 mm): Zone [VCC3V3] on L5-VCC3V3, priority 0
[clearance]: Clearance violation ( clearance 0.2000 mm; actual 0.0900 mm)
    Local override; error
    @(134.0761 mm, 102.2036 mm): Blind via [N$BTN] on L5-VCC3V3 - Bottom Layer
    @(113.8261 mm, 117.4536 mm): Zone [VCC3V3] on L5-VCC3V3, priority 0
[clearance]: Clearance violation ( clearance 0.2000 mm; actual 0.1750 mm)
    Local override; error
    @(126.0161 mm, 106.7036 mm): Via [VU] on Top Layer - Bottom Layer
    @(113.8261 mm, 117.4536 mm): Zone [VCC3V3] on L5-VCC3V3, priority 0
[clearance]: Clearance violation ( clearance 0.2000 mm; actual 0.1750 mm)
    Local override; error
    @(126.2761 mm, 115.8436 mm): Via [VBATT] on Top Layer - Bottom Layer
    @(113.8261 mm, 117.4536 mm): Zone [VCC3V3] on L5-VCC3V3, priority 0
[hole_clearance]: Hole clearance violation (board setup constraints hole clearance 0.2500 mm; actual 0.1650 mm)
    Rule: board setup constraints hole; error
    @(159.0761 mm, 116.7036 mm): Blind via [ANALOG-IO0] on L5-VCC3V3 - Bottom Layer
    @(113.8261 mm, 117.4536 mm): Zone [VCC3V3] on L5-VCC3V3, priority 0
[clearance]: Clearance violation ( clearance 0.2000 mm; actual 0.1486 mm)
    Local override; error
    @(143.8761 mm, 97.6036 mm): Track [N$BTN] on L3-SIG, length 2.5060 mm
    @(144.0960 mm, 96.4451 mm): PTH pad MH1 [GND] of X1
[clearance]: Clearance violation ( clearance 0.2000 mm; actual 0.1750 mm)
    Local override; error
    @(126.2761 mm, 115.4036 mm): Via [VBATT] on Top Layer - Bottom Layer
    @(113.8261 mm, 117.4536 mm): Zone [VCC3V3] on L5-VCC3V3, priority 0
[clearance]: Clearance violation ( clearance 0.2000 mm; actual 0.1750 mm)
    Local override; error
    @(159.4761 mm, 98.6036 mm): Via [CLK-12M-SHARED] on Top Layer - Bottom Layer
    @(113.8261 mm, 117.4536 mm): Zone [GND] on L2-GND, priority 1
[clearance]: Clearance violation ( clearance 0.2000 mm; actual 0.0900 mm)
    Local override; error
    @(146.0761 mm, 96.4036 mm): Blind via [N$BTN] on L5-VCC3V3 - Bottom Layer
    @(113.8261 mm, 117.4536 mm): Zone [VCC3V3] on L5-VCC3V3, priority 0
[clearance]: Clearance violation ( clearance 0.2000 mm; actual 0.1056 mm)
    Local override; error
    @(147.6763 mm, 96.2538 mm): Track [N$BTN] on Bottom Layer, length 1.6969 mm
    @(149.0962 mm, 96.4451 mm): PTH pad MH2 [GND] of X1
[hole_clearance]: Hole clearance violation (board setup constraints hole clearance 0.2500 mm; actual 0.1650 mm)
    Rule: board setup constraints hole; error
    @(157.0261 mm, 116.2536 mm): Buried via [ANALOG-IO1] on L4-SIG - L5-VCC3V3
    @(113.8261 mm, 117.4536 mm): Zone [VCC3V3] on L5-VCC3V3, priority 0
[hole_clearance]: Hole clearance violation (board setup constraints hole clearance 0.2500 mm; actual 0.1650 mm)
    Rule: board setup constraints hole; error
    @(173.2761 mm, 109.6036 mm): Blind via [CLK-12M-SHARED] on L5-VCC3V3 - Bottom Layer
    @(113.8261 mm, 117.4536 mm): Zone [VCC3V3] on L5-VCC3V3, priority 0
[hole_clearance]: Hole clearance violation (board setup constraints hole clearance 0.2500 mm; actual 0.1650 mm)
    Rule: board setup constraints hole; error
    @(168.9761 mm, 101.5036 mm): Blind via [CLK-12M-SHARED] on L5-VCC3V3 - Bottom Layer
    @(113.8261 mm, 117.4536 mm): Zone [VCC3V3] on L5-VCC3V3, priority 0
[clearance]: Clearance violation ( clearance 0.2000 mm; actual 0.0900 mm)
    Local override; error
    @(146.0761 mm, 96.4036 mm): Buried via [N$BTN] on L4-SIG - L5-VCC3V3
    @(113.8261 mm, 117.4536 mm): Zone [VCC3V3] on L5-VCC3V3, priority 0
[clearance]: Clearance violation ( clearance 0.2000 mm; actual 0.1529 mm)
    Local override; error
    @(136.2512 mm, 106.0937 mm): Pad 2 [LED0_B] of LD0 on Top Layer
    @(135.3761 mm, 105.8786 mm): Track [LD5_K] on Top Layer, length 0.5213 mm
[clearance]: Clearance violation ( clearance 0.2000 mm; actual 0.1500 mm)
    Local override; error
    @(125.7311 mm, 112.1036 mm): Track [VU] on Top Layer, length 1.2310 mm
    @(125.0311 mm, 114.2786 mm): Track [LD5_K] on Top Layer, length 8.4000 mm
[hole_clearance]: Hole clearance violation (board setup constraints hole clearance 0.2500 mm; actual 0.1650 mm)
    Rule: board setup constraints hole; error
    @(167.2761 mm, 100.5036 mm): Blind via [CLK-12M-SHARED] on L5-VCC3V3 - Bottom Layer
    @(113.8261 mm, 117.4536 mm): Zone [VCC3V3] on L5-VCC3V3, priority 0
[hole_clearance]: Hole clearance violation (board setup constraints hole clearance 0.2500 mm; actual 0.1650 mm)
    Rule: board setup constraints hole; error
    @(167.2761 mm, 100.5036 mm): Buried via [CLK-12M-SHARED] on L4-SIG - L5-VCC3V3
    @(113.8261 mm, 117.4536 mm): Zone [VCC3V3] on L5-VCC3V3, priority 0
[clearance]: Clearance violation ( clearance 0.2000 mm; actual 0.1499 mm)
    Local override; error
    @(125.0311 mm, 105.8786 mm): Track [LD5_K] on Top Layer, length 10.3450 mm
    @(127.7261 mm, 105.3287 mm): Pad 4 [VCC3V3] of X3 on Top Layer
[clearance]: Clearance violation ( clearance 0.2000 mm; actual 0.1245 mm)
    Local override; error
    @(135.8761 mm, 105.7311 mm): Track [LD5_K] on Top Layer, length 1.0500 mm
    @(136.2512 mm, 106.0937 mm): Pad 2 [LED0_B] of LD0 on Top Layer
[hole_clearance]: Hole clearance violation (board setup constraints hole clearance 0.2500 mm; actual 0.1650 mm)
    Rule: board setup constraints hole; error
    @(162.5761 mm, 98.9036 mm): Blind via [CLK-12M-SHARED] on L5-VCC3V3 - Bottom Layer
    @(113.8261 mm, 117.4536 mm): Zone [VCC3V3] on L5-VCC3V3, priority 0
[clearance]: Clearance violation ( clearance 0.2000 mm; actual 0.1250 mm)
    Local override; error
    @(123.8261 mm, 110.3536 mm): Via [Net-(U8-CHG)] on Top Layer - Bottom Layer
    @(123.4761 mm, 110.7036 mm): Track [Net-(U8-PGOOD)] on Top Layer, length 1.1000 mm
[clearance]: Clearance violation ( clearance 0.2000 mm; actual 0.1499 mm)
    Local override; error
    @(137.7262 mm, 100.3186 mm): Pad K [Net-(U8-CHG)] of LD4 on Top Layer
    @(138.3761 mm, 101.5186 mm): Track [Net-(U8-PGOOD)] on Top Layer, length 3.2150 mm
[clearance]: Clearance violation ( clearance 0.2000 mm; actual 0.0900 mm)
    Local override; error
    @(134.0761 mm, 102.2036 mm): Buried via [N$BTN] on L4-SIG - L5-VCC3V3
    @(113.8261 mm, 117.4536 mm): Zone [VCC3V3] on L5-VCC3V3, priority 0
[clearance]: Clearance violation ( clearance 0.2000 mm; actual 0.1516 mm)
    Local override; error
    @(139.3511 mm, 101.3535 mm): Pad 3 [unconnected-(U2-OSCO-Pad3)] of U2 on Top Layer
    @(137.7261 mm, 101.5186 mm): Track [Net-(U8-PGOOD)] on Top Layer, length 0.6500 mm
[hole_clearance]: Hole clearance violation (board setup constraints hole clearance 0.2500 mm; actual 0.1650 mm)
    Rule: board setup constraints hole; error
    @(173.2761 mm, 109.6036 mm): Buried via [CLK-12M-SHARED] on L4-SIG - L5-VCC3V3
    @(113.8261 mm, 117.4536 mm): Zone [VCC3V3] on L5-VCC3V3, priority 0
[clearance]: Clearance violation ( clearance 0.2000 mm; actual 0.1200 mm)
    Local override; error
    @(125.0311 mm, 105.8786 mm): Track [LD5_K] on Top Layer, length 10.3450 mm
    @(124.8111 mm, 113.5536 mm): Track [Net-(LD3-PadA)] on Top Layer, length 9.9150 mm
[clearance]: Clearance violation ( clearance 0.2000 mm; actual 0.0900 mm)
    Local override; error
    @(134.4511 mm, 107.2336 mm): Blind via [N$BTN] on L5-VCC3V3 - Bottom Layer
    @(113.8261 mm, 117.4536 mm): Zone [VCC3V3] on L5-VCC3V3, priority 0
[clearance]: Clearance violation ( clearance 0.2000 mm; actual 0.1220 mm)
    Local override; error
    @(124.8111 mm, 103.6386 mm): Track [Net-(LD3-PadA)] on Top Layer, length 4.0650 mm
    @(127.7261 mm, 103.1285 mm): Pad 2 [SD-DAT3] of X3 on Top Layer
[clearance]: Clearance violation ( clearance 0.2000 mm; actual 0.1000 mm)
    Local override; error
    @(128.8761 mm, 101.9036 mm): Track [Net-(LD3-PadA)] on Top Layer, length 6.6000 mm
    @(134.0761 mm, 102.2036 mm): Blind via [N$BTN] on Top Layer - L2-GND
[clearance]: Clearance violation ( clearance 0.2000 mm; actual 0.1200 mm)
    Local override; error
    @(122.1761 mm, 113.5536 mm): Track [Net-(LD3-PadA)] on Top Layer, length 2.6350 mm
    @(125.0311 mm, 114.2786 mm): Track [LD5_K] on Top Layer, length 8.4000 mm
[clearance]: Clearance violation ( clearance 0.2000 mm; actual 0.1700 mm)
    Local override; error
    @(172.3261 mm, 106.3736 mm): Pad 1 [PMOD-7] of R30 on Bottom Layer
    @(172.2761 mm, 105.9036 mm): Blind via [JA8] on L5-VCC3V3 - Bottom Layer
[clearance]: Clearance violation ( clearance 0.2000 mm; actual 0.1853 mm)
    Local override; error
    @(173.1761 mm, 105.9036 mm): Blind via [JA8] on L5-VCC3V3 - Bottom Layer
    @(172.9261 mm, 106.3736 mm): Pad 2 [JA7] of R30 on Bottom Layer
[clearance]: Clearance violation ( clearance 0.2000 mm; actual 0.0900 mm)
    Local override; error
    @(134.4511 mm, 107.2336 mm): Buried via [N$BTN] on L4-SIG - L5-VCC3V3
    @(113.8261 mm, 117.4536 mm): Zone [VCC3V3] on L5-VCC3V3, priority 0
[clearance]: Clearance violation ( clearance 0.2000 mm; actual 0.0900 mm)
    Local override; error
    @(134.4511 mm, 107.2336 mm): Buried via [N$BTN] on L2-GND - L3-SIG
    @(113.8261 mm, 117.4536 mm): Zone [GND] on L2-GND, priority 1
[hole_clearance]: Hole clearance violation (board setup constraints hole clearance 0.2500 mm; actual 0.1650 mm)
    Rule: board setup constraints hole; error
    @(134.7761 mm, 102.0036 mm): Blind via [N$BTN] on L5-VCC3V3 - Bottom Layer
    @(113.8261 mm, 117.4536 mm): Zone [VCC3V3] on L5-VCC3V3, priority 0
[hole_clearance]: Hole clearance violation (board setup constraints hole clearance 0.2500 mm; actual 0.1650 mm)
    Rule: board setup constraints hole; error
    @(168.9761 mm, 101.5036 mm): Buried via [CLK-12M-SHARED] on L4-SIG - L5-VCC3V3
    @(113.8261 mm, 117.4536 mm): Zone [VCC3V3] on L5-VCC3V3, priority 0
[clearance]: Clearance violation ( clearance 0.2000 mm; actual 0.0900 mm)
    Local override; error
    @(134.0761 mm, 102.2036 mm): Blind via [N$BTN] on Top Layer - L2-GND
    @(113.8261 mm, 117.4536 mm): Zone [GND] on L2-GND, priority 1
[clearance]: Clearance violation ( clearance 0.2000 mm; actual 0.0900 mm)
    Local override; error
    @(134.0761 mm, 102.2036 mm): Buried via [N$BTN] on L2-GND - L3-SIG
    @(113.8261 mm, 117.4536 mm): Zone [GND] on L2-GND, priority 1
[clearance]: Clearance violation ( clearance 0.2000 mm; actual 0.0900 mm)
    Local override; error
    @(134.4511 mm, 107.2336 mm): Blind via [N$BTN] on Top Layer - L2-GND
    @(113.8261 mm, 117.4536 mm): Zone [GND] on L2-GND, priority 1
[hole_clearance]: Hole clearance violation (board setup constraints hole clearance 0.2500 mm; actual 0.1650 mm)
    Rule: board setup constraints hole; error
    @(134.0761 mm, 102.2036 mm): Blind via [N$BTN] on L5-VCC3V3 - Bottom Layer
    @(113.8261 mm, 117.4536 mm): Zone [VCC3V3] on L5-VCC3V3, priority 0
[hole_clearance]: Hole clearance violation (board setup constraints hole clearance 0.2500 mm; actual 0.1650 mm)
    Rule: board setup constraints hole; error
    @(165.7761 mm, 101.1036 mm): Buried via [CLK-12M-SHARED] on L4-SIG - L5-VCC3V3
    @(113.8261 mm, 117.4536 mm): Zone [VCC3V3] on L5-VCC3V3, priority 0
[clearance]: Clearance violation ( clearance 0.2000 mm; actual 0.1750 mm)
    Local override; error
    @(159.4761 mm, 98.6036 mm): Via [CLK-12M-SHARED] on Top Layer - Bottom Layer
    @(113.8261 mm, 117.4536 mm): Zone [VCC3V3] on L5-VCC3V3, priority 0
[hole_clearance]: Hole clearance violation (board setup constraints hole clearance 0.2500 mm; actual 0.1650 mm)
    Rule: board setup constraints hole; error
    @(146.0761 mm, 96.4036 mm): Blind via [N$BTN] on L5-VCC3V3 - Bottom Layer
    @(113.8261 mm, 117.4536 mm): Zone [VCC3V3] on L5-VCC3V3, priority 0
[clearance]: Clearance violation ( clearance 0.2000 mm; actual 0.1750 mm)
    Local override; error
    @(121.8761 mm, 114.1036 mm): Via [LD5_K] on Top Layer - Bottom Layer
    @(113.8261 mm, 117.4536 mm): Zone [GND] on L2-GND, priority 1
[clearance]: Clearance violation ( clearance 0.2000 mm; actual 0.1740 mm)
    Local override; error
    @(174.3761 mm, 106.3736 mm): Pad 1 [PMOD-8] of R31 on Bottom Layer
    @(174.5060 mm, 105.9036 mm): Track [JA8] on Bottom Layer, length 0.6647 mm
[clearance]: Clearance violation ( clearance 0.2000 mm; actual 0.1750 mm)
    Local override; error
    @(122.6761 mm, 111.6036 mm): Via [Net-(U8-PGOOD)] on Top Layer - Bottom Layer
    @(113.8261 mm, 117.4536 mm): Zone [GND] on L2-GND, priority 1
[clearance]: Clearance violation ( clearance 0.2000 mm; actual 0.1750 mm)
    Local override; error
    @(134.8761 mm, 104.3036 mm): Via [N$BTN] on Top Layer - Bottom Layer
    @(113.8261 mm, 117.4536 mm): Zone [GND] on L2-GND, priority 1
[clearance]: Clearance violation ( clearance 0.2000 mm; actual 0.0900 mm)
    Local override; error
    @(170.6761 mm, 106.2036 mm): Blind via [JA8] on L5-VCC3V3 - Bottom Layer
    @(113.8261 mm, 117.4536 mm): Zone [VCC3V3] on L5-VCC3V3, priority 0
[clearance]: Clearance violation ( clearance 0.2000 mm; actual 0.1750 mm)
    Local override; error
    @(121.8761 mm, 113.3036 mm): Via [Net-(LD3-PadA)] on Top Layer - Bottom Layer
    @(113.8261 mm, 117.4536 mm): Zone [GND] on L2-GND, priority 1
[clearance]: Clearance violation ( clearance 0.2000 mm; actual 0.0900 mm)
    Local override; error
    @(172.2761 mm, 105.9036 mm): Blind via [JA8] on L5-VCC3V3 - Bottom Layer
    @(113.8261 mm, 117.4536 mm): Zone [VCC3V3] on L5-VCC3V3, priority 0
[clearance]: Clearance violation ( clearance 0.2000 mm; actual 0.0900 mm)
    Local override; error
    @(173.1761 mm, 105.9036 mm): Blind via [JA8] on L5-VCC3V3 - Bottom Layer
    @(113.8261 mm, 117.4536 mm): Zone [VCC3V3] on L5-VCC3V3, priority 0
[hole_clearance]: Hole clearance violation (board setup constraints hole clearance 0.2500 mm; actual 0.1650 mm)
    Rule: board setup constraints hole; error
    @(159.0761 mm, 116.7036 mm): Buried via [ANALOG-IO0] on L4-SIG - L5-VCC3V3
    @(113.8261 mm, 117.4536 mm): Zone [VCC3V3] on L5-VCC3V3, priority 0
[hole_clearance]: Hole clearance violation (board setup constraints hole clearance 0.2500 mm; actual 0.1650 mm)
    Rule: board setup constraints hole; error
    @(146.0761 mm, 96.4036 mm): Buried via [N$BTN] on L4-SIG - L5-VCC3V3
    @(113.8261 mm, 117.4536 mm): Zone [VCC3V3] on L5-VCC3V3, priority 0
[clearance]: Clearance violation ( clearance 0.2000 mm; actual 0.0900 mm)
    Local override; error
    @(173.1761 mm, 105.9036 mm): Buried via [JA8] on L4-SIG - L5-VCC3V3
    @(113.8261 mm, 117.4536 mm): Zone [VCC3V3] on L5-VCC3V3, priority 0
[clearance]: Clearance violation ( clearance 0.2000 mm; actual 0.1619 mm)
    Local override; error
    @(172.3261 mm, 112.0536 mm): Track [CLK-12M-SHARED] on Bottom Layer, length 1.5000 mm
    @(171.9761 mm, 110.7036 mm): Blind via [JA3] on L5-VCC3V3 - Bottom Layer
[hole_clearance]: Hole clearance violation (board setup constraints hole clearance 0.2500 mm; actual 0.1650 mm)
    Rule: board setup constraints hole; error
    @(134.4511 mm, 107.2336 mm): Buried via [N$BTN] on L4-SIG - L5-VCC3V3
    @(113.8261 mm, 117.4536 mm): Zone [VCC3V3] on L5-VCC3V3, priority 0
[clearance]: Clearance violation ( clearance 0.2000 mm; actual 0.1119 mm)
    Local override; error
    @(170.5761 mm, 110.9036 mm): Blind via [JA3] on L5-VCC3V3 - Bottom Layer
    @(166.6761 mm, 111.2036 mm): Track [CHAN22] on Bottom Layer, length 4.5000 mm
[hole_clearance]: Hole clearance violation (board setup constraints hole clearance 0.2500 mm; actual 0.1650 mm)
    Rule: board setup constraints hole; error
    @(134.0761 mm, 102.2036 mm): Buried via [N$BTN] on L4-SIG - L5-VCC3V3
    @(113.8261 mm, 117.4536 mm): Zone [VCC3V3] on L5-VCC3V3, priority 0
[clearance]: Clearance violation ( clearance 0.2000 mm; actual 0.0900 mm)
    Local override; error
    @(172.2761 mm, 105.9036 mm): Buried via [JA8] on L4-SIG - L5-VCC3V3
    @(113.8261 mm, 117.4536 mm): Zone [VCC3V3] on L5-VCC3V3, priority 0
[hole_clearance]: Hole clearance violation (board setup constraints hole clearance 0.2500 mm; actual 0.1650 mm)
    Rule: board setup constraints hole; error
    @(134.4511 mm, 107.2336 mm): Blind via [N$BTN] on L5-VCC3V3 - Bottom Layer
    @(113.8261 mm, 117.4536 mm): Zone [VCC3V3] on L5-VCC3V3, priority 0
[clearance]: Clearance violation ( clearance 0.2000 mm; actual 0.0900 mm)
    Local override; error
    @(170.6761 mm, 106.2036 mm): Buried via [JA8] on L4-SIG - L5-VCC3V3
    @(113.8261 mm, 117.4536 mm): Zone [VCC3V3] on L5-VCC3V3, priority 0
[hole_clearance]: Hole clearance violation (board setup constraints hole clearance 0.2500 mm; actual 0.1650 mm)
    Rule: board setup constraints hole; error
    @(134.4511 mm, 107.2336 mm): Buried via [N$BTN] on L2-GND - L3-SIG
    @(113.8261 mm, 117.4536 mm): Zone [GND] on L2-GND, priority 1
[hole_clearance]: Hole clearance violation (board setup constraints hole clearance 0.2500 mm; actual 0.1650 mm)
    Rule: board setup constraints hole; error
    @(134.0761 mm, 102.2036 mm): Blind via [N$BTN] on Top Layer - L2-GND
    @(113.8261 mm, 117.4536 mm): Zone [GND] on L2-GND, priority 1
[clearance]: Clearance violation ( clearance 0.2000 mm; actual 0.0900 mm)
    Local override; error
    @(165.0761 mm, 110.6036 mm): Buried via [JA8] on L2-GND - L3-SIG
    @(113.8261 mm, 117.4536 mm): Zone [GND] on L2-GND, priority 1
[clearance]: Clearance violation ( clearance 0.2000 mm; actual 0.1750 mm)
    Local override; error
    @(121.8761 mm, 114.1036 mm): Via [LD5_K] on Top Layer - Bottom Layer
    @(113.8261 mm, 117.4536 mm): Zone [VCC3V3] on L5-VCC3V3, priority 0
[clearance]: Clearance violation ( clearance 0.2000 mm; actual 0.1097 mm)
    Local override; error
    @(170.5761 mm, 110.9036 mm): Buried via [JA3] on L3-SIG - L4-SIG
    @(168.4761 mm, 113.4036 mm): Track [CHAN19] on L3-SIG, length 3.5355 mm
[hole_clearance]: Hole clearance violation (board setup constraints hole clearance 0.2500 mm; actual 0.1650 mm)
    Rule: board setup constraints hole; error
    @(134.4511 mm, 107.2336 mm): Blind via [N$BTN] on Top Layer - L2-GND
    @(113.8261 mm, 117.4536 mm): Zone [GND] on L2-GND, priority 1
[clearance]: Clearance violation ( clearance 0.2000 mm; actual 0.1431 mm)
    Local override; error
    @(165.5761 mm, 112.0036 mm): Buried via [JA3] on L3-SIG - L4-SIG
    @(162.6761 mm, 112.0036 mm): Track [CHAN22] on L3-SIG, length 2.8160 mm
[clearance]: Clearance violation ( clearance 0.2000 mm; actual 0.1000 mm)
    Local override; error
    @(165.5761 mm, 112.0036 mm): Blind via [JA3] on Top Layer - L2-GND
    @(166.5762 mm, 111.8536 mm): Pad 1 [VCC1V0] of C140 on Top Layer
[hole_clearance]: Hole clearance violation (board setup constraints hole clearance 0.2500 mm; actual 0.1650 mm)
    Rule: board setup constraints hole; error
    @(134.0761 mm, 102.2036 mm): Buried via [N$BTN] on L2-GND - L3-SIG
    @(113.8261 mm, 117.4536 mm): Zone [GND] on L2-GND, priority 1
[clearance]: Clearance violation ( clearance 0.2000 mm; actual 0.1431 mm)
    Local override; error
    @(163.9761 mm, 113.1036 mm): Track [CHAN19] on L3-SIG, length 0.2828 mm
    @(164.2761 mm, 112.6036 mm): Buried via [CHAN14] on L3-SIG - L4-SIG
[clearance]: Clearance violation ( clearance 0.2000 mm; actual 0.1750 mm)
    Local override; error
    @(122.6761 mm, 111.6036 mm): Via [Net-(U8-PGOOD)] on Top Layer - Bottom Layer
    @(113.8261 mm, 117.4536 mm): Zone [VCC3V3] on L5-VCC3V3, priority 0
[clearance]: Clearance violation ( clearance 0.2000 mm; actual 0.1097 mm)
    Local override; error
    @(162.6761 mm, 110.6036 mm): Track [CFG-M1] on L4-SIG, length 2.9698 mm
    @(164.2761 mm, 112.6036 mm): Buried via [CHAN14] on L3-SIG - L4-SIG
[clearance]: Clearance violation ( clearance 0.2000 mm; actual 0.0900 mm)
    Local override; error
    @(165.0761 mm, 110.6036 mm): Blind via [JA8] on Top Layer - L2-GND
    @(113.8261 mm, 117.4536 mm): Zone [GND] on L2-GND, priority 1
[clearance]: Clearance violation ( clearance 0.2000 mm; actual 0.1076 mm)
    Local override; error
    @(165.0761 mm, 113.1036 mm): Buried via [CHAN16] on L3-SIG - L4-SIG
    @(164.1761 mm, 112.9036 mm): Track [CHAN19] on L3-SIG, length 2.2091 mm
[clearance]: Clearance violation ( clearance 0.2000 mm; actual 0.1537 mm)
    Local override; error
    @(165.6461 mm, 116.4336 mm): PTH pad 24 [CHAN14] of X2
    @(166.4761 mm, 116.9036 mm): Track [CHAN16] on L3-SIG, length 1.6125 mm
[clearance]: Clearance violation ( clearance 0.2000 mm; actual 0.1750 mm)
    Local override; error
    @(121.8761 mm, 113.3036 mm): Via [Net-(LD3-PadA)] on Top Layer - Bottom Layer
    @(113.8261 mm, 117.4536 mm): Zone [VCC3V3] on L5-VCC3V3, priority 0
[clearance]: Clearance violation ( clearance 0.2000 mm; actual 0.1699 mm)
    Local override; error
    @(161.5361 mm, 117.4036 mm): Track [CHAN16] on L3-SIG, length 4.4400 mm
    @(165.6461 mm, 116.4336 mm): PTH pad 24 [CHAN14] of X2
[clearance]: Clearance violation ( clearance 0.2000 mm; actual 0.1191 mm)
    Local override; error
    @(165.9761 mm, 117.4036 mm): Track [CHAN16] on L3-SIG, length 0.7071 mm
    @(165.6461 mm, 116.4336 mm): PTH pad 24 [CHAN14] of X2
[clearance]: Clearance violation ( clearance 0.2000 mm; actual 0.1750 mm)
    Local override; error
    @(134.8761 mm, 104.3036 mm): Via [N$BTN] on Top Layer - Bottom Layer
    @(113.8261 mm, 117.4536 mm): Zone [VCC3V3] on L5-VCC3V3, priority 0
[clearance]: Clearance violation ( clearance 0.2000 mm; actual 0.1000 mm)
    Local override; error
    @(165.0761 mm, 113.1036 mm): Blind via [CHAN16] on Top Layer - L2-GND
    @(161.7761 mm, 114.1036 mm): Track [VU] on Top Layer, length 7.8000 mm
[hole_clearance]: Hole clearance violation (board setup constraints hole clearance 0.2500 mm; actual 0.1650 mm)
    Rule: board setup constraints hole; error
    @(170.6761 mm, 106.2036 mm): Blind via [JA8] on L5-VCC3V3 - Bottom Layer
    @(113.8261 mm, 117.4536 mm): Zone [VCC3V3] on L5-VCC3V3, priority 0
[clearance]: Clearance violation ( clearance 0.2000 mm; actual 0.0900 mm)
    Local override; error
    @(170.5761 mm, 110.9036 mm): Blind via [JA3] on L5-VCC3V3 - Bottom Layer
    @(113.8261 mm, 117.4536 mm): Zone [VCC3V3] on L5-VCC3V3, priority 0
[clearance]: Clearance violation ( clearance 0.2000 mm; actual 0.0900 mm)
    Local override; error
    @(172.8761 mm, 110.7036 mm): Blind via [JA3] on L5-VCC3V3 - Bottom Layer
    @(113.8261 mm, 117.4536 mm): Zone [VCC3V3] on L5-VCC3V3, priority 0
[hole_clearance]: Hole clearance violation (board setup constraints hole clearance 0.2500 mm; actual 0.1650 mm)
    Rule: board setup constraints hole; error
    @(172.2761 mm, 105.9036 mm): Blind via [JA8] on L5-VCC3V3 - Bottom Layer
    @(113.8261 mm, 117.4536 mm): Zone [VCC3V3] on L5-VCC3V3, priority 0
[clearance]: Clearance violation ( clearance 0.2000 mm; actual 0.0900 mm)
    Local override; error
    @(171.9761 mm, 110.7036 mm): Blind via [JA3] on L5-VCC3V3 - Bottom Layer
    @(113.8261 mm, 117.4536 mm): Zone [VCC3V3] on L5-VCC3V3, priority 0
[hole_clearance]: Hole clearance violation (board setup constraints hole clearance 0.2500 mm; actual 0.1650 mm)
    Rule: board setup constraints hole; error
    @(173.1761 mm, 105.9036 mm): Buried via [JA8] on L4-SIG - L5-VCC3V3
    @(113.8261 mm, 117.4536 mm): Zone [VCC3V3] on L5-VCC3V3, priority 0
[hole_clearance]: Hole clearance violation (board setup constraints hole clearance 0.2500 mm; actual 0.1650 mm)
    Rule: board setup constraints hole; error
    @(173.1761 mm, 105.9036 mm): Blind via [JA8] on L5-VCC3V3 - Bottom Layer
    @(113.8261 mm, 117.4536 mm): Zone [VCC3V3] on L5-VCC3V3, priority 0
[clearance]: Clearance violation ( clearance 0.2000 mm; actual 0.1542 mm)
    Local override; error
    @(151.0761 mm, 97.9036 mm): Blind via [CHAN19] on L5-VCC3V3 - Bottom Layer
    @(150.6761 mm, 98.6536 mm): Pad 2 [N$LD1A] of R83 on Bottom Layer
[clearance]: Clearance violation ( clearance 0.2000 mm; actual 0.0900 mm)
    Local override; error
    @(172.8761 mm, 110.7036 mm): Buried via [JA3] on L4-SIG - L5-VCC3V3
    @(113.8261 mm, 117.4536 mm): Zone [VCC3V3] on L5-VCC3V3, priority 0
[clearance]: Clearance violation ( clearance 0.2000 mm; actual 0.0900 mm)
    Local override; error
    @(170.5761 mm, 110.9036 mm): Buried via [JA3] on L4-SIG - L5-VCC3V3
    @(113.8261 mm, 117.4536 mm): Zone [VCC3V3] on L5-VCC3V3, priority 0
[clearance]: Clearance violation ( clearance 0.2000 mm; actual 0.0900 mm)
    Local override; error
    @(171.9761 mm, 110.7036 mm): Buried via [JA3] on L4-SIG - L5-VCC3V3
    @(113.8261 mm, 117.4536 mm): Zone [VCC3V3] on L5-VCC3V3, priority 0
[hole_clearance]: Hole clearance violation (board setup constraints hole clearance 0.2500 mm; actual 0.1650 mm)
    Rule: board setup constraints hole; error
    @(172.2761 mm, 105.9036 mm): Buried via [JA8] on L4-SIG - L5-VCC3V3
    @(113.8261 mm, 117.4536 mm): Zone [VCC3V3] on L5-VCC3V3, priority 0
[clearance]: Clearance violation ( clearance 0.2000 mm; actual 0.0900 mm)
    Local override; error
    @(165.5761 mm, 112.0036 mm): Buried via [JA3] on L2-GND - L3-SIG
    @(113.8261 mm, 117.4536 mm): Zone [GND] on L2-GND, priority 1
[clearance]: Clearance violation ( clearance 0.2000 mm; actual 0.0900 mm)
    Local override; error
    @(165.5761 mm, 112.0036 mm): Blind via [JA3] on Top Layer - L2-GND
    @(113.8261 mm, 117.4536 mm): Zone [GND] on L2-GND, priority 1
[clearance]: Clearance violation ( clearance 0.2000 mm; actual 0.0900 mm)
    Local override; error
    @(164.2761 mm, 112.6036 mm): Buried via [CHAN14] on L2-GND - L3-SIG
    @(113.8261 mm, 117.4536 mm): Zone [GND] on L2-GND, priority 1
[clearance]: Clearance violation ( clearance 0.2000 mm; actual 0.0900 mm)
    Local override; error
    @(164.2761 mm, 112.6036 mm): Blind via [CHAN14] on Top Layer - L2-GND
    @(113.8261 mm, 117.4536 mm): Zone [GND] on L2-GND, priority 1
[hole_clearance]: Hole clearance violation (board setup constraints hole clearance 0.2500 mm; actual 0.1650 mm)
    Rule: board setup constraints hole; error
    @(165.0761 mm, 110.6036 mm): Buried via [JA8] on L2-GND - L3-SIG
    @(113.8261 mm, 117.4536 mm): Zone [GND] on L2-GND, priority 1
[hole_clearance]: Hole clearance violation (board setup constraints hole clearance 0.2500 mm; actual 0.1650 mm)
    Rule: board setup constraints hole; error
    @(170.6761 mm, 106.2036 mm): Buried via [JA8] on L4-SIG - L5-VCC3V3
    @(113.8261 mm, 117.4536 mm): Zone [VCC3V3] on L5-VCC3V3, priority 0
[clearance]: Clearance violation ( clearance 0.2000 mm; actual 0.0900 mm)
    Local override; error
    @(170.1761 mm, 98.8036 mm): Blind via [CHAN19] on L5-VCC3V3 - Bottom Layer
    @(113.8261 mm, 117.4536 mm): Zone [VCC3V3] on L5-VCC3V3, priority 0
[clearance]: Clearance violation ( clearance 0.2000 mm; actual 0.0900 mm)
    Local override; error
    @(165.0761 mm, 113.1036 mm): Buried via [CHAN16] on L2-GND - L3-SIG
    @(113.8261 mm, 117.4536 mm): Zone [GND] on L2-GND, priority 1
[clearance]: Clearance violation ( clearance 0.2000 mm; actual 0.0900 mm)
    Local override; error
    @(165.0761 mm, 113.1036 mm): Blind via [CHAN16] on Top Layer - L2-GND
    @(113.8261 mm, 117.4536 mm): Zone [GND] on L2-GND, priority 1
[clearance]: Clearance violation ( clearance 0.2000 mm; actual 0.0900 mm)
    Local override; error
    @(142.1761 mm, 101.2036 mm): Blind via [CHAN19] on L5-VCC3V3 - Bottom Layer
    @(113.8261 mm, 117.4536 mm): Zone [VCC3V3] on L5-VCC3V3, priority 0
[hole_clearance]: Hole clearance violation (board setup constraints hole clearance 0.2500 mm; actual 0.1650 mm)
    Rule: board setup constraints hole; error
    @(170.5761 mm, 110.9036 mm): Blind via [JA3] on L5-VCC3V3 - Bottom Layer
    @(113.8261 mm, 117.4536 mm): Zone [VCC3V3] on L5-VCC3V3, priority 0
[clearance]: Clearance violation ( clearance 0.2000 mm; actual 0.0900 mm)
    Local override; error
    @(173.5761 mm, 104.9036 mm): Blind via [CHAN19] on L5-VCC3V3 - Bottom Layer
    @(113.8261 mm, 117.4536 mm): Zone [VCC3V3] on L5-VCC3V3, priority 0
[clearance]: Clearance violation ( clearance 0.2000 mm; actual 0.0900 mm)
    Local override; error
    @(166.7761 mm, 94.2036 mm): Blind via [CHAN19] on L5-VCC3V3 - Bottom Layer
    @(113.8261 mm, 117.4536 mm): Zone [VCC3V3] on L5-VCC3V3, priority 0
[hole_clearance]: Hole clearance violation (board setup constraints hole clearance 0.2500 mm; actual 0.1650 mm)
    Rule: board setup constraints hole; error
    @(165.0761 mm, 110.6036 mm): Blind via [JA8] on Top Layer - L2-GND
    @(113.8261 mm, 117.4536 mm): Zone [GND] on L2-GND, priority 1
[clearance]: Clearance violation ( clearance 0.2000 mm; actual 0.0900 mm)
    Local override; error
    @(151.0761 mm, 97.9036 mm): Blind via [CHAN19] on L5-VCC3V3 - Bottom Layer
    @(113.8261 mm, 117.4536 mm): Zone [VCC3V3] on L5-VCC3V3, priority 0
[clearance]: Clearance violation ( clearance 0.2000 mm; actual 0.0900 mm)
    Local override; error
    @(140.9761 mm, 102.2036 mm): Blind via [CHAN19] on L5-VCC3V3 - Bottom Layer
    @(113.8261 mm, 117.4536 mm): Zone [VCC3V3] on L5-VCC3V3, priority 0
[hole_clearance]: Hole clearance violation (board setup constraints hole clearance 0.2500 mm; actual 0.1650 mm)
    Rule: board setup constraints hole; error
    @(172.8761 mm, 110.7036 mm): Buried via [JA3] on L4-SIG - L5-VCC3V3
    @(113.8261 mm, 117.4536 mm): Zone [VCC3V3] on L5-VCC3V3, priority 0
[hole_clearance]: Hole clearance violation (board setup constraints hole clearance 0.2500 mm; actual 0.1650 mm)
    Rule: board setup constraints hole; error
    @(172.8761 mm, 110.7036 mm): Blind via [JA3] on L5-VCC3V3 - Bottom Layer
    @(113.8261 mm, 117.4536 mm): Zone [VCC3V3] on L5-VCC3V3, priority 0
[clearance]: Clearance violation ( clearance 0.2000 mm; actual 0.0900 mm)
    Local override; error
    @(140.9761 mm, 102.2036 mm): Buried via [CHAN19] on L4-SIG - L5-VCC3V3
    @(113.8261 mm, 117.4536 mm): Zone [VCC3V3] on L5-VCC3V3, priority 0
[hole_clearance]: Hole clearance violation (board setup constraints hole clearance 0.2500 mm; actual 0.1650 mm)
    Rule: board setup constraints hole; error
    @(171.9761 mm, 110.7036 mm): Blind via [JA3] on L5-VCC3V3 - Bottom Layer
    @(113.8261 mm, 117.4536 mm): Zone [VCC3V3] on L5-VCC3V3, priority 0
[hole_clearance]: Hole clearance violation (board setup constraints hole clearance 0.2500 mm; actual 0.1650 mm)
    Rule: board setup constraints hole; error
    @(165.5761 mm, 112.0036 mm): Buried via [JA3] on L2-GND - L3-SIG
    @(113.8261 mm, 117.4536 mm): Zone [GND] on L2-GND, priority 1
[hole_clearance]: Hole clearance violation (board setup constraints hole clearance 0.2500 mm; actual 0.1650 mm)
    Rule: board setup constraints hole; error
    @(165.5761 mm, 112.0036 mm): Blind via [JA3] on Top Layer - L2-GND
    @(113.8261 mm, 117.4536 mm): Zone [GND] on L2-GND, priority 1
[hole_clearance]: Hole clearance violation (board setup constraints hole clearance 0.2500 mm; actual 0.1650 mm)
    Rule: board setup constraints hole; error
    @(170.5761 mm, 110.9036 mm): Buried via [JA3] on L4-SIG - L5-VCC3V3
    @(113.8261 mm, 117.4536 mm): Zone [VCC3V3] on L5-VCC3V3, priority 0
[clearance]: Clearance violation ( clearance 0.2000 mm; actual 0.1281 mm)
    Local override; error
    @(165.5761 mm, 112.0036 mm): Buried via [JA3] on L2-GND - L3-SIG
    @(162.6761 mm, 112.0036 mm): Track [CHAN22] on L3-SIG, length 2.8160 mm
[hole_clearance]: Hole clearance violation (board setup constraints hole clearance 0.2500 mm; actual 0.1650 mm)
    Rule: board setup constraints hole; error
    @(171.9761 mm, 110.7036 mm): Buried via [JA3] on L4-SIG - L5-VCC3V3
    @(113.8261 mm, 117.4536 mm): Zone [VCC3V3] on L5-VCC3V3, priority 0
[clearance]: Clearance violation ( clearance 0.2000 mm; actual 0.1275 mm)
    Local override; error
    @(173.4761 mm, 106.1036 mm): Track [CHAN19] on L4-SIG, length 1.2042 mm
    @(173.1761 mm, 105.9036 mm): Buried via [JA8] on L4-SIG - L5-VCC3V3
[clearance]: Clearance violation ( clearance 0.2000 mm; actual 0.1725 mm)
    Local override; error
    @(173.2761 mm, 107.1036 mm): Track [CHAN19] on L4-SIG, length 1.0198 mm
    @(173.1761 mm, 105.9036 mm): Buried via [JA8] on L4-SIG - L5-VCC3V3
[clearance]: Clearance violation ( clearance 0.2000 mm; actual 0.1678 mm)
    Local override; error
    @(141.2761 mm, 116.7036 mm): Buried via [CHAN19] on L3-SIG - L4-SIG
    @(140.2461 mm, 116.4336 mm): PTH pad 30 [CHAN20] of X2
[clearance]: Clearance violation ( clearance 0.2000 mm; actual 0.1772 mm)
    Local override; error
    @(148.0761 mm, 116.5036 mm): Buried via [CHAN19] on L3-SIG - L4-SIG
    @(148.4761 mm, 116.7036 mm): Buried via [ANALOG-IO0] on L3-SIG - L4-SIG
[clearance]: Clearance violation ( clearance 0.2000 mm; actual 0.1678 mm)
    Local override; error
    @(141.2761 mm, 116.7036 mm): Buried via [CHAN19] on L3-SIG - L4-SIG
    @(140.2461 mm, 116.4336 mm): PTH pad 30 [CHAN20] of X2
[clearance]: Clearance violation ( clearance 0.2000 mm; actual 0.1622 mm)
    Local override; error
    @(171.9761 mm, 110.7036 mm): Buried via [JA3] on L4-SIG - L5-VCC3V3
    @(171.5761 mm, 110.9036 mm): Buried via [CHAN19] on L3-SIG - L4-SIG
[clearance]: Clearance violation ( clearance 0.2000 mm; actual 0.1772 mm)
    Local override; error
    @(148.0761 mm, 116.5036 mm): Buried via [CHAN19] on L3-SIG - L4-SIG
    @(148.4761 mm, 116.7036 mm): Buried via [ANALOG-IO0] on L3-SIG - L4-SIG
[clearance]: Clearance violation ( clearance 0.2000 mm; actual 0.1301 mm)
    Local override; error
    @(143.9761 mm, 99.4536 mm): Buried via [N$LD2A] on L2-GND - L3-SIG
    @(143.4761 mm, 99.5036 mm): Track [CHAN19] on L3-SIG, length 2.6870 mm
[clearance]: Clearance violation ( clearance 0.2000 mm; actual 0.1431 mm)
    Local override; error
    @(146.1761 mm, 97.9036 mm): Buried via [N$LD2A] on L3-SIG - L4-SIG
    @(146.2761 mm, 97.6036 mm): Track [CHAN19] on L3-SIG, length 4.8094 mm
[clearance]: Clearance violation ( clearance 0.2000 mm; actual 0.1238 mm)
    Local override; error
    @(166.7761 mm, 113.4036 mm): Track [CHAN16] on L3-SIG, length 0.5000 mm
    @(166.3761 mm, 112.7036 mm): Track [CHAN19] on L3-SIG, length 0.8485 mm
[hole_clearance]: Hole clearance violation (board setup constraints hole clearance 0.2500 mm; actual 0.1650 mm)
    Rule: board setup constraints hole; error
    @(164.2761 mm, 112.6036 mm): Buried via [CHAN14] on L2-GND - L3-SIG
    @(113.8261 mm, 117.4536 mm): Zone [GND] on L2-GND, priority 1
[clearance]: Clearance violation ( clearance 0.2000 mm; actual 0.1238 mm)
    Local override; error
    @(166.7761 mm, 113.4036 mm): Track [CHAN16] on L3-SIG, length 0.5000 mm
    @(166.9761 mm, 113.3036 mm): Track [CHAN19] on L3-SIG, length 1.5033 mm
[clearance]: Clearance violation ( clearance 0.2000 mm; actual 0.1269 mm)
    Local override; error
    @(146.1761 mm, 97.9036 mm): Buried via [N$LD2A] on L3-SIG - L4-SIG
    @(145.3761 mm, 97.6036 mm): Track [CHAN19] on L3-SIG, length 0.9000 mm
[hole_clearance]: Hole clearance violation (board setup constraints hole clearance 0.2500 mm; actual 0.1650 mm)
    Rule: board setup constraints hole; error
    @(164.2761 mm, 112.6036 mm): Blind via [CHAN14] on Top Layer - L2-GND
    @(113.8261 mm, 117.4536 mm): Zone [GND] on L2-GND, priority 1
[clearance]: Clearance violation ( clearance 0.2000 mm; actual 0.1281 mm)
    Local override; error
    @(163.9761 mm, 113.1036 mm): Track [CHAN19] on L3-SIG, length 0.2828 mm
    @(164.2761 mm, 112.6036 mm): Buried via [CHAN14] on L2-GND - L3-SIG
[clearance]: Clearance violation ( clearance 0.2000 mm; actual 0.1528 mm)
    Local override; error
    @(141.2761 mm, 116.7036 mm): Buried via [CHAN19] on L2-GND - L3-SIG
    @(140.2461 mm, 116.4336 mm): PTH pad 30 [CHAN20] of X2
[clearance]: Clearance violation ( clearance 0.2000 mm; actual 0.0900 mm)
    Local override; error
    @(166.7761 mm, 94.2036 mm): Buried via [CHAN19] on L4-SIG - L5-VCC3V3
    @(113.8261 mm, 117.4536 mm): Zone [VCC3V3] on L5-VCC3V3, priority 0
[hole_clearance]: Hole clearance violation (board setup constraints hole clearance 0.2500 mm; actual 0.1650 mm)
    Rule: board setup constraints hole; error
    @(170.1761 mm, 98.8036 mm): Blind via [CHAN19] on L5-VCC3V3 - Bottom Layer
    @(113.8261 mm, 117.4536 mm): Zone [VCC3V3] on L5-VCC3V3, priority 0
[clearance]: Clearance violation ( clearance 0.2000 mm; actual 0.1620 mm)
    Local override; error
    @(172.9261 mm, 103.5336 mm): Pad 2 [JA10] of R33 on Bottom Layer
    @(173.2761 mm, 103.4036 mm): Track [CHAN19] on Bottom Layer, length 0.2828 mm
[clearance]: Clearance violation ( clearance 0.2000 mm; actual 0.1404 mm)
    Local override; error
    @(151.7761 mm, 97.4537 mm): Pad 2 [BTN] of R85 on Bottom Layer
    @(151.2761 mm, 96.9036 mm): Track [CHAN19] on Bottom Layer, length 5.0990 mm
[clearance]: Clearance violation ( clearance 0.2000 mm; actual 0.1050 mm)
    Local override; error
    @(155.4861 mm, 93.5736 mm): PTH pad 8 [CHAN5] of X2
    @(154.6761 mm, 93.1036 mm): Track [CHAN19] on Bottom Layer, length 0.7071 mm
[clearance]: Clearance violation ( clearance 0.2000 mm; actual 0.1191 mm)
    Local override; error
    @(165.6461 mm, 93.5736 mm): PTH pad 4 [CHAN1] of X2
    @(165.9761 mm, 92.6036 mm): Track [CHAN19] on Bottom Layer, length 0.7071 mm
[hole_clearance]: Hole clearance violation (board setup constraints hole clearance 0.2500 mm; actual 0.1650 mm)
    Rule: board setup constraints hole; error
    @(142.1761 mm, 101.2036 mm): Blind via [CHAN19] on L5-VCC3V3 - Bottom Layer
    @(113.8261 mm, 117.4536 mm): Zone [VCC3V3] on L5-VCC3V3, priority 0
[clearance]: Clearance violation ( clearance 0.2000 mm; actual 0.1620 mm)
    Local override; error
    @(172.9261 mm, 103.5336 mm): Pad 2 [JA10] of R33 on Bottom Layer
    @(173.2761 mm, 104.6036 mm): Track [CHAN19] on Bottom Layer, length 1.2000 mm
[hole_clearance]: Hole clearance violation (board setup constraints hole clearance 0.2500 mm; actual 0.1650 mm)
    Rule: board setup constraints hole; error
    @(165.0761 mm, 113.1036 mm): Buried via [CHAN16] on L2-GND - L3-SIG
    @(113.8261 mm, 117.4536 mm): Zone [GND] on L2-GND, priority 1
[clearance]: Clearance violation ( clearance 0.2000 mm; actual 0.1243 mm)
    Local override; error
    @(166.4761 mm, 93.1036 mm): Track [CHAN19] on Bottom Layer, length 1.1402 mm
    @(165.6461 mm, 93.5736 mm): PTH pad 4 [CHAN1] of X2
[clearance]: Clearance violation ( clearance 0.2000 mm; actual 0.0926 mm)
    Local override; error
    @(164.1761 mm, 112.9036 mm): Track [CHAN19] on L3-SIG, length 2.2091 mm
    @(165.0761 mm, 113.1036 mm): Buried via [CHAN16] on L2-GND - L3-SIG
[clearance]: Clearance violation ( clearance 0.2000 mm; actual 0.1286 mm)
    Local override; error
    @(151.7761 mm, 97.4537 mm): Pad 2 [BTN] of R85 on Bottom Layer
    @(151.0761 mm, 97.9036 mm): Track [CHAN19] on Bottom Layer, length 1.0198 mm
[clearance]: Clearance violation ( clearance 0.2000 mm; actual 0.0900 mm)
    Local override; error
    @(151.0761 mm, 97.9036 mm): Buried via [CHAN19] on L4-SIG - L5-VCC3V3
    @(113.8261 mm, 117.4536 mm): Zone [VCC3V3] on L5-VCC3V3, priority 0
[hole_clearance]: Hole clearance violation (board setup constraints hole clearance 0.2500 mm; actual 0.1650 mm)
    Rule: board setup constraints hole; error
    @(140.9761 mm, 102.2036 mm): Blind via [CHAN19] on L5-VCC3V3 - Bottom Layer
    @(113.8261 mm, 117.4536 mm): Zone [VCC3V3] on L5-VCC3V3, priority 0
[hole_clearance]: Hole clearance violation (board setup constraints hole clearance 0.2500 mm; actual 0.1650 mm)
    Rule: board setup constraints hole; error
    @(165.0761 mm, 113.1036 mm): Blind via [CHAN16] on Top Layer - L2-GND
    @(113.8261 mm, 117.4536 mm): Zone [GND] on L2-GND, priority 1
[clearance]: Clearance violation ( clearance 0.2000 mm; actual 0.1528 mm)
    Local override; error
    @(141.2761 mm, 116.7036 mm): Blind via [CHAN19] on Top Layer - L2-GND
    @(140.2461 mm, 116.4336 mm): PTH pad 30 [CHAN20] of X2
[clearance]: Clearance violation ( clearance 0.2000 mm; actual 0.1528 mm)
    Local override; error
    @(141.2761 mm, 116.7036 mm): Blind via [CHAN19] on Top Layer - L2-GND
    @(140.2461 mm, 116.4336 mm): PTH pad 30 [CHAN20] of X2
[hole_clearance]: Hole clearance violation (board setup constraints hole clearance 0.2500 mm; actual 0.1650 mm)
    Rule: board setup constraints hole; error
    @(151.0761 mm, 97.9036 mm): Blind via [CHAN19] on L5-VCC3V3 - Bottom Layer
    @(113.8261 mm, 117.4536 mm): Zone [VCC3V3] on L5-VCC3V3, priority 0
[hole_clearance]: Hole clearance violation (board setup constraints hole clearance 0.2500 mm; actual 0.1650 mm)
    Rule: board setup constraints hole; error
    @(165.7761 mm, 101.1036 mm): Blind via [CLK-12M-SHARED] on L5-VCC3V3 - Bottom Layer
    @(113.8261 mm, 117.4536 mm): Zone [VCC3V3] on L5-VCC3V3, priority 0
[hole_clearance]: Hole clearance violation (board setup constraints hole clearance 0.2500 mm; actual 0.1650 mm)
    Rule: board setup constraints hole; error
    @(140.9761 mm, 102.2036 mm): Buried via [CHAN19] on L4-SIG - L5-VCC3V3
    @(113.8261 mm, 117.4536 mm): Zone [VCC3V3] on L5-VCC3V3, priority 0
[clearance]: Clearance violation ( clearance 0.2000 mm; actual 0.0900 mm)
    Local override; error
    @(142.1761 mm, 101.2036 mm): Buried via [CHAN19] on L4-SIG - L5-VCC3V3
    @(113.8261 mm, 117.4536 mm): Zone [VCC3V3] on L5-VCC3V3, priority 0
[clearance]: Clearance violation ( clearance 0.2000 mm; actual 0.1000 mm)
    Local override; error
    @(162.8761 mm, 113.1036 mm): Blind via [CHAN19] on Top Layer - L2-GND
    @(161.7761 mm, 114.1036 mm): Track [VU] on Top Layer, length 7.8000 mm
[clearance]: Clearance violation ( clearance 0.2000 mm; actual 0.0900 mm)
    Local override; error
    @(141.7761 mm, 105.7036 mm): Buried via [CHAN19] on L2-GND - L3-SIG
    @(113.8261 mm, 117.4536 mm): Zone [GND] on L2-GND, priority 1
[clearance]: Clearance violation ( clearance 0.2000 mm; actual 0.0900 mm)
    Local override; error
    @(136.7761 mm, 111.0036 mm): Buried via [CHAN19] on L2-GND - L3-SIG
    @(113.8261 mm, 117.4536 mm): Zone [GND] on L2-GND, priority 1
[clearance]: Clearance violation ( clearance 0.2000 mm; actual 0.0900 mm)
    Local override; error
    @(135.6761 mm, 108.3036 mm): Buried via [CHAN19] on L2-GND - L3-SIG
    @(113.8261 mm, 117.4536 mm): Zone [GND] on L2-GND, priority 1
[hole_clearance]: Hole clearance violation (board setup constraints hole clearance 0.2500 mm; actual 0.1650 mm)
    Rule: board setup constraints hole; error
    @(173.5761 mm, 104.9036 mm): Blind via [CHAN19] on L5-VCC3V3 - Bottom Layer
    @(113.8261 mm, 117.4536 mm): Zone [VCC3V3] on L5-VCC3V3, priority 0
[clearance]: Clearance violation ( clearance 0.2000 mm; actual 0.1191 mm)
    Local override; error
    @(136.8761 mm, 116.9036 mm): Track [CHAN19] on Top Layer, length 0.7071 mm
    @(137.7061 mm, 116.4336 mm): PTH pad 31 [CHAN21] of X2
[clearance]: Clearance violation ( clearance 0.2000 mm; actual 0.0900 mm)
    Local override; error
    @(134.7761 mm, 102.0036 mm): Buried via [N$BTN] on L4-SIG - L5-VCC3V3
    @(113.8261 mm, 117.4536 mm): Zone [VCC3V3] on L5-VCC3V3, priority 0
[clearance]: Clearance violation ( clearance 0.2000 mm; actual 0.1118 mm)
    Local override; error
    @(137.1760 mm, 110.2036 mm): Pad 1 [GND] of C159 on Top Layer
    @(136.8761 mm, 110.4036 mm): Track [CHAN19] on Top Layer, length 0.6000 mm
[clearance]: Clearance violation ( clearance 0.2000 mm; actual 0.0900 mm)
    Local override; error
    @(141.6761 mm, 102.9036 mm): Buried via [CHAN19] on L2-GND - L3-SIG
    @(113.8261 mm, 117.4536 mm): Zone [GND] on L2-GND, priority 1
[clearance]: Clearance violation ( clearance 0.2000 mm; actual 0.0900 mm)
    Local override; error
    @(162.8761 mm, 113.1036 mm): Buried via [CHAN19] on L2-GND - L3-SIG
    @(113.8261 mm, 117.4536 mm): Zone [GND] on L2-GND, priority 1
[clearance]: Clearance violation ( clearance 0.2000 mm; actual 0.0900 mm)
    Local override; error
    @(148.0761 mm, 116.5036 mm): Buried via [CHAN19] on L2-GND - L3-SIG
    @(113.8261 mm, 117.4536 mm): Zone [GND] on L2-GND, priority 1
[clearance]: Clearance violation ( clearance 0.2000 mm; actual 0.1238 mm)
    Local override; error
    @(162.8761 mm, 113.1036 mm): Track [CHAN19] on Top Layer, length 0.9000 mm
    @(163.0761 mm, 112.9036 mm): Track [CHAN16] on Top Layer, length 0.2828 mm
[clearance]: Clearance violation ( clearance 0.2000 mm; actual 0.1200 mm)
    Local override; error
    @(136.5761 mm, 110.2036 mm): Pad 2 [VCC3V3] of C159 on Top Layer
    @(136.7761 mm, 111.0036 mm): Track [CHAN19] on Top Layer, length 0.5000 mm
[clearance]: Clearance violation ( clearance 0.2000 mm; actual 0.1537 mm)
    Local override; error
    @(136.2761 mm, 116.1036 mm): Track [CHAN19] on Top Layer, length 1.0000 mm
    @(137.7061 mm, 116.4336 mm): PTH pad 31 [CHAN21] of X2
[clearance]: Clearance violation ( clearance 0.2000 mm; actual 0.1238 mm)
    Local override; error
    @(162.4761 mm, 111.8036 mm): Track [CHAN19] on Top Layer, length 0.5657 mm
    @(163.0761 mm, 112.9036 mm): Track [CHAN16] on Top Layer, length 1.0000 mm
[clearance]: Clearance violation ( clearance 0.2000 mm; actual 0.1199 mm)
    Local override; error
    @(136.7761 mm, 110.5036 mm): Track [CHAN19] on Top Layer, length 0.1414 mm
    @(137.1760 mm, 110.2036 mm): Pad 1 [GND] of C159 on Top Layer
[clearance]: Clearance violation ( clearance 0.2000 mm; actual 0.1191 mm)
    Local override; error
    @(140.5761 mm, 117.4036 mm): Track [CHAN19] on Top Layer, length 0.9899 mm
    @(140.2461 mm, 116.4336 mm): PTH pad 30 [CHAN20] of X2
[clearance]: Clearance violation ( clearance 0.2000 mm; actual 0.1699 mm)
    Local override; error
    @(137.3761 mm, 117.4036 mm): Track [CHAN19] on Top Layer, length 3.2000 mm
    @(140.2461 mm, 116.4336 mm): PTH pad 30 [CHAN20] of X2
[clearance]: Clearance violation ( clearance 0.2000 mm; actual 0.0947 mm)
    Local override; error
    @(166.8761 mm, 111.4036 mm): Track [FPGA-TDI] on Bottom Layer, length 1.7500 mm
    @(166.6761 mm, 111.2036 mm): Blind via [CHAN22] on L5-VCC3V3 - Bottom Layer
[clearance]: Clearance violation ( clearance 0.2000 mm; actual 0.0900 mm)
    Local override; error
    @(148.0761 mm, 116.5036 mm): Blind via [CHAN19] on Top Layer - L2-GND
    @(113.8261 mm, 117.4536 mm): Zone [GND] on L2-GND, priority 1
[clearance]: Clearance violation ( clearance 0.2000 mm; actual 0.1750 mm)
    Local override; error
    @(136.2761 mm, 116.1036 mm): Via [CHAN19] on Top Layer - Bottom Layer
    @(113.8261 mm, 117.4536 mm): Zone [GND] on L2-GND, priority 1
[clearance]: Clearance violation ( clearance 0.2000 mm; actual 0.1405 mm)
    Local override; error
    @(136.2761 mm, 116.1036 mm): Via [CHAN19] on Top Layer - Bottom Layer
    @(136.2761 mm, 116.6036 mm): Track [CHAN25] on L3-SIG, length 1.2728 mm
[clearance]: Clearance violation ( clearance 0.2000 mm; actual 0.0900 mm)
    Local override; error
    @(173.5761 mm, 104.9036 mm): Buried via [CHAN19] on L4-SIG - L5-VCC3V3
    @(113.8261 mm, 117.4536 mm): Zone [VCC3V3] on L5-VCC3V3, priority 0
[clearance]: Clearance violation ( clearance 0.2000 mm; actual 0.0900 mm)
    Local override; error
    @(135.6761 mm, 108.3036 mm): Blind via [CHAN19] on Top Layer - L2-GND
    @(113.8261 mm, 117.4536 mm): Zone [GND] on L2-GND, priority 1
[clearance]: Clearance violation ( clearance 0.2000 mm; actual 0.0900 mm)
    Local override; error
    @(141.7761 mm, 105.7036 mm): Blind via [CHAN19] on Top Layer - L2-GND
    @(113.8261 mm, 117.4536 mm): Zone [GND] on L2-GND, priority 1
[clearance]: Clearance violation ( clearance 0.2000 mm; actual 0.0900 mm)
    Local override; error
    @(162.8761 mm, 113.1036 mm): Blind via [CHAN19] on Top Layer - L2-GND
    @(113.8261 mm, 117.4536 mm): Zone [GND] on L2-GND, priority 1
[clearance]: Clearance violation ( clearance 0.2000 mm; actual 0.0900 mm)
    Local override; error
    @(141.6761 mm, 102.9036 mm): Blind via [CHAN19] on Top Layer - L2-GND
    @(113.8261 mm, 117.4536 mm): Zone [GND] on L2-GND, priority 1
[clearance]: Clearance violation ( clearance 0.2000 mm; actual 0.0900 mm)
    Local override; error
    @(136.7761 mm, 111.0036 mm): Blind via [CHAN19] on Top Layer - L2-GND
    @(113.8261 mm, 117.4536 mm): Zone [GND] on L2-GND, priority 1
[clearance]: Clearance violation ( clearance 0.2000 mm; actual 0.0900 mm)
    Local override; error
    @(141.2761 mm, 116.7036 mm): Buried via [CHAN19] on L2-GND - L3-SIG
    @(113.8261 mm, 117.4536 mm): Zone [GND] on L2-GND, priority 1
[hole_clearance]: Hole clearance violation (board setup constraints hole clearance 0.2500 mm; actual 0.1650 mm)
    Rule: board setup constraints hole; error
    @(151.0761 mm, 97.9036 mm): Buried via [CHAN19] on L4-SIG - L5-VCC3V3
    @(113.8261 mm, 117.4536 mm): Zone [VCC3V3] on L5-VCC3V3, priority 0
[hole_clearance]: Hole clearance violation (board setup constraints hole clearance 0.2500 mm; actual 0.1650 mm)
    Rule: board setup constraints hole; error
    @(166.7761 mm, 94.2036 mm): Blind via [CHAN19] on L5-VCC3V3 - Bottom Layer
    @(113.8261 mm, 117.4536 mm): Zone [VCC3V3] on L5-VCC3V3, priority 0
[hole_clearance]: Hole clearance violation (board setup constraints hole clearance 0.2500 mm; actual 0.1650 mm)
    Rule: board setup constraints hole; error
    @(136.7761 mm, 111.0036 mm): Buried via [CHAN19] on L2-GND - L3-SIG
    @(113.8261 mm, 117.4536 mm): Zone [GND] on L2-GND, priority 1
[clearance]: Clearance violation ( clearance 0.2000 mm; actual 0.0900 mm)
    Local override; error
    @(141.2761 mm, 116.7036 mm): Blind via [CHAN19] on Top Layer - L2-GND
    @(113.8261 mm, 117.4536 mm): Zone [GND] on L2-GND, priority 1
[hole_clearance]: Hole clearance violation (board setup constraints hole clearance 0.2500 mm; actual 0.1650 mm)
    Rule: board setup constraints hole; error
    @(141.7761 mm, 105.7036 mm): Buried via [CHAN19] on L2-GND - L3-SIG
    @(113.8261 mm, 117.4536 mm): Zone [GND] on L2-GND, priority 1
[clearance]: Clearance violation ( clearance 0.2000 mm; actual 0.0900 mm)
    Local override; error
    @(170.1761 mm, 98.8036 mm): Buried via [CHAN19] on L4-SIG - L5-VCC3V3
    @(113.8261 mm, 117.4536 mm): Zone [VCC3V3] on L5-VCC3V3, priority 0
[clearance]: Clearance violation ( clearance 0.2000 mm; actual 0.1158 mm)
    Local override; error
    @(173.2761 mm, 107.8036 mm): Track [CHAN19] on L4-SIG, length 0.7000 mm
    @(173.2761 mm, 108.8036 mm): Track [CHAN22] on L4-SIG, length 4.6872 mm
[hole_clearance]: Hole clearance violation (board setup constraints hole clearance 0.2500 mm; actual 0.1650 mm)
    Rule: board setup constraints hole; error
    @(135.6761 mm, 108.3036 mm): Buried via [CHAN19] on L2-GND - L3-SIG
    @(113.8261 mm, 117.4536 mm): Zone [GND] on L2-GND, priority 1
[clearance]: Clearance violation ( clearance 0.2000 mm; actual 0.1097 mm)
    Local override; error
    @(172.7761 mm, 109.3036 mm): Buried via [CHAN22] on L3-SIG - L4-SIG
    @(172.6761 mm, 108.8036 mm): Track [CLK-12M-SHARED] on L3-SIG, length 0.8485 mm
[clearance]: Clearance violation ( clearance 0.2000 mm; actual 0.0909 mm)
    Local override; error
    @(152.7761 mm, 95.0036 mm): Track [CHAN22] on L3-SIG, length 2.4042 mm
    @(152.9461 mm, 93.5736 mm): PTH pad 9 [CHAN6] of X2
[clearance]: Clearance violation ( clearance 0.2000 mm; actual 0.1335 mm)
    Local override; error
    @(155.4861 mm, 93.5736 mm): PTH pad 8 [CHAN5] of X2
    @(154.4761 mm, 93.3036 mm): Buried via [CHAN22] on L2-GND - L3-SIG
[hole_clearance]: Hole clearance violation (board setup constraints hole clearance 0.2500 mm; actual 0.1650 mm)
    Rule: board setup constraints hole; error
    @(166.7761 mm, 94.2036 mm): Buried via [CHAN19] on L4-SIG - L5-VCC3V3
    @(113.8261 mm, 117.4536 mm): Zone [VCC3V3] on L5-VCC3V3, priority 0
[clearance]: Clearance violation ( clearance 0.2000 mm; actual 0.0900 mm)
    Local override; error
    @(166.6761 mm, 111.2036 mm): Blind via [CHAN22] on L5-VCC3V3 - Bottom Layer
    @(113.8261 mm, 117.4536 mm): Zone [VCC3V3] on L5-VCC3V3, priority 0
[clearance]: Clearance violation ( clearance 0.2000 mm; actual 0.1750 mm)
    Local override; error
    @(136.2761 mm, 116.1036 mm): Via [CHAN19] on Top Layer - Bottom Layer
    @(113.8261 mm, 117.4536 mm): Zone [VCC3V3] on L5-VCC3V3, priority 0
[hole_clearance]: Hole clearance violation (board setup constraints hole clearance 0.2500 mm; actual 0.1650 mm)
    Rule: board setup constraints hole; error
    @(134.7761 mm, 102.0036 mm): Buried via [N$BTN] on L4-SIG - L5-VCC3V3
    @(113.8261 mm, 117.4536 mm): Zone [VCC3V3] on L5-VCC3V3, priority 0
[clearance]: Clearance violation ( clearance 0.2000 mm; actual 0.1119 mm)
    Local override; error
    @(174.3761 mm, 97.8536 mm): Pad 1 [PROG#] of R99 on Bottom Layer
    @(174.0761 mm, 101.1036 mm): Track [CHAN22] on Bottom Layer, length 3.1000 mm
[clearance]: Clearance violation ( clearance 0.2000 mm; actual 0.1119 mm)
    Local override; error
    @(172.2761 mm, 96.2036 mm): Track [CHAN22] on Bottom Layer, length 2.5456 mm
    @(174.3761 mm, 97.8536 mm): Pad 1 [PROG#] of R99 on Bottom Layer
[clearance]: Clearance violation ( clearance 0.2000 mm; actual 0.1176 mm)
    Local override; error
    @(161.4511 mm, 111.3786 mm): Track [CHAN25] on Top Layer, length 1.8156 mm
    @(162.1761 mm, 111.8036 mm): Blind via [CHAN22] on Top Layer - L2-GND
[hole_clearance]: Hole clearance violation (board setup constraints hole clearance 0.2500 mm; actual 0.1650 mm)
    Rule: board setup constraints hole; error
    @(148.0761 mm, 116.5036 mm): Buried via [CHAN19] on L2-GND - L3-SIG
    @(113.8261 mm, 117.4536 mm): Zone [GND] on L2-GND, priority 1
[hole_clearance]: Hole clearance violation (board setup constraints hole clearance 0.2500 mm; actual 0.1650 mm)
    Rule: board setup constraints hole; error
    @(148.0761 mm, 116.5036 mm): Blind via [CHAN19] on Top Layer - L2-GND
    @(113.8261 mm, 117.4536 mm): Zone [GND] on L2-GND, priority 1
[clearance]: Clearance violation ( clearance 0.2000 mm; actual 0.1622 mm)
    Local override; error
    @(148.4761 mm, 116.7036 mm): Buried via [ANALOG-IO0] on L3-SIG - L4-SIG
    @(148.0761 mm, 116.5036 mm): Buried via [CHAN19] on L2-GND - L3-SIG
[hole_clearance]: Hole clearance violation (board setup constraints hole clearance 0.2500 mm; actual 0.1650 mm)
    Rule: board setup constraints hole; error
    @(162.8761 mm, 113.1036 mm): Buried via [CHAN19] on L2-GND - L3-SIG
    @(113.8261 mm, 117.4536 mm): Zone [GND] on L2-GND, priority 1
[clearance]: Clearance violation ( clearance 0.2000 mm; actual 0.1219 mm)
    Local override; error
    @(172.0262 mm, 96.7255 mm): Pad 9 [DONE-PU] of R4 on Top Layer
    @(172.2761 mm, 96.2036 mm): Via [CHAN22] on Top Layer - Bottom Layer
[clearance]: Clearance violation ( clearance 0.2000 mm; actual 0.1119 mm)
    Local override; error
    @(162.8761 mm, 113.1036 mm): Buried via [CHAN19] on L2-GND - L3-SIG
    @(162.5761 mm, 113.4036 mm): Track [CHAN25] on L3-SIG, length 0.6000 mm
[clearance]: Clearance violation ( clearance 0.2000 mm; actual 0.1301 mm)
    Local override; error
    @(172.7761 mm, 109.3036 mm): Blind via [CHAN22] on Top Layer - L2-GND
    @(171.1761 mm, 110.4536 mm): Track [FPGA-TDO] on Top Layer, length 2.5456 mm
[clearance]: Clearance violation ( clearance 0.2000 mm; actual 0.0900 mm)
    Local override; error
    @(174.4761 mm, 101.5036 mm): Blind via [CHAN22] on L5-VCC3V3 - Bottom Layer
    @(113.8261 mm, 117.4536 mm): Zone [VCC3V3] on L5-VCC3V3, priority 0
[hole_clearance]: Hole clearance violation (board setup constraints hole clearance 0.2500 mm; actual 0.1650 mm)
    Rule: board setup constraints hole; error
    @(135.6761 mm, 108.3036 mm): Blind via [CHAN19] on Top Layer - L2-GND
    @(113.8261 mm, 117.4536 mm): Zone [GND] on L2-GND, priority 1
[clearance]: Clearance violation ( clearance 0.2000 mm; actual 0.1746 mm)
    Local override; error
    @(170.1764 mm, 111.8536 mm): Pad 1 [VCC1V0] of C142 on Top Layer
    @(171.2761 mm, 111.3036 mm): Via [CHAN22] on Top Layer - Bottom Layer
[hole_clearance]: Hole clearance violation (board setup constraints hole clearance 0.2500 mm; actual 0.1650 mm)
    Rule: board setup constraints hole; error
    @(162.8761 mm, 113.1036 mm): Blind via [CHAN19] on Top Layer - L2-GND
    @(113.8261 mm, 117.4536 mm): Zone [GND] on L2-GND, priority 1
[hole_clearance]: Hole clearance violation (board setup constraints hole clearance 0.2500 mm; actual 0.1650 mm)
    Rule: board setup constraints hole; error
    @(141.7761 mm, 105.7036 mm): Blind via [CHAN19] on Top Layer - L2-GND
    @(113.8261 mm, 117.4536 mm): Zone [GND] on L2-GND, priority 1
[hole_clearance]: Hole clearance violation (board setup constraints hole clearance 0.2500 mm; actual 0.1650 mm)
    Rule: board setup constraints hole; error
    @(173.5761 mm, 104.9036 mm): Buried via [CHAN19] on L4-SIG - L5-VCC3V3
    @(113.8261 mm, 117.4536 mm): Zone [VCC3V3] on L5-VCC3V3, priority 0
[clearance]: Clearance violation ( clearance 0.2000 mm; actual 0.1335 mm)
    Local override; error
    @(155.4861 mm, 93.5736 mm): PTH pad 8 [CHAN5] of X2
    @(154.4761 mm, 93.3036 mm): Blind via [CHAN22] on Top Layer - L2-GND
[clearance]: Clearance violation ( clearance 0.2000 mm; actual 0.1335 mm)
    Local override; error
    @(155.4861 mm, 93.5736 mm): PTH pad 8 [CHAN5] of X2
    @(154.4761 mm, 93.3036 mm): Blind via [CHAN22] on Top Layer - L2-GND
[hole_clearance]: Hole clearance violation (board setup constraints hole clearance 0.2500 mm; actual 0.1650 mm)
    Rule: board setup constraints hole; error
    @(141.6761 mm, 102.9036 mm): Blind via [CHAN19] on Top Layer - L2-GND
    @(113.8261 mm, 117.4536 mm): Zone [GND] on L2-GND, priority 1
[clearance]: Clearance violation ( clearance 0.2000 mm; actual 0.1699 mm)
    Local override; error
    @(165.6461 mm, 93.5736 mm): PTH pad 4 [CHAN1] of X2
    @(155.1761 mm, 92.6036 mm): Track [CHAN22] on Top Layer, length 13.3000 mm
[clearance]: Clearance violation ( clearance 0.2000 mm; actual 0.1050 mm)
    Local override; error
    @(155.4861 mm, 93.5736 mm): PTH pad 8 [CHAN5] of X2
    @(154.4761 mm, 93.3036 mm): Track [CHAN22] on Top Layer, length 0.9899 mm
[clearance]: Clearance violation ( clearance 0.2000 mm; actual 0.0909 mm)
    Local override; error
    @(168.4761 mm, 92.6036 mm): Track [CHAN22] on Top Layer, length 3.2527 mm
    @(168.1861 mm, 93.5736 mm): PTH pad 3 [CHAN0] of X2
[clearance]: Clearance violation ( clearance 0.2000 mm; actual 0.1435 mm)
    Local override; error
    @(161.9762 mm, 110.3036 mm): Track [CHAN22] on Top Layer, length 1.5133 mm
    @(162.3011 mm, 111.0786 mm): Track [CHAN19] on Top Layer, length 0.7458 mm
[clearance]: Clearance violation ( clearance 0.2000 mm; actual 0.0900 mm)
    Local override; error
    @(166.6761 mm, 111.2036 mm): Buried via [CHAN22] on L4-SIG - L5-VCC3V3
    @(113.8261 mm, 117.4536 mm): Zone [VCC3V3] on L5-VCC3V3, priority 0
[clearance]: Clearance violation ( clearance 0.2000 mm; actual 0.0900 mm)
    Local override; error
    @(172.7761 mm, 109.3036 mm): Buried via [CHAN22] on L2-GND - L3-SIG
    @(113.8261 mm, 117.4536 mm): Zone [GND] on L2-GND, priority 1
[clearance]: Clearance violation ( clearance 0.2000 mm; actual 0.1142 mm)
    Local override; error
    @(156.4761 mm, 116.7036 mm): Blind via [CHAN25] on L5-VCC3V3 - Bottom Layer
    @(155.4861 mm, 116.4336 mm): PTH pad 28 [CHAN18] of X2
[clearance]: Clearance violation ( clearance 0.2000 mm; actual 0.1142 mm)
    Local override; error
    @(156.4761 mm, 116.7036 mm): Blind via [CHAN25] on L5-VCC3V3 - Bottom Layer
    @(155.4861 mm, 116.4336 mm): PTH pad 28 [CHAN18] of X2
[clearance]: Clearance violation ( clearance 0.2000 mm; actual 0.0900 mm)
    Local override; error
    @(154.4761 mm, 93.3036 mm): Buried via [CHAN22] on L2-GND - L3-SIG
    @(113.8261 mm, 117.4536 mm): Zone [GND] on L2-GND, priority 1
[clearance]: Clearance violation ( clearance 0.2000 mm; actual 0.0900 mm)
    Local override; error
    @(130.9761 mm, 107.2036 mm): Buried via [CHAN22] on L2-GND - L3-SIG
    @(113.8261 mm, 117.4536 mm): Zone [GND] on L2-GND, priority 1
[hole_clearance]: Hole clearance violation (board setup constraints hole clearance 0.2500 mm; actual 0.1650 mm)
    Rule: board setup constraints hole; error
    @(141.2761 mm, 116.7036 mm): Buried via [CHAN19] on L2-GND - L3-SIG
    @(113.8261 mm, 117.4536 mm): Zone [GND] on L2-GND, priority 1
[clearance]: Clearance violation ( clearance 0.2000 mm; actual 0.1528 mm)
    Local override; error
    @(141.2761 mm, 116.7036 mm): Buried via [CHAN19] on L2-GND - L3-SIG
    @(140.2461 mm, 116.4336 mm): PTH pad 30 [CHAN20] of X2
[clearance]: Clearance violation ( clearance 0.2000 mm; actual 0.0900 mm)
    Local override; error
    @(162.1761 mm, 111.8036 mm): Buried via [CHAN22] on L2-GND - L3-SIG
    @(113.8261 mm, 117.4536 mm): Zone [GND] on L2-GND, priority 1
[hole_clearance]: Hole clearance violation (board setup constraints hole clearance 0.2500 mm; actual 0.1650 mm)
    Rule: board setup constraints hole; error
    @(141.2761 mm, 116.7036 mm): Blind via [CHAN19] on Top Layer - L2-GND
    @(113.8261 mm, 117.4536 mm): Zone [GND] on L2-GND, priority 1
[clearance]: Clearance violation ( clearance 0.2000 mm; actual 0.1142 mm)
    Local override; error
    @(156.4761 mm, 116.7036 mm): Buried via [CHAN25] on L4-SIG - L5-VCC3V3
    @(155.4861 mm, 116.4336 mm): PTH pad 28 [CHAN18] of X2
[clearance]: Clearance violation ( clearance 0.2000 mm; actual 0.1142 mm)
    Local override; error
    @(156.4761 mm, 116.7036 mm): Buried via [CHAN25] on L4-SIG - L5-VCC3V3
    @(155.4861 mm, 116.4336 mm): PTH pad 28 [CHAN18] of X2
[clearance]: Clearance violation ( clearance 0.2000 mm; actual 0.0900 mm)
    Local override; error
    @(174.4761 mm, 101.5036 mm): Buried via [CHAN22] on L4-SIG - L5-VCC3V3
    @(113.8261 mm, 117.4536 mm): Zone [VCC3V3] on L5-VCC3V3, priority 0
[clearance]: Clearance violation ( clearance 0.2000 mm; actual 0.0900 mm)
    Local override; error
    @(133.3761 mm, 109.6036 mm): Buried via [CHAN22] on L2-GND - L3-SIG
    @(113.8261 mm, 117.4536 mm): Zone [GND] on L2-GND, priority 1
[hole_clearance]: Hole clearance violation (board setup constraints hole clearance 0.2500 mm; actual 0.1650 mm)
    Rule: board setup constraints hole; error
    @(166.6761 mm, 111.2036 mm): Blind via [CHAN22] on L5-VCC3V3 - Bottom Layer
    @(113.8261 mm, 117.4536 mm): Zone [VCC3V3] on L5-VCC3V3, priority 0
[clearance]: Clearance violation ( clearance 0.2000 mm; actual 0.0900 mm)
    Local override; error
    @(162.1761 mm, 111.8036 mm): Blind via [CHAN22] on Top Layer - L2-GND
    @(113.8261 mm, 117.4536 mm): Zone [GND] on L2-GND, priority 1
[clearance]: Clearance violation ( clearance 0.2000 mm; actual 0.1292 mm)
    Local override; error
    @(156.4761 mm, 116.7036 mm): Buried via [CHAN25] on L3-SIG - L4-SIG
    @(155.4861 mm, 116.4336 mm): PTH pad 28 [CHAN18] of X2
[clearance]: Clearance violation ( clearance 0.2000 mm; actual 0.1292 mm)
    Local override; error
    @(156.4761 mm, 116.7036 mm): Buried via [CHAN25] on L3-SIG - L4-SIG
    @(155.4861 mm, 116.4336 mm): PTH pad 28 [CHAN18] of X2
[clearance]: Clearance violation ( clearance 0.2000 mm; actual 0.1750 mm)
    Local override; error
    @(172.2761 mm, 96.2036 mm): Via [CHAN22] on Top Layer - Bottom Layer
    @(113.8261 mm, 117.4536 mm): Zone [GND] on L2-GND, priority 1
[clearance]: Clearance violation ( clearance 0.2000 mm; actual 0.1393 mm)
    Local override; error
    @(162.5761 mm, 113.4036 mm): Buried via [CHAN25] on L3-SIG - L4-SIG
    @(162.8761 mm, 113.1036 mm): Buried via [CHAN19] on L2-GND - L3-SIG
[clearance]: Clearance violation ( clearance 0.2000 mm; actual 0.1097 mm)
    Local override; error
    @(162.5761 mm, 113.4036 mm): Buried via [CHAN25] on L3-SIG - L4-SIG
    @(162.1261 mm, 113.4536 mm): Track [FPGA-TMS] on L4-SIG, length 0.7778 mm
[clearance]: Clearance violation ( clearance 0.2000 mm; actual 0.1097 mm)
    Local override; error
    @(148.4761 mm, 116.7036 mm): Buried via [ANALOG-IO0] on L3-SIG - L4-SIG
    @(148.3761 mm, 116.2036 mm): Track [CHAN25] on L3-SIG, length 0.7071 mm
[clearance]: Clearance violation ( clearance 0.2000 mm; actual 0.0909 mm)
    Local override; error
    @(136.2761 mm, 116.6036 mm): Track [CHAN25] on L3-SIG, length 1.2728 mm
    @(137.7061 mm, 116.4336 mm): PTH pad 31 [CHAN21] of X2
[clearance]: Clearance violation ( clearance 0.2000 mm; actual 0.1020 mm)
    Local override; error
    @(137.1761 mm, 115.7036 mm): Track [CHAN25] on L3-SIG, length 0.5000 mm
    @(137.7061 mm, 116.4336 mm): PTH pad 31 [CHAN21] of X2
[clearance]: Clearance violation ( clearance 0.2000 mm; actual 0.1750 mm)
    Local override; error
    @(136.2761 mm, 116.6036 mm): Buried via [CHAN25] on L2-GND - L3-SIG
    @(136.2761 mm, 116.1036 mm): Via [CHAN19] on Top Layer - Bottom Layer
[clearance]: Clearance violation ( clearance 0.2000 mm; actual 0.0900 mm)
    Local override; error
    @(133.3761 mm, 109.6036 mm): Blind via [CHAN22] on Top Layer - L2-GND
    @(113.8261 mm, 117.4536 mm): Zone [GND] on L2-GND, priority 1
[clearance]: Clearance violation ( clearance 0.2000 mm; actual 0.0900 mm)
    Local override; error
    @(154.4761 mm, 93.3036 mm): Blind via [CHAN22] on Top Layer - L2-GND
    @(113.8261 mm, 117.4536 mm): Zone [GND] on L2-GND, priority 1
[clearance]: Clearance violation ( clearance 0.2000 mm; actual 0.0900 mm)
    Local override; error
    @(130.9761 mm, 107.2036 mm): Blind via [CHAN22] on Top Layer - L2-GND
    @(113.8261 mm, 117.4536 mm): Zone [GND] on L2-GND, priority 1
[hole_clearance]: Hole clearance violation (board setup constraints hole clearance 0.2500 mm; actual 0.1650 mm)
    Rule: board setup constraints hole; error
    @(174.4761 mm, 101.5036 mm): Blind via [CHAN22] on L5-VCC3V3 - Bottom Layer
    @(113.8261 mm, 117.4536 mm): Zone [VCC3V3] on L5-VCC3V3, priority 0
[clearance]: Clearance violation ( clearance 0.2000 mm; actual 0.1750 mm)
    Local override; error
    @(171.2761 mm, 111.3036 mm): Via [CHAN22] on Top Layer - Bottom Layer
    @(113.8261 mm, 117.4536 mm): Zone [GND] on L2-GND, priority 1
[clearance]: Clearance violation ( clearance 0.2000 mm; actual 0.1243 mm)
    Local override; error
    @(162.8761 mm, 113.1036 mm): Blind via [CHAN19] on Top Layer - L2-GND
    @(162.5761 mm, 112.8036 mm): Buried via [CHAN25] on L2-GND - L3-SIG
[clearance]: Clearance violation ( clearance 0.2000 mm; actual 0.0900 mm)
    Local override; error
    @(161.4761 mm, 115.7036 mm): Blind via [CHAN25] on L5-VCC3V3 - Bottom Layer
    @(113.8261 mm, 117.4536 mm): Zone [VCC3V3] on L5-VCC3V3, priority 0
[clearance]: Clearance violation ( clearance 0.2000 mm; actual 0.0900 mm)
    Local override; error
    @(172.7761 mm, 109.3036 mm): Blind via [CHAN22] on Top Layer - L2-GND
    @(113.8261 mm, 117.4536 mm): Zone [GND] on L2-GND, priority 1
[clearance]: Clearance violation ( clearance 0.2000 mm; actual 0.0900 mm)
    Local override; error
    @(161.4761 mm, 115.7036 mm): Buried via [CHAN25] on L4-SIG - L5-VCC3V3
    @(113.8261 mm, 117.4536 mm): Zone [VCC3V3] on L5-VCC3V3, priority 0
[clearance]: Clearance violation ( clearance 0.2000 mm; actual 0.0900 mm)
    Local override; error
    @(156.4761 mm, 116.7036 mm): Buried via [CHAN25] on L4-SIG - L5-VCC3V3
    @(113.8261 mm, 117.4536 mm): Zone [VCC3V3] on L5-VCC3V3, priority 0
[clearance]: Clearance violation ( clearance 0.2000 mm; actual 0.0900 mm)
    Local override; error
    @(156.4761 mm, 116.7036 mm): Blind via [CHAN25] on L5-VCC3V3 - Bottom Layer
    @(113.8261 mm, 117.4536 mm): Zone [VCC3V3] on L5-VCC3V3, priority 0
[hole_clearance]: Hole clearance violation (board setup constraints hole clearance 0.2500 mm; actual 0.1650 mm)
    Rule: board setup constraints hole; error
    @(172.7761 mm, 109.3036 mm): Buried via [CHAN22] on L2-GND - L3-SIG
    @(113.8261 mm, 117.4536 mm): Zone [GND] on L2-GND, priority 1
[hole_clearance]: Hole clearance violation (board setup constraints hole clearance 0.2500 mm; actual 0.1650 mm)
    Rule: board setup constraints hole; error
    @(170.1761 mm, 98.8036 mm): Buried via [CHAN19] on L4-SIG - L5-VCC3V3
    @(113.8261 mm, 117.4536 mm): Zone [VCC3V3] on L5-VCC3V3, priority 0
[hole_clearance]: Hole clearance violation (board setup constraints hole clearance 0.2500 mm; actual 0.1697 mm)
    Rule: board setup constraints hole; error
    @(172.6761 mm, 108.8036 mm): Track [CLK-12M-SHARED] on L3-SIG, length 0.8485 mm
    @(172.7761 mm, 109.3036 mm): Buried via [CHAN22] on L2-GND - L3-SIG
[hole_clearance]: Hole clearance violation (board setup constraints hole clearance 0.2500 mm; actual 0.1892 mm)
    Rule: board setup constraints hole; error
    @(155.4861 mm, 116.4336 mm): PTH pad 28 [CHAN18] of X2
    @(156.4761 mm, 116.7036 mm): Buried via [CHAN25] on L2-GND - L3-SIG
[hole_clearance]: Hole clearance violation (board setup constraints hole clearance 0.2500 mm; actual 0.1650 mm)
    Rule: board setup constraints hole; error
    @(154.4761 mm, 93.3036 mm): Buried via [CHAN22] on L2-GND - L3-SIG
    @(113.8261 mm, 117.4536 mm): Zone [GND] on L2-GND, priority 1
[hole_clearance]: Hole clearance violation (board setup constraints hole clearance 0.2500 mm; actual 0.2085 mm)
    Rule: board setup constraints hole; error
    @(155.4861 mm, 93.5736 mm): PTH pad 8 [CHAN5] of X2
    @(154.4761 mm, 93.3036 mm): Buried via [CHAN22] on L2-GND - L3-SIG
[hole_clearance]: Hole clearance violation (board setup constraints hole clearance 0.2500 mm; actual 0.1650 mm)
    Rule: board setup constraints hole; error
    @(130.9761 mm, 107.2036 mm): Buried via [CHAN22] on L2-GND - L3-SIG
    @(113.8261 mm, 117.4536 mm): Zone [GND] on L2-GND, priority 1
[hole_clearance]: Hole clearance violation (board setup constraints hole clearance 0.2500 mm; actual 0.1892 mm)
    Rule: board setup constraints hole; error
    @(155.4861 mm, 116.4336 mm): PTH pad 28 [CHAN18] of X2
    @(156.4761 mm, 116.7036 mm): Blind via [CHAN25] on Top Layer - L2-GND
[hole_clearance]: Hole clearance violation (board setup constraints hole clearance 0.2500 mm; actual 0.1657 mm)
    Rule: board setup constraints hole; error
    @(148.9761 mm, 116.4036 mm): Track [CHAN19] on Top Layer, length 3.9701 mm
    @(151.7761 mm, 116.7036 mm): Blind via [CHAN25] on Top Layer - L2-GND
[hole_clearance]: Hole clearance violation (board setup constraints hole clearance 0.2500 mm; actual 0.1650 mm)
    Rule: board setup constraints hole; error
    @(166.6761 mm, 111.2036 mm): Buried via [CHAN22] on L4-SIG - L5-VCC3V3
    @(113.8261 mm, 117.4536 mm): Zone [VCC3V3] on L5-VCC3V3, priority 0
[hole_clearance]: Hole clearance violation (board setup constraints hole clearance 0.2500 mm; actual 0.1869 mm)
    Rule: board setup constraints hole; error
    @(136.2761 mm, 116.1036 mm): Track [CHAN19] on Top Layer, length 1.0000 mm
    @(136.2761 mm, 116.6036 mm): Blind via [CHAN25] on Top Layer - L2-GND
[hole_clearance]: Hole clearance violation (board setup constraints hole clearance 0.2500 mm; actual 0.1892 mm)
    Rule: board setup constraints hole; error
    @(155.4861 mm, 116.4336 mm): PTH pad 28 [CHAN18] of X2
    @(156.4761 mm, 116.7036 mm): Blind via [CHAN25] on Top Layer - L2-GND
[hole_clearance]: Hole clearance violation (board setup constraints hole clearance 0.2500 mm; actual 0.1650 mm)
    Rule: board setup constraints hole; error
    @(162.1761 mm, 111.8036 mm): Buried via [CHAN22] on L2-GND - L3-SIG
    @(113.8261 mm, 117.4536 mm): Zone [GND] on L2-GND, priority 1
[clearance]: Clearance violation ( clearance 0.2000 mm; actual 0.1750 mm)
    Local override; error
    @(172.2761 mm, 96.2036 mm): Via [CHAN22] on Top Layer - Bottom Layer
    @(113.8261 mm, 117.4536 mm): Zone [VCC3V3] on L5-VCC3V3, priority 0
[hole_clearance]: Hole clearance violation (board setup constraints hole clearance 0.2500 mm; actual 0.1869 mm)
    Rule: board setup constraints hole; error
    @(162.8761 mm, 113.1036 mm): Track [CHAN19] on Top Layer, length 0.9000 mm
    @(162.5761 mm, 112.8036 mm): Blind via [CHAN25] on Top Layer - L2-GND
[hole_clearance]: Hole clearance violation (board setup constraints hole clearance 0.2500 mm; actual 0.1993 mm)
    Rule: board setup constraints hole; error
    @(162.5761 mm, 112.8036 mm): Blind via [CHAN25] on Top Layer - L2-GND
    @(162.8761 mm, 113.1036 mm): Blind via [CHAN19] on Top Layer - L2-GND
[hole_clearance]: Hole clearance violation (board setup constraints hole clearance 0.2500 mm; actual 0.2372 mm)
    Rule: board setup constraints hole; error
    @(165.0761 mm, 113.1036 mm): Buried via [CHAN16] on L3-SIG - L4-SIG
    @(164.8761 mm, 112.7036 mm): Buried via [CFG-M1] on L4-SIG - L5-VCC3V3
[hole_clearance]: Hole clearance violation (board setup constraints hole clearance 0.2500 mm; actual 0.1869 mm)
    Rule: board setup constraints hole; error
    @(164.5761 mm, 113.7036 mm): Track [FPGA-TDI] on Bottom Layer, length 1.1000 mm
    @(164.8761 mm, 112.7036 mm): Blind via [CFG-M1] on L5-VCC3V3 - Bottom Layer
[clearance]: Clearance violation ( clearance 0.2000 mm; actual 0.0900 mm)
    Local override; error
    @(136.2761 mm, 116.6036 mm): Buried via [CHAN25] on L2-GND - L3-SIG
    @(113.8261 mm, 117.4536 mm): Zone [GND] on L2-GND, priority 1
[hole_clearance]: Hole clearance violation (board setup constraints hole clearance 0.2500 mm; actual 0.1650 mm)
    Rule: board setup constraints hole; error
    @(174.4761 mm, 101.5036 mm): Buried via [CHAN22] on L4-SIG - L5-VCC3V3
    @(113.8261 mm, 117.4536 mm): Zone [VCC3V3] on L5-VCC3V3, priority 0
[hole_clearance]: Hole clearance violation (board setup constraints hole clearance 0.2500 mm; actual 0.1650 mm)
    Rule: board setup constraints hole; error
    @(162.1761 mm, 111.8036 mm): Blind via [CHAN22] on Top Layer - L2-GND
    @(113.8261 mm, 117.4536 mm): Zone [GND] on L2-GND, priority 1
[hole_clearance]: Hole clearance violation (board setup constraints hole clearance 0.2500 mm; actual 0.1650 mm)
    Rule: board setup constraints hole; error
    @(133.3761 mm, 109.6036 mm): Buried via [CHAN22] on L2-GND - L3-SIG
    @(113.8261 mm, 117.4536 mm): Zone [GND] on L2-GND, priority 1
[hole_clearance]: Hole clearance violation (board setup constraints hole clearance 0.2500 mm; actual 0.1751 mm)
    Rule: board setup constraints hole; error
    @(164.4262 mm, 114.6536 mm): Pad 1 [VCC1V8] of L7 on Bottom Layer
    @(163.8261 mm, 115.3036 mm): Blind via [FPGA-TDI] on L5-VCC3V3 - Bottom Layer
[hole_clearance]: Hole clearance violation (board setup constraints hole clearance 0.2500 mm; actual 0.1650 mm)
    Rule: board setup constraints hole; error
    @(154.4761 mm, 93.3036 mm): Blind via [CHAN22] on Top Layer - L2-GND
    @(113.8261 mm, 117.4536 mm): Zone [GND] on L2-GND, priority 1
[hole_clearance]: Hole clearance violation (board setup constraints hole clearance 0.2500 mm; actual 0.1650 mm)
    Rule: board setup constraints hole; error
    @(162.5761 mm, 112.8036 mm): Buried via [CHAN25] on L2-GND - L3-SIG
    @(113.8261 mm, 117.4536 mm): Zone [GND] on L2-GND, priority 1
[hole_clearance]: Hole clearance violation (board setup constraints hole clearance 0.2500 mm; actual 0.1650 mm)
    Rule: board setup constraints hole; error
    @(130.9761 mm, 107.2036 mm): Blind via [CHAN22] on Top Layer - L2-GND
    @(113.8261 mm, 117.4536 mm): Zone [GND] on L2-GND, priority 1
[hole_clearance]: Hole clearance violation (board setup constraints hole clearance 0.2500 mm; actual 0.1650 mm)
    Rule: board setup constraints hole; error
    @(161.4761 mm, 115.7036 mm): Blind via [CHAN25] on L5-VCC3V3 - Bottom Layer
    @(113.8261 mm, 117.4536 mm): Zone [VCC3V3] on L5-VCC3V3, priority 0
[hole_clearance]: Hole clearance violation (board setup constraints hole clearance 0.2500 mm; actual 0.1650 mm)
    Rule: board setup constraints hole; error
    @(136.7761 mm, 111.0036 mm): Blind via [CHAN19] on Top Layer - L2-GND
    @(113.8261 mm, 117.4536 mm): Zone [GND] on L2-GND, priority 1
[hole_clearance]: Hole clearance violation (board setup constraints hole clearance 0.2500 mm; actual 0.1869 mm)
    Rule: board setup constraints hole; error
    @(166.6761 mm, 111.2036 mm): Track [CHAN22] on Bottom Layer, length 4.5000 mm
    @(168.7261 mm, 111.5036 mm): Blind via [FPGA-TDI] on L5-VCC3V3 - Bottom Layer
[hole_clearance]: Hole clearance violation (board setup constraints hole clearance 0.2500 mm; actual 0.1993 mm)
    Rule: board setup constraints hole; error
    @(162.5761 mm, 112.8036 mm): Buried via [CHAN25] on L2-GND - L3-SIG
    @(162.8761 mm, 113.1036 mm): Buried via [CHAN19] on L2-GND - L3-SIG
[hole_clearance]: Hole clearance violation (board setup constraints hole clearance 0.2500 mm; actual 0.1650 mm)
    Rule: board setup constraints hole; error
    @(133.3761 mm, 109.6036 mm): Blind via [CHAN22] on Top Layer - L2-GND
    @(113.8261 mm, 117.4536 mm): Zone [GND] on L2-GND, priority 1
[hole_clearance]: Hole clearance violation (board setup constraints hole clearance 0.2500 mm; actual 0.1750 mm)
    Rule: board setup constraints hole; error
    @(161.5261 mm, 113.4537 mm): Pad 1 [VCCADC] of C124 on Bottom Layer
    @(160.9261 mm, 113.7536 mm): Blind via [FPGA-TDI] on L5-VCC3V3 - Bottom Layer
[hole_clearance]: Hole clearance violation (board setup constraints hole clearance 0.2500 mm; actual 0.1650 mm)
    Rule: board setup constraints hole; error
    @(161.4761 mm, 115.7036 mm): Buried via [CHAN25] on L4-SIG - L5-VCC3V3
    @(113.8261 mm, 117.4536 mm): Zone [VCC3V3] on L5-VCC3V3, priority 0
[hole_clearance]: Hole clearance violation (board setup constraints hole clearance 0.2500 mm; actual 0.1650 mm)
    Rule: board setup constraints hole; error
    @(156.4761 mm, 116.7036 mm): Buried via [CHAN25] on L4-SIG - L5-VCC3V3
    @(113.8261 mm, 117.4536 mm): Zone [VCC3V3] on L5-VCC3V3, priority 0
[hole_clearance]: Hole clearance violation (board setup constraints hole clearance 0.2500 mm; actual 0.1650 mm)
    Rule: board setup constraints hole; error
    @(151.7761 mm, 116.7036 mm): Buried via [CHAN25] on L2-GND - L3-SIG
    @(113.8261 mm, 117.4536 mm): Zone [GND] on L2-GND, priority 1
[hole_clearance]: Hole clearance violation (board setup constraints hole clearance 0.2500 mm; actual 0.1650 mm)
    Rule: board setup constraints hole; error
    @(172.7761 mm, 109.3036 mm): Blind via [CHAN22] on Top Layer - L2-GND
    @(113.8261 mm, 117.4536 mm): Zone [GND] on L2-GND, priority 1
[hole_clearance]: Hole clearance violation (board setup constraints hole clearance 0.2500 mm; actual 0.1650 mm)
    Rule: board setup constraints hole; error
    @(156.4761 mm, 116.7036 mm): Blind via [CHAN25] on L5-VCC3V3 - Bottom Layer
    @(113.8261 mm, 117.4536 mm): Zone [VCC3V3] on L5-VCC3V3, priority 0
[hole_clearance]: Hole clearance violation (board setup constraints hole clearance 0.2500 mm; actual 0.1869 mm)
    Rule: board setup constraints hole; error
    @(171.0261 mm, 101.0036 mm): Track [FPGA-TDO] on L3-SIG, length 0.5500 mm
    @(171.3261 mm, 100.7036 mm): Buried via [FPGA-TDI] on L3-SIG - L4-SIG
[hole_clearance]: Hole clearance violation (board setup constraints hole clearance 0.2500 mm; actual 0.1889 mm)
    Rule: board setup constraints hole; error
    @(161.4761 mm, 115.7036 mm): Track [CHAN25] on L4-SIG, length 2.5495 mm
    @(161.4761 mm, 115.0036 mm): Buried via [FPGA-TDI] on L3-SIG - L4-SIG
[hole_clearance]: Hole clearance violation (board setup constraints hole clearance 0.2500 mm; actual 0.1650 mm)
    Rule: board setup constraints hole; error
    @(151.7761 mm, 116.7036 mm): Blind via [CHAN25] on Top Layer - L2-GND
    @(113.8261 mm, 117.4536 mm): Zone [GND] on L2-GND, priority 1
[hole_clearance]: Hole clearance violation (board setup constraints hole clearance 0.2500 mm; actual 0.1650 mm)
    Rule: board setup constraints hole; error
    @(156.4761 mm, 116.7036 mm): Blind via [CHAN25] on Top Layer - L2-GND
    @(113.8261 mm, 117.4536 mm): Zone [GND] on L2-GND, priority 1
[hole_clearance]: Hole clearance violation (board setup constraints hole clearance 0.2500 mm; actual 0.1650 mm)
    Rule: board setup constraints hole; error
    @(136.2761 mm, 116.6036 mm): Blind via [CHAN25] on Top Layer - L2-GND
    @(113.8261 mm, 117.4536 mm): Zone [GND] on L2-GND, priority 1
[hole_clearance]: Hole clearance violation (board setup constraints hole clearance 0.2500 mm; actual 0.1650 mm)
    Rule: board setup constraints hole; error
    @(156.4761 mm, 116.7036 mm): Buried via [CHAN25] on L2-GND - L3-SIG
    @(113.8261 mm, 117.4536 mm): Zone [GND] on L2-GND, priority 1
[hole_clearance]: Hole clearance violation (board setup constraints hole clearance 0.2500 mm; actual 0.2119 mm)
    Rule: board setup constraints hole; error
    @(159.8261 mm, 111.9036 mm): Track [CHAN20] on Top Layer, length 0.7750 mm
    @(160.1261 mm, 111.5536 mm): Via [FPGA-TDI] on Top Layer - Bottom Layer
[hole_clearance]: Hole clearance violation (board setup constraints hole clearance 0.2500 mm; actual 0.1892 mm)
    Rule: board setup constraints hole; error
    @(155.4861 mm, 116.4336 mm): PTH pad 28 [CHAN18] of X2
    @(156.4761 mm, 116.7036 mm): Buried via [CHAN25] on L2-GND - L3-SIG
[hole_clearance]: Hole clearance violation (board setup constraints hole clearance 0.2500 mm; actual 0.1801 mm)
    Rule: board setup constraints hole; error
    @(160.1261 mm, 111.5536 mm): Via [FPGA-TDI] on Top Layer - Bottom Layer
    @(160.3761 mm, 111.2036 mm): Blind via [CFG-M1] on Top Layer - L2-GND
[hole_clearance]: Hole clearance violation (board setup constraints hole clearance 0.2500 mm; actual 0.2105 mm)
    Rule: board setup constraints hole; error
    @(171.5761 mm, 104.4036 mm): Track [CLK-12M-SHARED] on L3-SIG, length 1.8358 mm
    @(172.4261 mm, 105.2036 mm): Via [FPGA-TDI] on Top Layer - Bottom Layer
[hole_clearance]: Hole clearance violation (board setup constraints hole clearance 0.2500 mm; actual 0.1801 mm)
    Rule: board setup constraints hole; error
    @(160.1261 mm, 111.5536 mm): Via [FPGA-TDI] on Top Layer - Bottom Layer
    @(160.3761 mm, 111.2036 mm): Buried via [CFG-M1] on L2-GND - L3-SIG
[hole_clearance]: Hole clearance violation (board setup constraints hole clearance 0.2500 mm; actual 0.1650 mm)
    Rule: board setup constraints hole; error
    @(164.8761 mm, 112.7036 mm): Buried via [CFG-M1] on L4-SIG - L5-VCC3V3
    @(113.8261 mm, 117.4536 mm): Zone [VCC3V3] on L5-VCC3V3, priority 0
[hole_clearance]: Hole clearance violation (board setup constraints hole clearance 0.2500 mm; actual 0.1650 mm)
    Rule: board setup constraints hole; error
    @(164.8761 mm, 112.7036 mm): Blind via [CFG-M1] on L5-VCC3V3 - Bottom Layer
    @(113.8261 mm, 117.4536 mm): Zone [VCC3V3] on L5-VCC3V3, priority 0
[hole_clearance]: Hole clearance violation (board setup constraints hole clearance 0.2500 mm; actual 0.1650 mm)
    Rule: board setup constraints hole; error
    @(162.5761 mm, 112.8036 mm): Blind via [CHAN25] on Top Layer - L2-GND
    @(113.8261 mm, 117.4536 mm): Zone [GND] on L2-GND, priority 1
[hole_clearance]: Hole clearance violation (board setup constraints hole clearance 0.2500 mm; actual 0.1869 mm)
    Rule: board setup constraints hole; error
    @(169.7261 mm, 107.0536 mm): Track [FPGA-TMS] on L4-SIG, length 0.6364 mm
    @(170.4761 mm, 106.6036 mm): Buried via [JA8] on L3-SIG - L4-SIG
[hole_clearance]: Hole clearance violation (board setup constraints hole clearance 0.2500 mm; actual 0.1650 mm)
    Rule: board setup constraints hole; error
    @(136.2761 mm, 116.6036 mm): Buried via [CHAN25] on L2-GND - L3-SIG
    @(113.8261 mm, 117.4536 mm): Zone [GND] on L2-GND, priority 1
[hole_clearance]: Hole clearance violation (board setup constraints hole clearance 0.2500 mm; actual 0.1869 mm)
    Rule: board setup constraints hole; error
    @(170.1761 mm, 106.6036 mm): Track [FPGA-TMS] on L4-SIG, length 1.3500 mm
    @(170.4761 mm, 106.6036 mm): Buried via [JA8] on L3-SIG - L4-SIG
[hole_clearance]: Hole clearance violation (board setup constraints hole clearance 0.2500 mm; actual 0.1657 mm)
    Rule: board setup constraints hole; error
    @(162.6761 mm, 112.0036 mm): Track [CHAN22] on L3-SIG, length 2.8160 mm
    @(163.3261 mm, 111.6536 mm): Buried via [FPGA-TMS] on L3-SIG - L4-SIG
[hole_clearance]: Hole clearance violation (board setup constraints hole clearance 0.2500 mm; actual 0.1697 mm)
    Rule: board setup constraints hole; error
    @(162.6761 mm, 110.6036 mm): Track [CFG-M1] on L4-SIG, length 2.9698 mm
    @(163.3261 mm, 111.6536 mm): Buried via [FPGA-TMS] on L3-SIG - L4-SIG
[hole_clearance]: Hole clearance violation (board setup constraints hole clearance 0.2500 mm; actual 0.1650 mm)
    Rule: board setup constraints hole; error
    @(142.1761 mm, 101.2036 mm): Buried via [CHAN19] on L4-SIG - L5-VCC3V3
    @(113.8261 mm, 117.4536 mm): Zone [VCC3V3] on L5-VCC3V3, priority 0
[hole_clearance]: Hole clearance violation (board setup constraints hole clearance 0.2500 mm; actual 0.2475 mm)
    Rule: board setup constraints hole; error
    @(160.1261 mm, 111.5536 mm): Track [FPGA-TDI] on L4-SIG, length 0.5657 mm
    @(160.8261 mm, 112.1536 mm): Buried via [FPGA-TMS] on L3-SIG - L4-SIG
[hole_clearance]: Hole clearance violation (board setup constraints hole clearance 0.2500 mm; actual 0.1650 mm)
    Rule: board setup constraints hole; error
    @(160.3761 mm, 111.2036 mm): Blind via [CFG-M1] on Top Layer - L2-GND
    @(113.8261 mm, 117.4536 mm): Zone [GND] on L2-GND, priority 1
[hole_clearance]: Hole clearance violation (board setup constraints hole clearance 0.2500 mm; actual 0.2232 mm)
    Rule: board setup constraints hole; error
    @(159.8261 mm, 111.9036 mm): Track [CHAN20] on Top Layer, length 0.7750 mm
    @(160.8261 mm, 112.1536 mm): Blind via [FPGA-TMS] on Top Layer - L2-GND
[hole_clearance]: Hole clearance violation (board setup constraints hole clearance 0.2500 mm; actual 0.1746 mm)
    Rule: board setup constraints hole; error
    @(170.1764 mm, 100.2546 mm): Pad 2 [GND] of C98 on Top Layer
    @(171.1761 mm, 99.9036 mm): Blind via [FPGA-TMS] on Top Layer - L2-GND
[hole_clearance]: Hole clearance violation (board setup constraints hole clearance 0.2500 mm; actual 0.1650 mm)
    Rule: board setup constraints hole; error
    @(160.3761 mm, 111.2036 mm): Buried via [CFG-M1] on L2-GND - L3-SIG
    @(113.8261 mm, 117.4536 mm): Zone [GND] on L2-GND, priority 1
[hole_clearance]: Hole clearance violation (board setup constraints hole clearance 0.2500 mm; actual 0.1650 mm)
    Rule: board setup constraints hole; error
    @(160.9261 mm, 112.7536 mm): Blind via [FPGA-TDI] on L5-VCC3V3 - Bottom Layer
    @(113.8261 mm, 117.4536 mm): Zone [VCC3V3] on L5-VCC3V3, priority 0
[hole_clearance]: Hole clearance violation (board setup constraints hole clearance 0.2500 mm; actual 0.1762 mm)
    Rule: board setup constraints hole; error
    @(161.7761 mm, 114.1036 mm): Track [VU] on Top Layer, length 7.8000 mm
    @(161.7261 mm, 113.1036 mm): Blind via [FPGA-TMS] on Top Layer - L2-GND
[hole_clearance]: Hole clearance violation (board setup constraints hole clearance 0.2500 mm; actual 0.1650 mm)
    Rule: board setup constraints hole; error
    @(141.6761 mm, 102.9036 mm): Buried via [CHAN19] on L2-GND - L3-SIG
    @(113.8261 mm, 117.4536 mm): Zone [GND] on L2-GND, priority 1
[hole_clearance]: Hole clearance violation (board setup constraints hole clearance 0.2500 mm; actual 0.1661 mm)
    Rule: board setup constraints hole; error
    @(159.4761 mm, 109.3036 mm): Pad U9 [GND] of U1 on Top Layer
    @(159.7261 mm, 109.5536 mm): Blind via [FPGA-TMS] on Top Layer - L2-GND
[hole_clearance]: Hole clearance violation (board setup constraints hole clearance 0.2500 mm; actual 0.1650 mm)
    Rule: board setup constraints hole; error
    @(168.7261 mm, 111.5036 mm): Blind via [FPGA-TDI] on L5-VCC3V3 - Bottom Layer
    @(113.8261 mm, 117.4536 mm): Zone [VCC3V3] on L5-VCC3V3, priority 0
[hole_clearance]: Hole clearance violation (board setup constraints hole clearance 0.2500 mm; actual 0.1650 mm)
    Rule: board setup constraints hole; error
    @(160.9261 mm, 112.7536 mm): Buried via [FPGA-TDI] on L4-SIG - L5-VCC3V3
    @(113.8261 mm, 117.4536 mm): Zone [VCC3V3] on L5-VCC3V3, priority 0
[hole_clearance]: Hole clearance violation (board setup constraints hole clearance 0.2500 mm; actual 0.1650 mm)
    Rule: board setup constraints hole; error
    @(160.9261 mm, 113.7536 mm): Blind via [FPGA-TDI] on L5-VCC3V3 - Bottom Layer
    @(113.8261 mm, 117.4536 mm): Zone [VCC3V3] on L5-VCC3V3, priority 0
[hole_clearance]: Hole clearance violation (board setup constraints hole clearance 0.2500 mm; actual 0.1650 mm)
    Rule: board setup constraints hole; error
    @(168.7261 mm, 111.5036 mm): Buried via [FPGA-TDI] on L4-SIG - L5-VCC3V3
    @(113.8261 mm, 117.4536 mm): Zone [VCC3V3] on L5-VCC3V3, priority 0
[hole_clearance]: Hole clearance violation (board setup constraints hole clearance 0.2500 mm; actual 0.2475 mm)
    Rule: board setup constraints hole; error
    @(170.5761 mm, 110.9036 mm): Track [JA3] on Bottom Layer, length 1.4142 mm
    @(171.1761 mm, 110.4536 mm): Blind via [FPGA-TDO] on L5-VCC3V3 - Bottom Layer
[hole_clearance]: Hole clearance violation (board setup constraints hole clearance 0.2500 mm; actual 0.1650 mm)
    Rule: board setup constraints hole; error
    @(160.9261 mm, 113.7536 mm): Buried via [FPGA-TDI] on L4-SIG - L5-VCC3V3
    @(113.8261 mm, 117.4536 mm): Zone [VCC3V3] on L5-VCC3V3, priority 0
[hole_clearance]: Hole clearance violation (board setup constraints hole clearance 0.2500 mm; actual 0.2143 mm)
    Rule: board setup constraints hole; error
    @(171.0261 mm, 101.0036 mm): Buried via [FPGA-TDO] on L3-SIG - L4-SIG
    @(171.3261 mm, 100.7036 mm): Buried via [FPGA-TDI] on L2-GND - L3-SIG
[hole_clearance]: Hole clearance violation (board setup constraints hole clearance 0.2500 mm; actual 0.2143 mm)
    Rule: board setup constraints hole; error
    @(171.3261 mm, 100.7036 mm): Buried via [FPGA-TDI] on L3-SIG - L4-SIG
    @(171.0261 mm, 101.0036 mm): Buried via [FPGA-TDO] on L3-SIG - L4-SIG
[hole_clearance]: Hole clearance violation (board setup constraints hole clearance 0.2500 mm; actual 0.1650 mm)
    Rule: board setup constraints hole; error
    @(163.8261 mm, 115.3036 mm): Buried via [FPGA-TDI] on L4-SIG - L5-VCC3V3
    @(113.8261 mm, 117.4536 mm): Zone [VCC3V3] on L5-VCC3V3, priority 0
[hole_clearance]: Hole clearance violation (board setup constraints hole clearance 0.2500 mm; actual 0.1750 mm)
    Rule: board setup constraints hole; error
    @(171.1761 mm, 99.9036 mm): Blind via [FPGA-TMS] on Top Layer - L2-GND
    @(171.1761 mm, 100.3036 mm): Buried via [FPGA-TDO] on L2-GND - L3-SIG
[hole_clearance]: Hole clearance violation (board setup constraints hole clearance 0.2500 mm; actual 0.1650 mm)
    Rule: board setup constraints hole; error
    @(171.3261 mm, 100.7036 mm): Buried via [FPGA-TDI] on L2-GND - L3-SIG
    @(113.8261 mm, 117.4536 mm): Zone [GND] on L2-GND, priority 1
[hole_clearance]: Hole clearance violation (board setup constraints hole clearance 0.2500 mm; actual 0.1869 mm)
    Rule: board setup constraints hole; error
    @(171.0261 mm, 101.0036 mm): Track [FPGA-TDO] on L3-SIG, length 0.5500 mm
    @(171.3261 mm, 100.7036 mm): Buried via [FPGA-TDI] on L2-GND - L3-SIG
[hole_clearance]: Hole clearance violation (board setup constraints hole clearance 0.2500 mm; actual 0.1650 mm)
    Rule: board setup constraints hole; error
    @(171.7761 mm, 106.3536 mm): Blind via [FPGA-TDI] on Top Layer - L2-GND
    @(113.8261 mm, 117.4536 mm): Zone [GND] on L2-GND, priority 1
[hole_clearance]: Hole clearance violation (board setup constraints hole clearance 0.2500 mm; actual 0.1650 mm)
    Rule: board setup constraints hole; error
    @(165.0761 mm, 107.8536 mm): Buried via [FPGA-TMS] on L4-SIG - L5-VCC3V3
    @(113.8261 mm, 117.4536 mm): Zone [VCC3V3] on L5-VCC3V3, priority 0
[hole_clearance]: Hole clearance violation (board setup constraints hole clearance 0.2500 mm; actual 0.1650 mm)
    Rule: board setup constraints hole; error
    @(169.7261 mm, 107.0536 mm): Buried via [FPGA-TMS] on L4-SIG - L5-VCC3V3
    @(113.8261 mm, 117.4536 mm): Zone [VCC3V3] on L5-VCC3V3, priority 0
[hole_clearance]: Hole clearance violation (board setup constraints hole clearance 0.2500 mm; actual 0.1650 mm)
    Rule: board setup constraints hole; error
    @(171.3261 mm, 100.7036 mm): Blind via [FPGA-TDI] on Top Layer - L2-GND
    @(113.8261 mm, 117.4536 mm): Zone [GND] on L2-GND, priority 1
[hole_clearance]: Hole clearance violation (board setup constraints hole clearance 0.2500 mm; actual 0.1746 mm)
    Rule: board setup constraints hole; error
    @(170.1764 mm, 110.1538 mm): Pad 2 [GND] of C142 on Top Layer
    @(171.1761 mm, 110.4536 mm): Blind via [FPGA-TDO] on Top Layer - L2-GND
[hole_clearance]: Hole clearance violation (board setup constraints hole clearance 0.2500 mm; actual 0.1746 mm)
    Rule: board setup constraints hole; error
    @(170.1764 mm, 100.2546 mm): Pad 2 [GND] of C98 on Top Layer
    @(171.1761 mm, 100.3036 mm): Blind via [FPGA-TDO] on Top Layer - L2-GND
[hole_clearance]: Hole clearance violation (board setup constraints hole clearance 0.2500 mm; actual 0.1750 mm)
    Rule: board setup constraints hole; error
    @(171.1761 mm, 99.9036 mm): Blind via [FPGA-TMS] on Top Layer - L2-GND
    @(171.1761 mm, 100.3036 mm): Blind via [FPGA-TDO] on Top Layer - L2-GND
[hole_clearance]: Hole clearance violation (board setup constraints hole clearance 0.2500 mm; actual 0.1650 mm)
    Rule: board setup constraints hole; error
    @(169.7261 mm, 107.0536 mm): Blind via [FPGA-TMS] on L5-VCC3V3 - Bottom Layer
    @(113.8261 mm, 117.4536 mm): Zone [VCC3V3] on L5-VCC3V3, priority 0
[hole_clearance]: Hole clearance violation (board setup constraints hole clearance 0.2500 mm; actual 0.1650 mm)
    Rule: board setup constraints hole; error
    @(165.0761 mm, 107.8536 mm): Blind via [FPGA-TMS] on L5-VCC3V3 - Bottom Layer
    @(113.8261 mm, 117.4536 mm): Zone [VCC3V3] on L5-VCC3V3, priority 0
[hole_clearance]: Hole clearance violation (board setup constraints hole clearance 0.2500 mm; actual 0.1650 mm)
    Rule: board setup constraints hole; error
    @(161.7261 mm, 113.1036 mm): Buried via [FPGA-TMS] on L2-GND - L3-SIG
    @(113.8261 mm, 117.4536 mm): Zone [GND] on L2-GND, priority 1
[hole_clearance]: Hole clearance violation (board setup constraints hole clearance 0.2500 mm; actual 0.1893 mm)
    Rule: board setup constraints hole; error
    @(148.8012 mm, 109.8036 mm): Pad 32 [unconnected-(U2-ACBUS5-Pad32)] of U2 on Top Layer
    @(149.2261 mm, 110.6286 mm): Via [D2] on Top Layer - Bottom Layer
[hole_clearance]: Hole clearance violation (board setup constraints hole clearance 0.2500 mm; actual 0.1650 mm)
    Rule: board setup constraints hole; error
    @(171.1761 mm, 99.9036 mm): Buried via [FPGA-TMS] on L2-GND - L3-SIG
    @(113.8261 mm, 117.4536 mm): Zone [GND] on L2-GND, priority 1
[hole_clearance]: Hole clearance violation (board setup constraints hole clearance 0.2500 mm; actual 0.2011 mm)
    Rule: board setup constraints hole; error
    @(158.5258 mm, 113.7537 mm): Pad 1 [AIN16_P] of R16 on Bottom Layer
    @(158.3511 mm, 113.3036 mm): Via [D2] on Top Layer - Bottom Layer
[hole_clearance]: Hole clearance violation (board setup constraints hole clearance 0.2500 mm; actual 0.1650 mm)
    Rule: board setup constraints hole; error
    @(159.7261 mm, 109.5536 mm): Buried via [FPGA-TMS] on L2-GND - L3-SIG
    @(113.8261 mm, 117.4536 mm): Zone [GND] on L2-GND, priority 1
[hole_clearance]: Hole clearance violation (board setup constraints hole clearance 0.2500 mm; actual 0.1650 mm)
    Rule: board setup constraints hole; error
    @(160.8261 mm, 112.1536 mm): Buried via [FPGA-TMS] on L2-GND - L3-SIG
    @(113.8261 mm, 117.4536 mm): Zone [GND] on L2-GND, priority 1
[hole_clearance]: Hole clearance violation (board setup constraints hole clearance 0.2500 mm; actual 0.2250 mm)
    Rule: board setup constraints hole; error
    @(157.4011 mm, 113.3036 mm): Via [D3] on Top Layer - Bottom Layer
    @(156.9011 mm, 113.3036 mm): Via [D5] on Top Layer - Bottom Layer
[hole_clearance]: Hole clearance violation (board setup constraints hole clearance 0.2500 mm; actual 0.1732 mm)
    Rule: board setup constraints hole; error
    @(147.3010 mm, 109.8036 mm): Pad 29 [unconnected-(U2-ACBUS3-Pad29)] of U2 on Top Layer
    @(147.5511 mm, 108.7786 mm): Via [D3] on Top Layer - Bottom Layer
[hole_clearance]: Hole clearance violation (board setup constraints hole clearance 0.2500 mm; actual 0.1650 mm)
    Rule: board setup constraints hole; error
    @(160.8261 mm, 112.1536 mm): Blind via [FPGA-TMS] on Top Layer - L2-GND
    @(113.8261 mm, 117.4536 mm): Zone [GND] on L2-GND, priority 1
[hole_clearance]: Hole clearance violation (board setup constraints hole clearance 0.2500 mm; actual 0.2250 mm)
    Rule: board setup constraints hole; error
    @(157.4011 mm, 113.3036 mm): Via [D3] on Top Layer - Bottom Layer
    @(156.9011 mm, 113.3036 mm): Via [D5] on Top Layer - Bottom Layer
[hole_clearance]: Hole clearance violation (board setup constraints hole clearance 0.2500 mm; actual 0.1650 mm)
    Rule: board setup constraints hole; error
    @(159.7261 mm, 109.5536 mm): Blind via [FPGA-TMS] on Top Layer - L2-GND
    @(113.8261 mm, 117.4536 mm): Zone [GND] on L2-GND, priority 1
[hole_clearance]: Hole clearance violation (board setup constraints hole clearance 0.2500 mm; actual 0.1650 mm)
    Rule: board setup constraints hole; error
    @(159.7761 mm, 112.2536 mm): Blind via [FPGA-TDO] on L5-VCC3V3 - Bottom Layer
    @(113.8261 mm, 117.4536 mm): Zone [VCC3V3] on L5-VCC3V3, priority 0
[hole_clearance]: Hole clearance violation (board setup constraints hole clearance 0.2500 mm; actual 0.1650 mm)
    Rule: board setup constraints hole; error
    @(171.1761 mm, 110.4536 mm): Blind via [FPGA-TDO] on L5-VCC3V3 - Bottom Layer
    @(113.8261 mm, 117.4536 mm): Zone [VCC3V3] on L5-VCC3V3, priority 0
[hole_clearance]: Hole clearance violation (board setup constraints hole clearance 0.2500 mm; actual 0.1650 mm)
    Rule: board setup constraints hole; error
    @(163.8261 mm, 115.3036 mm): Blind via [FPGA-TDI] on L5-VCC3V3 - Bottom Layer
    @(113.8261 mm, 117.4536 mm): Zone [VCC3V3] on L5-VCC3V3, priority 0
[hole_clearance]: Hole clearance violation (board setup constraints hole clearance 0.2500 mm; actual 0.1650 mm)
    Rule: board setup constraints hole; error
    @(171.1761 mm, 110.4536 mm): Buried via [FPGA-TDO] on L4-SIG - L5-VCC3V3
    @(113.8261 mm, 117.4536 mm): Zone [VCC3V3] on L5-VCC3V3, priority 0
[hole_clearance]: Hole clearance violation (board setup constraints hole clearance 0.2500 mm; actual 0.1650 mm)
    Rule: board setup constraints hole; error
    @(159.7761 mm, 112.2536 mm): Buried via [FPGA-TDO] on L4-SIG - L5-VCC3V3
    @(113.8261 mm, 117.4536 mm): Zone [VCC3V3] on L5-VCC3V3, priority 0
[hole_clearance]: Hole clearance violation (board setup constraints hole clearance 0.2500 mm; actual 0.1650 mm)
    Rule: board setup constraints hole; error
    @(171.1761 mm, 110.4536 mm): Buried via [FPGA-TDO] on L2-GND - L3-SIG
    @(113.8261 mm, 117.4536 mm): Zone [GND] on L2-GND, priority 1
[hole_clearance]: Hole clearance violation (board setup constraints hole clearance 0.2500 mm; actual 0.1650 mm)
    Rule: board setup constraints hole; error
    @(159.0761 mm, 112.5536 mm): Buried via [FPGA-TDO] on L2-GND - L3-SIG
    @(113.8261 mm, 117.4536 mm): Zone [GND] on L2-GND, priority 1
[hole_clearance]: Hole clearance violation (board setup constraints hole clearance 0.2500 mm; actual 0.1650 mm)
    Rule: board setup constraints hole; error
    @(161.7261 mm, 113.1036 mm): Blind via [FPGA-TMS] on Top Layer - L2-GND
    @(113.8261 mm, 117.4536 mm): Zone [GND] on L2-GND, priority 1
[hole_clearance]: Hole clearance violation (board setup constraints hole clearance 0.2500 mm; actual 0.1650 mm)
    Rule: board setup constraints hole; error
    @(172.9761 mm, 108.3036 mm): Buried via [FPGA-TDO] on L2-GND - L3-SIG
    @(113.8261 mm, 117.4536 mm): Zone [GND] on L2-GND, priority 1
[hole_clearance]: Hole clearance violation (board setup constraints hole clearance 0.2500 mm; actual 0.1650 mm)
    Rule: board setup constraints hole; error
    @(171.1761 mm, 99.9036 mm): Blind via [FPGA-TMS] on Top Layer - L2-GND
    @(113.8261 mm, 117.4536 mm): Zone [GND] on L2-GND, priority 1
[hole_clearance]: Hole clearance violation (board setup constraints hole clearance 0.2500 mm; actual 0.1650 mm)
    Rule: board setup constraints hole; error
    @(171.1761 mm, 100.3036 mm): Buried via [FPGA-TDO] on L2-GND - L3-SIG
    @(113.8261 mm, 117.4536 mm): Zone [GND] on L2-GND, priority 1
[hole_clearance]: Hole clearance violation (board setup constraints hole clearance 0.2500 mm; actual 0.1650 mm)
    Rule: board setup constraints hole; error
    @(171.1761 mm, 110.4536 mm): Blind via [FPGA-TDO] on Top Layer - L2-GND
    @(113.8261 mm, 117.4536 mm): Zone [GND] on L2-GND, priority 1
[hole_clearance]: Hole clearance violation (board setup constraints hole clearance 0.2500 mm; actual 0.1650 mm)
    Rule: board setup constraints hole; error
    @(159.0761 mm, 112.5536 mm): Blind via [FPGA-TDO] on Top Layer - L2-GND
    @(113.8261 mm, 117.4536 mm): Zone [GND] on L2-GND, priority 1
[hole_clearance]: Hole clearance violation (board setup constraints hole clearance 0.2500 mm; actual 0.1650 mm)
    Rule: board setup constraints hole; error
    @(171.1761 mm, 100.3036 mm): Blind via [FPGA-TDO] on Top Layer - L2-GND
    @(113.8261 mm, 117.4536 mm): Zone [GND] on L2-GND, priority 1
[hole_clearance]: Hole clearance violation (board setup constraints hole clearance 0.2500 mm; actual 0.1650 mm)
    Rule: board setup constraints hole; error
    @(171.7761 mm, 106.3536 mm): Buried via [FPGA-TDI] on L2-GND - L3-SIG
    @(113.8261 mm, 117.4536 mm): Zone [GND] on L2-GND, priority 1
[hole_clearance]: Hole clearance violation (board setup constraints hole clearance 0.2500 mm; actual 0.1650 mm)
    Rule: board setup constraints hole; error
    @(172.9761 mm, 108.3036 mm): Blind via [FPGA-TDO] on Top Layer - L2-GND
    @(113.8261 mm, 117.4536 mm): Zone [GND] on L2-GND, priority 1
[copper_edge_clearance]: Board edge clearance violation (board setup constraints edge clearance 0.5000 mm; actual 0.2619 mm)
    Rule: board setup constraints edge; error
    @(183.4261 mm, 92.3036 mm): Segment on Edge.Cuts
    @(151.8761 mm, 93.3036 mm): Track [LED0_R] on Top Layer, length 0.9899 mm
[copper_edge_clearance]: Board edge clearance violation (board setup constraints edge clearance 0.5000 mm; actual 0.2619 mm)
    Rule: board setup constraints edge; error
    @(183.4261 mm, 92.3036 mm): Segment on Edge.Cuts
    @(152.5761 mm, 92.6036 mm): Track [LED0_R] on Top Layer, length 0.5000 mm
[copper_edge_clearance]: Board edge clearance violation (board setup constraints edge clearance 0.5000 mm; actual 0.2619 mm)
    Rule: board setup constraints edge; error
    @(183.4261 mm, 92.3036 mm): Segment on Edge.Cuts
    @(153.0761 mm, 92.6036 mm): Track [LED0_R] on Top Layer, length 0.3162 mm
[copper_edge_clearance]: Board edge clearance violation (board setup constraints edge clearance 0.5000 mm; actual 0.3619 mm)
    Rule: board setup constraints edge; error
    @(183.4261 mm, 92.3036 mm): Segment on Edge.Cuts
    @(153.3761 mm, 92.7036 mm): Track [LED0_R] on Top Layer, length 1.7692 mm
[copper_edge_clearance]: Board edge clearance violation (board setup constraints edge clearance 0.5000 mm; actual 0.2619 mm)
    Rule: board setup constraints edge; error
    @(113.5761 mm, 117.7036 mm): Segment on Edge.Cuts
    @(157.6761 mm, 117.4036 mm): Track [TDI] on Top Layer, length 13.2000 mm
[copper_edge_clearance]: Board edge clearance violation (board setup constraints edge clearance 0.5000 mm; actual 0.2619 mm)
    Rule: board setup constraints edge; error
    @(113.5761 mm, 117.7036 mm): Segment on Edge.Cuts
    @(156.9761 mm, 116.7036 mm): Track [TDI] on Top Layer, length 0.9899 mm
[copper_edge_clearance]: Board edge clearance violation (board setup constraints edge clearance 0.5000 mm; actual 0.4619 mm)
    Rule: board setup constraints edge; error
    @(113.5761 mm, 117.7036 mm): Segment on Edge.Cuts
    @(171.2761 mm, 117.2036 mm): Track [TDI] on Top Layer, length 3.4655 mm
[copper_edge_clearance]: Board edge clearance violation (board setup constraints edge clearance 0.5000 mm; actual 0.2619 mm)
    Rule: board setup constraints edge; error
    @(113.5761 mm, 117.7036 mm): Segment on Edge.Cuts
    @(170.8761 mm, 117.4036 mm): Track [TDI] on Top Layer, length 0.4472 mm
[copper_edge_clearance]: Board edge clearance violation (board setup constraints edge clearance 0.5000 mm; actual 0.2619 mm)
    Rule: board setup constraints edge; error
    @(113.5761 mm, 117.7036 mm): Segment on Edge.Cuts
    @(156.2761 mm, 117.4036 mm): Track [TDI] on L4-SIG, length 0.9899 mm
[copper_edge_clearance]: Board edge clearance violation (board setup constraints edge clearance 0.5000 mm; actual 0.2619 mm)
    Rule: board setup constraints edge; error
    @(113.5761 mm, 117.7036 mm): Segment on Edge.Cuts
    @(151.2761 mm, 116.3036 mm): Track [TDI] on L4-SIG, length 1.5556 mm
[copper_edge_clearance]: Board edge clearance violation (board setup constraints edge clearance 0.5000 mm; actual 0.2619 mm)
    Rule: board setup constraints edge; error
    @(113.5761 mm, 117.7036 mm): Segment on Edge.Cuts
    @(152.3761 mm, 117.4036 mm): Track [TDI] on L4-SIG, length 3.9000 mm
[copper_edge_clearance]: Board edge clearance violation (board setup constraints edge clearance 0.5000 mm; actual 0.3369 mm)
    Rule: board setup constraints edge; error
    @(183.4261 mm, 92.3036 mm): Segment on Edge.Cuts
    @(162.7261 mm, 92.6786 mm): Track [UART_FT_DTR#] on L4-SIG, length 3.3000 mm
[copper_edge_clearance]: Board edge clearance violation (board setup constraints edge clearance 0.5000 mm; actual 0.3369 mm)
    Rule: board setup constraints edge; error
    @(183.4261 mm, 92.3036 mm): Segment on Edge.Cuts
    @(166.0261 mm, 92.6786 mm): Track [UART_FT_DTR#] on L4-SIG, length 2.6870 mm
[copper_edge_clearance]: Board edge clearance violation (board setup constraints edge clearance 0.5000 mm; actual 0.3369 mm)
    Rule: board setup constraints edge; error
    @(183.4261 mm, 92.3036 mm): Segment on Edge.Cuts
    @(162.1511 mm, 93.2536 mm): Track [UART_FT_DTR#] on L4-SIG, length 0.8132 mm
[copper_edge_clearance]: Board edge clearance violation (board setup constraints edge clearance 0.5000 mm; actual 0.3500 mm)
    Rule: board setup constraints edge; error
    @(113.5761 mm, 92.3036 mm): Segment on Edge.Cuts
    @(114.0761 mm, 107.8036 mm): Track [VCC1V8] on L3-SIG, length 0.8485 mm
[copper_edge_clearance]: Board edge clearance violation (board setup constraints edge clearance 0.5000 mm; actual 0.3500 mm)
    Rule: board setup constraints edge; error
    @(113.5761 mm, 92.3036 mm): Segment on Edge.Cuts
    @(114.0761 mm, 107.8036 mm): Track [VCC1V8] on L3-SIG, length 13.1500 mm
[copper_edge_clearance]: Board edge clearance violation (board setup constraints edge clearance 0.5000 mm; actual 0.3500 mm)
    Rule: board setup constraints edge; error
    @(113.5761 mm, 92.3036 mm): Segment on Edge.Cuts
    @(114.0761 mm, 94.6536 mm): Track [VCC1V8] on L3-SIG, length 5.8500 mm
[copper_edge_clearance]: Board edge clearance violation (board setup constraints edge clearance 0.5000 mm; actual 0.2619 mm)
    Rule: board setup constraints edge; error
    @(183.4261 mm, 92.3036 mm): Segment on Edge.Cuts
    @(152.5761 mm, 92.6036 mm): Track [FPGA-TCK] on L4-SIG, length 8.3000 mm
[copper_edge_clearance]: Board edge clearance violation (board setup constraints edge clearance 0.5000 mm; actual 0.2619 mm)
    Rule: board setup constraints edge; error
    @(183.4261 mm, 92.3036 mm): Segment on Edge.Cuts
    @(151.8761 mm, 93.3036 mm): Track [FPGA-TCK] on L4-SIG, length 0.9899 mm
[copper_edge_clearance]: Board edge clearance violation (board setup constraints edge clearance 0.5000 mm; actual 0.2619 mm)
    Rule: board setup constraints edge; error
    @(183.4261 mm, 92.3036 mm): Segment on Edge.Cuts
    @(160.8761 mm, 92.6036 mm): Track [FPGA-TCK] on L4-SIG, length 2.9698 mm
[copper_edge_clearance]: Board edge clearance violation (board setup constraints edge clearance 0.5000 mm; actual 0.3419 mm)
    Rule: board setup constraints edge; error
    @(183.4261 mm, 92.3036 mm): Segment on Edge.Cuts
    @(150.4061 mm, 92.6836 mm): Track [CHAN12] on Bottom Layer, length 0.8768 mm
[copper_edge_clearance]: Board edge clearance violation (board setup constraints edge clearance 0.5000 mm; actual 0.3419 mm)
    Rule: board setup constraints edge; error
    @(183.4261 mm, 92.3036 mm): Segment on Edge.Cuts
    @(142.2961 mm, 93.0836 mm): Track [CHAN12] on Bottom Layer, length 0.5657 mm
[copper_edge_clearance]: Board edge clearance violation (board setup constraints edge clearance 0.5000 mm; actual 0.3419 mm)
    Rule: board setup constraints edge; error
    @(183.4261 mm, 92.3036 mm): Segment on Edge.Cuts
    @(142.6961 mm, 92.6836 mm): Track [CHAN12] on Bottom Layer, length 7.7100 mm
[copper_edge_clearance]: Board edge clearance violation (board setup constraints edge clearance 0.5000 mm; actual 0.3119 mm)
    Rule: board setup constraints edge; error
    @(183.4261 mm, 92.3036 mm): Segment on Edge.Cuts
    @(151.0261 mm, 92.6536 mm): Track [CHAN8] on Top Layer, length 2.4698 mm
[copper_edge_clearance]: Board edge clearance violation (board setup constraints edge clearance 0.5000 mm; actual 0.3119 mm)
    Rule: board setup constraints edge; error
    @(183.4261 mm, 92.3036 mm): Segment on Edge.Cuts
    @(150.2261 mm, 92.6536 mm): Track [CHAN8] on Top Layer, length 0.8000 mm
[copper_edge_clearance]: Board edge clearance violation (board setup constraints edge clearance 0.5000 mm; actual 0.3119 mm)
    Rule: board setup constraints edge; error
    @(183.4261 mm, 92.3036 mm): Segment on Edge.Cuts
    @(137.7061 mm, 93.5736 mm): Track [CHAN8] on Top Layer, length 1.3011 mm
[copper_edge_clearance]: Board edge clearance violation (board setup constraints edge clearance 0.5000 mm; actual 0.3119 mm)
    Rule: board setup constraints edge; error
    @(183.4261 mm, 92.3036 mm): Segment on Edge.Cuts
    @(138.6261 mm, 92.6536 mm): Track [CHAN8] on Top Layer, length 11.6000 mm
[copper_edge_clearance]: Board edge clearance violation (board setup constraints edge clearance 0.5000 mm; actual 0.3119 mm)
    Rule: board setup constraints edge; error
    @(113.5761 mm, 117.7036 mm): Segment on Edge.Cuts
    @(132.2761 mm, 117.3536 mm): Track [SD-CMD] on L3-SIG, length 14.2500 mm
[copper_edge_clearance]: Board edge clearance violation (board setup constraints edge clearance 0.5000 mm; actual 0.3119 mm)
    Rule: board setup constraints edge; error
    @(113.5761 mm, 117.7036 mm): Segment on Edge.Cuts
    @(146.5261 mm, 117.3536 mm): Track [SD-CMD] on L3-SIG, length 1.2021 mm
[copper_edge_clearance]: Board edge clearance violation (board setup constraints edge clearance 0.5000 mm; actual 0.3119 mm)
    Rule: board setup constraints edge; error
    @(113.5761 mm, 117.7036 mm): Segment on Edge.Cuts
    @(131.7261 mm, 116.8036 mm): Track [SD-CMD] on L3-SIG, length 0.7778 mm
[copper_edge_clearance]: Board edge clearance violation (board setup constraints edge clearance 0.5000 mm; actual 0.2619 mm)
    Rule: board setup constraints edge; error
    @(183.4261 mm, 92.3036 mm): Segment on Edge.Cuts
    @(137.3761 mm, 92.6036 mm): Track [CHAN21] on L3-SIG, length 28.4000 mm
[copper_edge_clearance]: Board edge clearance violation (board setup constraints edge clearance 0.5000 mm; actual 0.2619 mm)
    Rule: board setup constraints edge; error
    @(183.4261 mm, 92.3036 mm): Segment on Edge.Cuts
    @(137.2761 mm, 92.7036 mm): Track [CHAN21] on L3-SIG, length 0.1414 mm
[copper_edge_clearance]: Board edge clearance violation (board setup constraints edge clearance 0.5000 mm; actual 0.3619 mm)
    Rule: board setup constraints edge; error
    @(183.4261 mm, 92.3036 mm): Segment on Edge.Cuts
    @(132.8761 mm, 97.2036 mm): Track [CHAN21] on L3-SIG, length 6.2936 mm
[copper_edge_clearance]: Board edge clearance violation (board setup constraints edge clearance 0.5000 mm; actual 0.2619 mm)
    Rule: board setup constraints edge; error
    @(183.4261 mm, 92.3036 mm): Segment on Edge.Cuts
    @(165.7761 mm, 92.6036 mm): Track [CHAN21] on L3-SIG, length 0.3162 mm
[copper_edge_clearance]: Board edge clearance violation (board setup constraints edge clearance 0.5000 mm; actual 0.3619 mm)
    Rule: board setup constraints edge; error
    @(183.4261 mm, 92.3036 mm): Segment on Edge.Cuts
    @(166.0761 mm, 92.7036 mm): Track [CHAN21] on L3-SIG, length 4.8166 mm
[copper_edge_clearance]: Board edge clearance violation (board setup constraints edge clearance 0.5000 mm; actual 0.4619 mm)
    Rule: board setup constraints edge; error
    @(113.5761 mm, 117.7036 mm): Segment on Edge.Cuts
    @(163.6261 mm, 117.2036 mm): Track [CHAN17] on L4-SIG, length 2.3691 mm
[copper_edge_clearance]: Board edge clearance violation (board setup constraints edge clearance 0.5000 mm; actual 0.3119 mm)
    Rule: board setup constraints edge; error
    @(113.5761 mm, 117.7036 mm): Segment on Edge.Cuts
    @(158.0261 mm, 116.4336 mm): Track [CHAN17] on L4-SIG, length 1.3011 mm
[copper_edge_clearance]: Board edge clearance violation (board setup constraints edge clearance 0.5000 mm; actual 0.3119 mm)
    Rule: board setup constraints edge; error
    @(113.5761 mm, 117.7036 mm): Segment on Edge.Cuts
    @(158.9461 mm, 117.3536 mm): Track [CHAN17] on L4-SIG, length 4.3300 mm
[copper_edge_clearance]: Board edge clearance violation (board setup constraints edge clearance 0.5000 mm; actual 0.3119 mm)
    Rule: board setup constraints edge; error
    @(113.5761 mm, 117.7036 mm): Segment on Edge.Cuts
    @(163.2761 mm, 117.3536 mm): Track [CHAN17] on L4-SIG, length 0.3808 mm
[copper_edge_clearance]: Board edge clearance violation (board setup constraints edge clearance 0.5000 mm; actual 0.2619 mm)
    Rule: board setup constraints edge; error
    @(113.5761 mm, 117.7036 mm): Segment on Edge.Cuts
    @(151.7761 mm, 116.7036 mm): Track [CHAN25] on Top Layer, length 0.9899 mm
[copper_edge_clearance]: Board edge clearance violation (board setup constraints edge clearance 0.5000 mm; actual 0.2619 mm)
    Rule: board setup constraints edge; error
    @(113.5761 mm, 117.7036 mm): Segment on Edge.Cuts
    @(152.4761 mm, 117.4036 mm): Track [CHAN25] on Top Layer, length 3.3000 mm
[copper_edge_clearance]: Board edge clearance violation (board setup constraints edge clearance 0.5000 mm; actual 0.2619 mm)
    Rule: board setup constraints edge; error
    @(113.5761 mm, 117.7036 mm): Segment on Edge.Cuts
    @(155.7761 mm, 117.4036 mm): Track [CHAN25] on Top Layer, length 0.9899 mm
[copper_edge_clearance]: Board edge clearance violation (board setup constraints edge clearance 0.5000 mm; actual 0.2619 mm)
    Rule: board setup constraints edge; error
    @(113.5761 mm, 117.7036 mm): Segment on Edge.Cuts
    @(128.5161 mm, 117.4036 mm): Track [CHAN25] on Top Layer, length 6.9600 mm
[copper_edge_clearance]: Board edge clearance violation (board setup constraints edge clearance 0.5000 mm; actual 0.2619 mm)
    Rule: board setup constraints edge; error
    @(113.5761 mm, 117.7036 mm): Segment on Edge.Cuts
    @(135.4761 mm, 117.4036 mm): Track [CHAN25] on Top Layer, length 1.1314 mm
[copper_edge_clearance]: Board edge clearance violation (board setup constraints edge clearance 0.5000 mm; actual 0.2619 mm)
    Rule: board setup constraints edge; error
    @(113.5761 mm, 117.7036 mm): Segment on Edge.Cuts
    @(127.5461 mm, 116.4336 mm): Track [CHAN25] on Top Layer, length 1.3718 mm
[copper_edge_clearance]: Board edge clearance violation (board setup constraints edge clearance 0.5000 mm; actual 0.2619 mm)
    Rule: board setup constraints edge; error
    @(113.5761 mm, 117.7036 mm): Segment on Edge.Cuts
    @(157.1761 mm, 117.4036 mm): Track [CHAN25] on Bottom Layer, length 3.7000 mm
[copper_edge_clearance]: Board edge clearance violation (board setup constraints edge clearance 0.5000 mm; actual 0.2619 mm)
    Rule: board setup constraints edge; error
    @(113.5761 mm, 117.7036 mm): Segment on Edge.Cuts
    @(156.4761 mm, 116.7036 mm): Track [CHAN25] on Bottom Layer, length 0.9899 mm
[copper_edge_clearance]: Board edge clearance violation (board setup constraints edge clearance 0.5000 mm; actual 0.2619 mm)
    Rule: board setup constraints edge; error
    @(113.5761 mm, 117.7036 mm): Segment on Edge.Cuts
    @(160.8761 mm, 117.4036 mm): Track [CHAN25] on Bottom Layer, length 0.8485 mm
[copper_edge_clearance]: Board edge clearance violation (board setup constraints edge clearance 0.5000 mm; actual 0.2619 mm)
    Rule: board setup constraints edge; error
    @(183.4261 mm, 92.3036 mm): Segment on Edge.Cuts
    @(168.4761 mm, 92.6036 mm): Track [CHAN22] on Top Layer, length 3.2527 mm
[copper_edge_clearance]: Board edge clearance violation (board setup constraints edge clearance 0.5000 mm; actual 0.2619 mm)
    Rule: board setup constraints edge; error
    @(183.4261 mm, 92.3036 mm): Segment on Edge.Cuts
    @(155.1761 mm, 92.6036 mm): Track [CHAN22] on Top Layer, length 13.3000 mm
[copper_edge_clearance]: Board edge clearance violation (board setup constraints edge clearance 0.5000 mm; actual 0.2619 mm)
    Rule: board setup constraints edge; error
    @(183.4261 mm, 92.3036 mm): Segment on Edge.Cuts
    @(154.4761 mm, 93.3036 mm): Track [CHAN22] on Top Layer, length 0.9899 mm
[copper_edge_clearance]: Board edge clearance violation (board setup constraints edge clearance 0.5000 mm; actual 0.2619 mm)
    Rule: board setup constraints edge; error
    @(113.5761 mm, 117.7036 mm): Segment on Edge.Cuts
    @(137.3761 mm, 117.4036 mm): Track [CHAN19] on Top Layer, length 3.2000 mm
[copper_edge_clearance]: Board edge clearance violation (board setup constraints edge clearance 0.5000 mm; actual 0.2619 mm)
    Rule: board setup constraints edge; error
    @(113.5761 mm, 117.7036 mm): Segment on Edge.Cuts
    @(140.5761 mm, 117.4036 mm): Track [CHAN19] on Top Layer, length 0.9899 mm
[copper_edge_clearance]: Board edge clearance violation (board setup constraints edge clearance 0.5000 mm; actual 0.2619 mm)
    Rule: board setup constraints edge; error
    @(113.5761 mm, 117.7036 mm): Segment on Edge.Cuts
    @(136.8761 mm, 116.9036 mm): Track [CHAN19] on Top Layer, length 0.7071 mm
[copper_edge_clearance]: Board edge clearance violation (board setup constraints edge clearance 0.5000 mm; actual 0.2619 mm)
    Rule: board setup constraints edge; error
    @(183.4261 mm, 92.3036 mm): Segment on Edge.Cuts
    @(165.9761 mm, 92.6036 mm): Track [CHAN19] on Bottom Layer, length 0.7071 mm
[copper_edge_clearance]: Board edge clearance violation (board setup constraints edge clearance 0.5000 mm; actual 0.2619 mm)
    Rule: board setup constraints edge; error
    @(183.4261 mm, 92.3036 mm): Segment on Edge.Cuts
    @(155.1761 mm, 92.6036 mm): Track [CHAN19] on Bottom Layer, length 10.8000 mm
[copper_edge_clearance]: Board edge clearance violation (board setup constraints edge clearance 0.5000 mm; actual 0.2619 mm)
    Rule: board setup constraints edge; error
    @(183.4261 mm, 92.3036 mm): Segment on Edge.Cuts
    @(154.6761 mm, 93.1036 mm): Track [CHAN19] on Bottom Layer, length 0.7071 mm
[copper_edge_clearance]: Board edge clearance violation (board setup constraints edge clearance 0.5000 mm; actual 0.2619 mm)
    Rule: board setup constraints edge; error
    @(113.5761 mm, 117.7036 mm): Segment on Edge.Cuts
    @(165.9761 mm, 117.4036 mm): Track [CHAN16] on L3-SIG, length 0.7071 mm
[copper_edge_clearance]: Board edge clearance violation (board setup constraints edge clearance 0.5000 mm; actual 0.2619 mm)
    Rule: board setup constraints edge; error
    @(113.5761 mm, 117.7036 mm): Segment on Edge.Cuts
    @(161.5361 mm, 117.4036 mm): Track [CHAN16] on L3-SIG, length 4.4400 mm
[copper_edge_clearance]: Board edge clearance violation (board setup constraints edge clearance 0.5000 mm; actual 0.2619 mm)
    Rule: board setup constraints edge; error
    @(113.5761 mm, 117.7036 mm): Segment on Edge.Cuts
    @(160.5661 mm, 116.4336 mm): Track [CHAN16] on L3-SIG, length 1.3718 mm
[copper_edge_clearance]: Board edge clearance violation (board setup constraints edge clearance 0.5000 mm; actual 0.2619 mm)
    Rule: board setup constraints edge; error
    @(113.5761 mm, 117.7036 mm): Segment on Edge.Cuts
    @(158.3761 mm, 117.4036 mm): Track [ANALOG-IO0] on L3-SIG, length 0.9899 mm
[copper_edge_clearance]: Board edge clearance violation (board setup constraints edge clearance 0.5000 mm; actual 0.2619 mm)
    Rule: board setup constraints edge; error
    @(113.5761 mm, 117.7036 mm): Segment on Edge.Cuts
    @(148.4761 mm, 116.7036 mm): Track [ANALOG-IO0] on L3-SIG, length 0.9899 mm
[copper_edge_clearance]: Board edge clearance violation (board setup constraints edge clearance 0.5000 mm; actual 0.2619 mm)
    Rule: board setup constraints edge; error
    @(113.5761 mm, 117.7036 mm): Segment on Edge.Cuts
    @(149.1761 mm, 117.4036 mm): Track [ANALOG-IO0] on L3-SIG, length 9.2000 mm
[copper_edge_clearance]: Board edge clearance violation (board setup constraints edge clearance 0.5000 mm; actual 0.2619 mm)
    Rule: board setup constraints edge; error
    @(113.5761 mm, 117.7036 mm): Segment on Edge.Cuts
    @(118.3561 mm, 117.4036 mm): Track [ANALOG-IO0] on L4-SIG, length 29.4200 mm
[copper_edge_clearance]: Board edge clearance violation (board setup constraints edge clearance 0.5000 mm; actual 0.2619 mm)
    Rule: board setup constraints edge; error
    @(113.5761 mm, 117.7036 mm): Segment on Edge.Cuts
    @(147.7761 mm, 117.4036 mm): Track [ANALOG-IO0] on L4-SIG, length 0.9899 mm
[copper_edge_clearance]: Board edge clearance violation (board setup constraints edge clearance 0.5000 mm; actual 0.2619 mm)
    Rule: board setup constraints edge; error
    @(113.5761 mm, 117.7036 mm): Segment on Edge.Cuts
    @(117.3861 mm, 116.4336 mm): Track [ANALOG-IO0] on L4-SIG, length 1.3718 mm
[copper_edge_clearance]: Board edge clearance violation (board setup constraints edge clearance 0.5000 mm; actual 0.3119 mm)
    Rule: board setup constraints edge; error
    @(113.5761 mm, 117.7036 mm): Segment on Edge.Cuts
    @(114.8461 mm, 116.4336 mm): Track [ANALOG-IO1] on Bottom Layer, length 1.3011 mm
[copper_edge_clearance]: Board edge clearance violation (board setup constraints edge clearance 0.5000 mm; actual 0.3119 mm)
    Rule: board setup constraints edge; error
    @(113.5761 mm, 117.7036 mm): Segment on Edge.Cuts
    @(115.7661 mm, 117.3536 mm): Track [ANALOG-IO1] on Bottom Layer, length 35.3600 mm
[copper_edge_clearance]: Board edge clearance violation (board setup constraints edge clearance 0.5000 mm; actual 0.3119 mm)
    Rule: board setup constraints edge; error
    @(113.5761 mm, 117.7036 mm): Segment on Edge.Cuts
    @(151.1261 mm, 117.3536 mm): Track [ANALOG-IO1] on Bottom Layer, length 1.2728 mm
[copper_edge_clearance]: Board edge clearance violation (board setup constraints edge clearance 0.5000 mm; actual 0.2500 mm)
    Rule: board setup constraints edge; error
    @(113.5761 mm, 92.3036 mm): Segment on Edge.Cuts
    @(113.8261 mm, 117.4536 mm): Zone [GND] on L2-GND, priority 1
[copper_edge_clearance]: Board edge clearance violation (board setup constraints edge clearance 0.5000 mm; actual 0.2500 mm)
    Rule: board setup constraints edge; error
    @(113.5761 mm, 92.3036 mm): Segment on Edge.Cuts
    @(113.8261 mm, 117.4536 mm): Zone [VCC3V3] on L5-VCC3V3, priority 0
[copper_edge_clearance]: Board edge clearance violation (board setup constraints edge clearance 0.5000 mm; actual 0.4915 mm)
    Rule: board setup constraints edge; error
    @(183.4261 mm, 92.3036 mm): Segment on Edge.Cuts
    @(143.3962 mm, 93.7451 mm): Pad MP1 [GND] of X1 on Top Layer
[copper_edge_clearance]: Board edge clearance violation (board setup constraints edge clearance 0.5000 mm; actual 0.4915 mm)
    Rule: board setup constraints edge; error
    @(183.4261 mm, 92.3036 mm): Segment on Edge.Cuts
    @(145.5961 mm, 93.7451 mm): Pad MP2 [GND] of X1 on Top Layer
[copper_edge_clearance]: Board edge clearance violation (board setup constraints edge clearance 0.5000 mm; actual 0.4915 mm)
    Rule: board setup constraints edge; error
    @(183.4261 mm, 92.3036 mm): Segment on Edge.Cuts
    @(147.5961 mm, 93.7451 mm): Pad MP3 [GND] of X1 on Top Layer
[copper_edge_clearance]: Board edge clearance violation (board setup constraints edge clearance 0.5000 mm; actual 0.4915 mm)
    Rule: board setup constraints edge; error
    @(183.4261 mm, 92.3036 mm): Segment on Edge.Cuts
    @(149.7960 mm, 93.7451 mm): Pad MP4 [GND] of X1 on Top Layer
[copper_edge_clearance]: Board edge clearance violation (board setup constraints edge clearance 0.5000 mm; actual 0.3000 mm)
    Rule: board setup constraints edge; error
    @(113.5761 mm, 117.7036 mm): Segment on Edge.Cuts
    @(144.9761 mm, 114.6535 mm): Pad 1 [VBATT] of X4 on Top Layer
[copper_edge_clearance]: Board edge clearance violation (board setup constraints edge clearance 0.5000 mm; actual 0.3000 mm)
    Rule: board setup constraints edge; error
    @(113.5761 mm, 117.7036 mm): Segment on Edge.Cuts
    @(146.9761 mm, 114.6535 mm): Pad 2 [GND] of X4 on Top Layer
[copper_edge_clearance]: Board edge clearance violation (board setup constraints edge clearance 0.5000 mm; actual 0.3025 mm)
    Rule: board setup constraints edge; error
    @(113.5761 mm, 92.3036 mm): Segment on Edge.Cuts
    @(115.0286 mm, 107.2186 mm): Pad 1 [Net-(U6-LX)] of L2 on Bottom Layer
[copper_edge_clearance]: Board edge clearance violation (board setup constraints edge clearance 0.5000 mm; actual 0.3025 mm)
    Rule: board setup constraints edge; error
    @(113.5761 mm, 92.3036 mm): Segment on Edge.Cuts
    @(115.0286 mm, 109.5686 mm): Pad 2 [VCC1V8] of L2 on Bottom Layer
[drill_out_of_range]: Hole size out of range (board setup constraints min hole 0.3000 mm; actual 0.2000 mm)
    Rule: netclass 'PWR_RAILS'; error
    @(145.6761 mm, 104.5036 mm): Via [USB5V0] on Top Layer - Bottom Layer
[drill_out_of_range]: Hole size out of range (board setup constraints min hole 0.3000 mm; actual 0.2000 mm)
    Rule: netclass 'PWR_RAILS'; error
    @(145.6761 mm, 106.7036 mm): Via [USB5V0] on Top Layer - Bottom Layer
[drill_out_of_range]: Hole size out of range (board setup constraints min hole 0.3000 mm; actual 0.2000 mm)
    Rule: netclass 'Default'; error
    @(118.2801 mm, 108.3936 mm): Via [GND] on Top Layer - Bottom Layer
[drill_out_of_range]: Hole size out of range (board setup constraints min hole 0.3000 mm; actual 0.2000 mm)
    Rule: netclass 'Default'; error
    @(132.1361 mm, 101.5236 mm): Via [GND] on Top Layer - Bottom Layer
[drill_out_of_range]: Hole size out of range (board setup constraints min hole 0.3000 mm; actual 0.2000 mm)
    Rule: netclass 'Default'; error
    @(129.3926 mm, 112.1536 mm): Via [GND] on Top Layer - Bottom Layer
[drill_out_of_range]: Hole size out of range (board setup constraints min hole 0.3000 mm; actual 0.2000 mm)
    Rule: netclass 'Default'; error
    @(120.4241 mm, 102.2016 mm): Via [GND] on Top Layer - Bottom Layer
[drill_out_of_range]: Hole size out of range (board setup constraints min hole 0.3000 mm; actual 0.2000 mm)
    Rule: netclass 'Default'; error
    @(141.9761 mm, 108.6536 mm): Via [GND] on Top Layer - Bottom Layer
[drill_out_of_range]: Hole size out of range (board setup constraints min hole 0.3000 mm; actual 0.2000 mm)
    Rule: netclass 'Default'; error
    @(149.6761 mm, 109.0036 mm): Via [GND] on Top Layer - Bottom Layer
[drill_out_of_range]: Hole size out of range (board setup constraints min hole 0.3000 mm; actual 0.2000 mm)
    Rule: netclass 'Default'; error
    @(159.4761 mm, 102.8037 mm): Via [GND] on Top Layer - Bottom Layer
[drill_out_of_range]: Hole size out of range (board setup constraints min hole 0.3000 mm; actual 0.2000 mm)
    Rule: netclass 'Default'; error
    @(119.9841 mm, 102.2016 mm): Via [GND] on Top Layer - Bottom Layer
[drill_out_of_range]: Hole size out of range (board setup constraints min hole 0.3000 mm; actual 0.2000 mm)
    Rule: netclass 'Default'; error
    @(131.1011 mm, 100.9786 mm): Via [GND] on Top Layer - Bottom Layer
[drill_out_of_range]: Hole size out of range (board setup constraints min hole 0.3000 mm; actual 0.2000 mm)
    Rule: netclass 'Default'; error
    @(139.1761 mm, 115.9036 mm): Via [GND] on Top Layer - Bottom Layer
[drill_out_of_range]: Hole size out of range (board setup constraints min hole 0.3000 mm; actual 0.2000 mm)
    Rule: netclass 'Default'; error
    @(151.9261 mm, 99.3036 mm): Via [GND] on Top Layer - Bottom Layer
[drill_out_of_range]: Hole size out of range (board setup constraints min hole 0.3000 mm; actual 0.1500 mm)
    Rule: netclass 'Default'; error
    @(165.4761 mm, 104.5536 mm): Blind via [GND] on Top Layer - L2-GND
[drill_out_of_range]: Hole size out of range (board setup constraints min hole 0.3000 mm; actual 0.2000 mm)
    Rule: netclass 'Default'; error
    @(158.4761 mm, 103.8037 mm): Via [GND] on Top Layer - Bottom Layer
[drill_out_of_range]: Hole size out of range (board setup constraints min hole 0.3000 mm; actual 0.2000 mm)
    Rule: netclass 'Default'; error
    @(120.5259 mm, 95.5636 mm): Via [GND] on Top Layer - Bottom Layer
[drill_out_of_range]: Hole size out of range (board setup constraints min hole 0.3000 mm; actual 0.2000 mm)
    Rule: netclass 'Default'; error
    @(126.1761 mm, 103.9736 mm): Via [GND] on Top Layer - Bottom Layer
[drill_out_of_range]: Hole size out of range (board setup constraints min hole 0.3000 mm; actual 0.2000 mm)
    Rule: netclass 'Default'; error
    @(154.2761 mm, 116.1536 mm): Via [GND] on Top Layer - Bottom Layer
[drill_out_of_range]: Hole size out of range (board setup constraints min hole 0.3000 mm; actual 0.2000 mm)
    Rule: netclass 'Default'; error
    @(156.9762 mm, 102.8037 mm): Via [GND] on Top Layer - Bottom Layer
[drill_out_of_range]: Hole size out of range (board setup constraints min hole 0.3000 mm; actual 0.2000 mm)
    Rule: netclass 'Default'; error
    @(126.5561 mm, 109.1036 mm): Via [GND] on Top Layer - Bottom Layer
[drill_out_of_range]: Hole size out of range (board setup constraints min hole 0.3000 mm; actual 0.2000 mm)
    Rule: netclass 'Default'; error
    @(164.3761 mm, 94.1036 mm): Via [GND] on Top Layer - Bottom Layer
[drill_out_of_range]: Hole size out of range (board setup constraints min hole 0.3000 mm; actual 0.2000 mm)
    Rule: netclass 'Default'; error
    @(138.6761 mm, 96.9036 mm): Via [GND] on Top Layer - Bottom Layer
[drill_out_of_range]: Hole size out of range (board setup constraints min hole 0.3000 mm; actual 0.2000 mm)
    Rule: netclass 'Default'; error
    @(128.8761 mm, 109.1036 mm): Via [GND] on Top Layer - Bottom Layer
[drill_out_of_range]: Hole size out of range (board setup constraints min hole 0.3000 mm; actual 0.1500 mm)
    Rule: netclass 'Default'; error
    @(164.9761 mm, 101.3036 mm): Blind via [GND] on Top Layer - L2-GND
[drill_out_of_range]: Hole size out of range (board setup constraints min hole 0.3000 mm; actual 0.1500 mm)
    Rule: netclass 'Default'; error
    @(159.4761 mm, 107.8037 mm): Blind via [GND] on Top Layer - L2-GND
[drill_out_of_range]: Hole size out of range (board setup constraints min hole 0.3000 mm; actual 0.2000 mm)
    Rule: netclass 'Default'; error
    @(154.4761 mm, 107.5536 mm): Via [GND] on Top Layer - Bottom Layer
[drill_out_of_range]: Hole size out of range (board setup constraints min hole 0.3000 mm; actual 0.2000 mm)
    Rule: netclass 'Default'; error
    @(118.2260 mm, 95.5536 mm): Via [GND] on Top Layer - Bottom Layer
[drill_out_of_range]: Hole size out of range (board setup constraints min hole 0.3000 mm; actual 0.1500 mm)
    Rule: netclass 'Default'; error
    @(159.4761 mm, 105.8037 mm): Blind via [GND] on Top Layer - L2-GND
[drill_out_of_range]: Hole size out of range (board setup constraints min hole 0.3000 mm; actual 0.2000 mm)
    Rule: netclass 'Default'; error
    @(159.3261 mm, 111.2536 mm): Via [GND] on Top Layer - Bottom Layer
[drill_out_of_range]: Hole size out of range (board setup constraints min hole 0.3000 mm; actual 0.2000 mm)
    Rule: netclass 'Default'; error
    @(154.9761 mm, 102.3036 mm): Via [GND] on Top Layer - Bottom Layer
[drill_out_of_range]: Hole size out of range (board setup constraints min hole 0.3000 mm; actual 0.2000 mm)
    Rule: netclass 'Default'; error
    @(157.4761 mm, 102.8037 mm): Via [GND] on Top Layer - Bottom Layer
[drill_out_of_range]: Hole size out of range (board setup constraints min hole 0.3000 mm; actual 0.2000 mm)
    Rule: netclass 'Default'; error
    @(145.9761 mm, 116.1286 mm): Via [GND] on Top Layer - Bottom Layer
[drill_out_of_range]: Hole size out of range (board setup constraints min hole 0.3000 mm; actual 0.2000 mm)
    Rule: netclass 'Default'; error
    @(118.2801 mm, 107.9536 mm): Via [GND] on Top Layer - Bottom Layer
[drill_out_of_range]: Hole size out of range (board setup constraints min hole 0.3000 mm; actual 0.2000 mm)
    Rule: netclass 'Default'; error
    @(124.6261 mm, 102.1621 mm): Via [GND] on Top Layer - Bottom Layer
[drill_out_of_range]: Hole size out of range (board setup constraints min hole 0.3000 mm; actual 0.2000 mm)
    Rule: netclass 'Default'; error
    @(158.9762 mm, 103.8037 mm): Via [GND] on Top Layer - Bottom Layer
[drill_out_of_range]: Hole size out of range (board setup constraints min hole 0.3000 mm; actual 0.2000 mm)
    Rule: netclass 'Default'; error
    @(159.4761 mm, 103.8037 mm): Via [GND] on Top Layer - Bottom Layer
[drill_out_of_range]: Hole size out of range (board setup constraints min hole 0.3000 mm; actual 0.2000 mm)
    Rule: netclass 'Default'; error
    @(123.7261 mm, 113.1536 mm): Via [GND] on Top Layer - Bottom Layer
[drill_out_of_range]: Hole size out of range (board setup constraints min hole 0.3000 mm; actual 0.2000 mm)
    Rule: netclass 'Default'; error
    @(167.8761 mm, 112.9036 mm): Via [GND] on Top Layer - Bottom Layer
[drill_out_of_range]: Hole size out of range (board setup constraints min hole 0.3000 mm; actual 0.2000 mm)
    Rule: netclass 'Default'; error
    @(130.6761 mm, 113.8036 mm): Via [GND] on Top Layer - Bottom Layer
[drill_out_of_range]: Hole size out of range (board setup constraints min hole 0.3000 mm; actual 0.2000 mm)
    Rule: netclass 'Default'; error
    @(158.7261 mm, 97.4536 mm): Via [GND] on Top Layer - Bottom Layer
[drill_out_of_range]: Hole size out of range (board setup constraints min hole 0.3000 mm; actual 0.2000 mm)
    Rule: netclass 'Default'; error
    @(122.4961 mm, 114.6036 mm): Via [GND] on Top Layer - Bottom Layer
[drill_out_of_range]: Hole size out of range (board setup constraints min hole 0.3000 mm; actual 0.2000 mm)
    Rule: netclass 'Default'; error
    @(167.4261 mm, 99.3036 mm): Via [GND] on Top Layer - Bottom Layer
[drill_out_of_range]: Hole size out of range (board setup constraints min hole 0.3000 mm; actual 0.2000 mm)
    Rule: netclass 'Default'; error
    @(119.7261 mm, 99.9536 mm): Via [GND] on Top Layer - Bottom Layer
[drill_out_of_range]: Hole size out of range (board setup constraints min hole 0.3000 mm; actual 0.2000 mm)
    Rule: netclass 'Default'; error
    @(168.0261 mm, 97.4036 mm): Via [GND] on Top Layer - Bottom Layer
[drill_out_of_range]: Hole size out of range (board setup constraints min hole 0.3000 mm; actual 0.2000 mm)
    Rule: netclass 'Default'; error
    @(140.6011 mm, 105.5786 mm): Via [GND] on Top Layer - Bottom Layer
[drill_out_of_range]: Hole size out of range (board setup constraints min hole 0.3000 mm; actual 0.2000 mm)
    Rule: netclass 'Default'; error
    @(171.2261 mm, 107.1036 mm): Via [GND] on Top Layer - Bottom Layer
[drill_out_of_range]: Hole size out of range (board setup constraints min hole 0.3000 mm; actual 0.2000 mm)
    Rule: netclass 'Default'; error
    @(160.9762 mm, 107.8037 mm): Via [GND] on Top Layer - Bottom Layer
[drill_out_of_range]: Hole size out of range (board setup constraints min hole 0.3000 mm; actual 0.2000 mm)
    Rule: netclass 'Default'; error
    @(119.0301 mm, 111.9251 mm): Via [GND] on Top Layer - Bottom Layer
[drill_out_of_range]: Hole size out of range (board setup constraints min hole 0.3000 mm; actual 0.2000 mm)
    Rule: netclass 'Default'; error
    @(155.0761 mm, 97.8536 mm): Via [GND] on Top Layer - Bottom Layer
[drill_out_of_range]: Hole size out of range (board setup constraints min hole 0.3000 mm; actual 0.2000 mm)
    Rule: netclass 'Default'; error
    @(126.5511 mm, 110.6036 mm): Via [GND] on Top Layer - Bottom Layer
[drill_out_of_range]: Hole size out of range (board setup constraints min hole 0.3000 mm; actual 0.2000 mm)
    Rule: netclass 'Default'; error
    @(151.3511 mm, 99.2286 mm): Via [GND] on Top Layer - Bottom Layer
[drill_out_of_range]: Hole size out of range (board setup constraints min hole 0.3000 mm; actual 0.2000 mm)
    Rule: netclass 'Default'; error
    @(172.0261 mm, 110.0536 mm): Via [GND] on Top Layer - Bottom Layer
[drill_out_of_range]: Hole size out of range (board setup constraints min hole 0.3000 mm; actual 0.2000 mm)
    Rule: netclass 'Default'; error
    @(134.2761 mm, 113.8536 mm): Via [GND] on Top Layer - Bottom Layer
[drill_out_of_range]: Hole size out of range (board setup constraints min hole 0.3000 mm; actual 0.2000 mm)
    Rule: netclass 'Default'; error
    @(136.8261 mm, 107.1286 mm): Via [GND] on Top Layer - Bottom Layer
[drill_out_of_range]: Hole size out of range (board setup constraints min hole 0.3000 mm; actual 0.2000 mm)
    Rule: netclass 'Default'; error
    @(123.3761 mm, 108.0036 mm): Via [GND] on Top Layer - Bottom Layer
[drill_out_of_range]: Hole size out of range (board setup constraints min hole 0.3000 mm; actual 0.1500 mm)
    Rule: netclass 'Default'; error
    @(160.4761 mm, 103.8037 mm): Blind via [GND] on Top Layer - L2-GND
[drill_out_of_range]: Hole size out of range (board setup constraints min hole 0.3000 mm; actual 0.2000 mm)
    Rule: netclass 'Default'; error
    @(156.7561 mm, 94.1036 mm): Via [GND] on Top Layer - Bottom Layer
[drill_out_of_range]: Hole size out of range (board setup constraints min hole 0.3000 mm; actual 0.2000 mm)
    Rule: netclass 'Default'; error
    @(164.9761 mm, 103.8037 mm): Via [GND] on Top Layer - Bottom Layer
[drill_out_of_range]: Hole size out of range (board setup constraints min hole 0.3000 mm; actual 0.2000 mm)
    Rule: netclass 'Default'; error
    @(123.3761 mm, 115.1236 mm): Via [GND] on Top Layer - Bottom Layer
[drill_out_of_range]: Hole size out of range (board setup constraints min hole 0.3000 mm; actual 0.2000 mm)
    Rule: netclass 'Default'; error
    @(163.8261 mm, 112.7286 mm): Via [GND] on Top Layer - Bottom Layer
[drill_out_of_range]: Hole size out of range (board setup constraints min hole 0.3000 mm; actual 0.2000 mm)
    Rule: netclass 'Default'; error
    @(171.2261 mm, 103.5546 mm): Via [GND] on Top Layer - Bottom Layer
[drill_out_of_range]: Hole size out of range (board setup constraints min hole 0.3000 mm; actual 0.1500 mm)
    Rule: netclass 'Default'; error
    @(161.9762 mm, 107.8037 mm): Blind via [GND] on Top Layer - L2-GND
[drill_out_of_range]: Hole size out of range (board setup constraints min hole 0.3000 mm; actual 0.2000 mm)
    Rule: netclass 'Default'; error
    @(118.2801 mm, 108.8336 mm): Via [GND] on Top Layer - Bottom Layer
[drill_out_of_range]: Hole size out of range (board setup constraints min hole 0.3000 mm; actual 0.1500 mm)
    Rule: netclass 'Default'; error
    @(164.2262 mm, 111.3536 mm): Blind via [GND] on Top Layer - L2-GND
[drill_out_of_range]: Hole size out of range (board setup constraints min hole 0.3000 mm; actual 0.2000 mm)
    Rule: netclass 'Default'; error
    @(158.5511 mm, 99.4036 mm): Via [GND] on Top Layer - Bottom Layer
[drill_out_of_range]: Hole size out of range (board setup constraints min hole 0.3000 mm; actual 0.2000 mm)
    Rule: netclass 'Default'; error
    @(157.9762 mm, 104.8037 mm): Via [GND] on Top Layer - Bottom Layer
[drill_out_of_range]: Hole size out of range (board setup constraints min hole 0.3000 mm; actual 0.2000 mm)
    Rule: netclass 'Default'; error
    @(146.0511 mm, 108.6786 mm): Via [GND] on Top Layer - Bottom Layer
[drill_out_of_range]: Hole size out of range (board setup constraints min hole 0.3000 mm; actual 0.2000 mm)
    Rule: netclass 'Default'; error
    @(163.4261 mm, 99.8536 mm): Via [GND] on Top Layer - Bottom Layer
[drill_out_of_range]: Hole size out of range (board setup constraints min hole 0.3000 mm; actual 0.2000 mm)
    Rule: netclass 'Default'; error
    @(140.7911 mm, 95.8036 mm): Via [GND] on Top Layer - Bottom Layer
[drill_out_of_range]: Hole size out of range (board setup constraints min hole 0.3000 mm; actual 0.2000 mm)
    Rule: netclass 'Default'; error
    @(157.9762 mm, 108.8037 mm): Via [GND] on Top Layer - Bottom Layer
[drill_out_of_range]: Hole size out of range (board setup constraints min hole 0.3000 mm; actual 0.1500 mm)
    Rule: netclass 'Default'; error
    @(160.4761 mm, 105.8037 mm): Blind via [GND] on Top Layer - L2-GND
[drill_out_of_range]: Hole size out of range (board setup constraints min hole 0.3000 mm; actual 0.2000 mm)
    Rule: netclass 'Default'; error
    @(164.9261 mm, 98.2286 mm): Via [GND] on Top Layer - Bottom Layer
[drill_out_of_range]: Hole size out of range (board setup constraints min hole 0.3000 mm; actual 0.2000 mm)
    Rule: netclass 'Default'; error
    @(154.9761 mm, 103.3036 mm): Via [GND] on Top Layer - Bottom Layer
[drill_out_of_range]: Hole size out of range (board setup constraints min hole 0.3000 mm; actual 0.2000 mm)
    Rule: netclass 'Default'; error
    @(119.1111 mm, 113.8036 mm): Via [GND] on Top Layer - Bottom Layer
[drill_out_of_range]: Hole size out of range (board setup constraints min hole 0.3000 mm; actual 0.2000 mm)
    Rule: netclass 'Default'; error
    @(126.1761 mm, 104.4136 mm): Via [GND] on Top Layer - Bottom Layer
[drill_out_of_range]: Hole size out of range (board setup constraints min hole 0.3000 mm; actual 0.2000 mm)
    Rule: netclass 'Default'; error
    @(154.9761 mm, 101.8037 mm): Via [GND] on Top Layer - Bottom Layer
[drill_out_of_range]: Hole size out of range (board setup constraints min hole 0.3000 mm; actual 0.2000 mm)
    Rule: netclass 'Default'; error
    @(154.9761 mm, 110.8036 mm): Via [GND] on Top Layer - Bottom Layer
[drill_out_of_range]: Hole size out of range (board setup constraints min hole 0.3000 mm; actual 0.2000 mm)
    Rule: netclass 'Default'; error
    @(140.5511 mm, 108.7036 mm): Via [GND] on Top Layer - Bottom Layer
[drill_out_of_range]: Hole size out of range (board setup constraints min hole 0.3000 mm; actual 0.2000 mm)
    Rule: netclass 'Default'; error
    @(120.0012 mm, 110.4786 mm): Via [GND] on Top Layer - Bottom Layer
[drill_out_of_range]: Hole size out of range (board setup constraints min hole 0.3000 mm; actual 0.2000 mm)
    Rule: netclass 'Default'; error
    @(123.0761 mm, 110.3536 mm): Via [GND] on Top Layer - Bottom Layer
[drill_out_of_range]: Hole size out of range (board setup constraints min hole 0.3000 mm; actual 0.2000 mm)
    Rule: netclass 'Default'; error
    @(157.9762 mm, 107.3036 mm): Via [GND] on Top Layer - Bottom Layer
[drill_out_of_range]: Hole size out of range (board setup constraints min hole 0.3000 mm; actual 0.2000 mm)
    Rule: netclass 'Default'; error
    @(148.0511 mm, 108.7036 mm): Via [GND] on Top Layer - Bottom Layer
[drill_out_of_range]: Hole size out of range (board setup constraints min hole 0.3000 mm; actual 0.2000 mm)
    Rule: netclass 'Default'; error
    @(128.2426 mm, 114.5566 mm): Via [GND] on Top Layer - Bottom Layer
[drill_out_of_range]: Hole size out of range (board setup constraints min hole 0.3000 mm; actual 0.2000 mm)
    Rule: netclass 'Default'; error
    @(159.2961 mm, 94.1036 mm): Via [GND] on Top Layer - Bottom Layer
[drill_out_of_range]: Hole size out of range (board setup constraints min hole 0.3000 mm; actual 0.2000 mm)
    Rule: netclass 'Default'; error
    @(115.3261 mm, 95.4536 mm): Via [GND] on Top Layer - Bottom Layer
[drill_out_of_range]: Hole size out of range (board setup constraints min hole 0.3000 mm; actual 0.2000 mm)
    Rule: netclass 'Default'; error
    @(127.6011 mm, 100.6436 mm): Via [GND] on Top Layer - Bottom Layer
[drill_out_of_range]: Hole size out of range (board setup constraints min hole 0.3000 mm; actual 0.2000 mm)
    Rule: netclass 'Default'; error
    @(171.2261 mm, 106.6536 mm): Via [GND] on Top Layer - Bottom Layer
[drill_out_of_range]: Hole size out of range (board setup constraints min hole 0.3000 mm; actual 0.1500 mm)
    Rule: netclass 'Default'; error
    @(165.4761 mm, 108.8037 mm): Blind via [GND] on Top Layer - L2-GND
[drill_out_of_range]: Hole size out of range (board setup constraints min hole 0.3000 mm; actual 0.2000 mm)
    Rule: netclass 'Default'; error
    @(171.2261 mm, 103.1036 mm): Via [GND] on Top Layer - Bottom Layer
[drill_out_of_range]: Hole size out of range (board setup constraints min hole 0.3000 mm; actual 0.1500 mm)
    Rule: netclass 'Default'; error
    @(165.4761 mm, 111.3036 mm): Blind via [GND] on Top Layer - L2-GND
[drill_out_of_range]: Hole size out of range (board setup constraints min hole 0.3000 mm; actual 0.2000 mm)
    Rule: netclass 'Default'; error
    @(156.9762 mm, 103.3036 mm): Via [GND] on Top Layer - Bottom Layer
[drill_out_of_range]: Hole size out of range (board setup constraints min hole 0.3000 mm; actual 0.2000 mm)
    Rule: netclass 'Default'; error
    @(138.9761 mm, 116.5036 mm): Via [GND] on Top Layer - Bottom Layer
[drill_out_of_range]: Hole size out of range (board setup constraints min hole 0.3000 mm; actual 0.2000 mm)
    Rule: netclass 'Default'; error
    @(170.1761 mm, 99.3036 mm): Via [GND] on Top Layer - Bottom Layer
[drill_out_of_range]: Hole size out of range (board setup constraints min hole 0.3000 mm; actual 0.2000 mm)
    Rule: netclass 'Default'; error
    @(143.1011 mm, 97.3036 mm): Via [GND] on Top Layer - Bottom Layer
[drill_out_of_range]: Hole size out of range (board setup constraints min hole 0.3000 mm; actual 0.2000 mm)
    Rule: netclass 'Default'; error
    @(136.6761 mm, 115.4536 mm): Via [GND] on Top Layer - Bottom Layer
[drill_out_of_range]: Hole size out of range (board setup constraints min hole 0.3000 mm; actual 0.2000 mm)
    Rule: netclass 'Default'; error
    @(164.9761 mm, 106.3036 mm): Via [GND] on Top Layer - Bottom Layer
[drill_out_of_range]: Hole size out of range (board setup constraints min hole 0.3000 mm; actual 0.2000 mm)
    Rule: netclass 'Default'; error
    @(146.1261 mm, 115.4536 mm): Via [GND] on Top Layer - Bottom Layer
[drill_out_of_range]: Hole size out of range (board setup constraints min hole 0.3000 mm; actual 0.2000 mm)
    Rule: netclass 'Default'; error
    @(169.0261 mm, 94.7036 mm): Via [GND] on Top Layer - Bottom Layer
[drill_out_of_range]: Hole size out of range (board setup constraints min hole 0.3000 mm; actual 0.2000 mm)
    Rule: netclass 'Default'; error
    @(128.9011 mm, 107.5286 mm): Via [GND] on Top Layer - Bottom Layer
[drill_out_of_range]: Hole size out of range (board setup constraints min hole 0.3000 mm; actual 0.2000 mm)
    Rule: netclass 'Default'; error
    @(160.7761 mm, 99.4036 mm): Via [GND] on Top Layer - Bottom Layer
[drill_out_of_range]: Hole size out of range (board setup constraints min hole 0.3000 mm; actual 0.2000 mm)
    Rule: netclass 'Default'; error
    @(162.6261 mm, 111.1036 mm): Via [GND] on Top Layer - Bottom Layer
[drill_out_of_range]: Hole size out of range (board setup constraints min hole 0.3000 mm; actual 0.2000 mm)
    Rule: netclass 'Default'; error
    @(122.4961 mm, 113.9536 mm): Via [GND] on Top Layer - Bottom Layer
[drill_out_of_range]: Hole size out of range (board setup constraints min hole 0.3000 mm; actual 0.2000 mm)
    Rule: netclass 'Default'; error
    @(152.9261 mm, 99.2786 mm): Via [GND] on Top Layer - Bottom Layer
[drill_out_of_range]: Hole size out of range (board setup constraints min hole 0.3000 mm; actual 0.2000 mm)
    Rule: netclass 'Default'; error
    @(160.1511 mm, 114.4786 mm): Via [GND] on Top Layer - Bottom Layer
[drill_out_of_range]: Hole size out of range (board setup constraints min hole 0.3000 mm; actual 0.2000 mm)
    Rule: netclass 'Default'; error
    @(171.1261 mm, 97.4036 mm): Via [GND] on Top Layer - Bottom Layer
[drill_out_of_range]: Hole size out of range (board setup constraints min hole 0.3000 mm; actual 0.2000 mm)
    Rule: netclass 'Default'; error
    @(160.9762 mm, 111.4536 mm): Via [GND] on Top Layer - Bottom Layer
[drill_out_of_range]: Hole size out of range (board setup constraints min hole 0.3000 mm; actual 0.1500 mm)
    Rule: netclass 'Default'; error
    @(164.9761 mm, 102.3036 mm): Blind via [GND] on Top Layer - L2-GND
[drill_out_of_range]: Hole size out of range (board setup constraints min hole 0.3000 mm; actual 0.2000 mm)
    Rule: netclass 'Default'; error
    @(161.8361 mm, 94.1036 mm): Via [GND] on Top Layer - Bottom Layer
[drill_out_of_range]: Hole size out of range (board setup constraints min hole 0.3000 mm; actual 0.2000 mm)
    Rule: netclass 'Default'; error
    @(154.4761 mm, 104.3036 mm): Via [GND] on Top Layer - Bottom Layer
[drill_out_of_range]: Hole size out of range (board setup constraints min hole 0.3000 mm; actual 0.2000 mm)
    Rule: netclass 'Default'; error
    @(126.1761 mm, 104.8536 mm): Via [GND] on Top Layer - Bottom Layer
[drill_out_of_range]: Hole size out of range (board setup constraints min hole 0.3000 mm; actual 0.2000 mm)
    Rule: netclass 'Default'; error
    @(157.9762 mm, 102.8037 mm): Via [GND] on Top Layer - Bottom Layer
[drill_out_of_range]: Hole size out of range (board setup constraints min hole 0.3000 mm; actual 0.2000 mm)
    Rule: netclass 'Default'; error
    @(141.7161 mm, 101.0436 mm): Via [GND] on Top Layer - Bottom Layer
[drill_out_of_range]: Hole size out of range (board setup constraints min hole 0.3000 mm; actual 0.1500 mm)
    Rule: netclass 'Default'; error
    @(140.3761 mm, 102.5536 mm): Blind via [GND] on Top Layer - L2-GND
[drill_out_of_range]: Hole size out of range (board setup constraints min hole 0.3000 mm; actual 0.2000 mm)
    Rule: netclass 'Default'; error
    @(165.4761 mm, 109.6036 mm): Via [GND] on Top Layer - Bottom Layer
[drill_out_of_range]: Hole size out of range (board setup constraints min hole 0.3000 mm; actual 0.2000 mm)
    Rule: netclass 'Default'; error
    @(156.7511 mm, 99.5786 mm): Via [GND] on Top Layer - Bottom Layer
[drill_out_of_range]: Hole size out of range (board setup constraints min hole 0.3000 mm; actual 0.1500 mm)
    Rule: netclass 'Default'; error
    @(159.4761 mm, 108.8037 mm): Blind via [GND] on Top Layer - L2-GND
[drill_out_of_range]: Hole size out of range (board setup constraints min hole 0.3000 mm; actual 0.1500 mm)
    Rule: netclass 'Default'; error
    @(161.9762 mm, 107.3036 mm): Blind via [GND] on Top Layer - L2-GND
[drill_out_of_range]: Hole size out of range (board setup constraints min hole 0.3000 mm; actual 0.1500 mm)
    Rule: netclass 'Default'; error
    @(161.4761 mm, 107.8037 mm): Blind via [GND] on Top Layer - L2-GND
[drill_out_of_range]: Hole size out of range (board setup constraints min hole 0.3000 mm; actual 0.2000 mm)
    Rule: netclass 'Default'; error
    @(157.9762 mm, 104.3036 mm): Via [GND] on Top Layer - Bottom Layer
[drill_out_of_range]: Hole size out of range (board setup constraints min hole 0.3000 mm; actual 0.2000 mm)
    Rule: netclass 'Default'; error
    @(129.3926 mm, 113.3551 mm): Via [GND] on Top Layer - Bottom Layer
[drill_out_of_range]: Hole size out of range (board setup constraints min hole 0.3000 mm; actual 0.2000 mm)
    Rule: netclass 'Default'; error
    @(147.8761 mm, 115.7036 mm): Via [GND] on Top Layer - Bottom Layer
[drill_out_of_range]: Hole size out of range (board setup constraints min hole 0.3000 mm; actual 0.2000 mm)
    Rule: netclass 'Default'; error
    @(119.5441 mm, 102.2016 mm): Via [GND] on Top Layer - Bottom Layer
[drill_out_of_range]: Hole size out of range (board setup constraints min hole 0.3000 mm; actual 0.2000 mm)
    Rule: netclass 'Default'; error
    @(130.6791 mm, 110.9521 mm): Via [GND] on Top Layer - Bottom Layer
[drill_out_of_range]: Hole size out of range (board setup constraints min hole 0.3000 mm; actual 0.2000 mm)
    Rule: netclass 'Default'; error
    @(145.9261 mm, 101.1286 mm): Via [GND] on Top Layer - Bottom Layer
[drill_out_of_range]: Hole size out of range (board setup constraints min hole 0.3000 mm; actual 0.2000 mm)
    Rule: netclass 'Default'; error
    @(161.8261 mm, 97.4036 mm): Via [GND] on Top Layer - Bottom Layer
[drill_out_of_range]: Hole size out of range (board setup constraints min hole 0.3000 mm; actual 0.2000 mm)
    Rule: netclass 'Default'; error
    @(137.1761 mm, 109.7536 mm): Via [GND] on Top Layer - Bottom Layer
[drill_out_of_range]: Hole size out of range (board setup constraints min hole 0.3000 mm; actual 0.2000 mm)
    Rule: netclass 'Default'; error
    @(139.8761 mm, 97.0286 mm): Via [GND] on Top Layer - Bottom Layer
[drill_out_of_range]: Hole size out of range (board setup constraints min hole 0.3000 mm; actual 0.2000 mm)
    Rule: netclass 'Default'; error
    @(162.4761 mm, 103.8037 mm): Via [GND] on Top Layer - Bottom Layer
[drill_out_of_range]: Hole size out of range (board setup constraints min hole 0.3000 mm; actual 0.2000 mm)
    Rule: netclass 'Default'; error
    @(173.6761 mm, 103.5336 mm): Via [GND] on Top Layer - Bottom Layer
[drill_out_of_range]: Hole size out of range (board setup constraints min hole 0.3000 mm; actual 0.2000 mm)
    Rule: netclass 'Default'; error
    @(135.1761 mm, 115.3876 mm): Via [GND] on Top Layer - Bottom Layer
[drill_out_of_range]: Hole size out of range (board setup constraints min hole 0.3000 mm; actual 0.2000 mm)
    Rule: netclass 'Default'; error
    @(154.9761 mm, 101.3036 mm): Via [GND] on Top Layer - Bottom Layer
[drill_out_of_range]: Hole size out of range (board setup constraints min hole 0.3000 mm; actual 0.2000 mm)
    Rule: netclass 'Default'; error
    @(161.9762 mm, 106.3036 mm): Via [GND] on Top Layer - Bottom Layer
[drill_out_of_range]: Hole size out of range (board setup constraints min hole 0.3000 mm; actual 0.2000 mm)
    Rule: netclass 'Default'; error
    @(142.0961 mm, 115.2736 mm): Via [GND] on Top Layer - Bottom Layer
[drill_out_of_range]: Hole size out of range (board setup constraints min hole 0.3000 mm; actual 0.2000 mm)
    Rule: netclass 'Default'; error
    @(117.4826 mm, 103.7516 mm): Via [GND] on Top Layer - Bottom Layer
[drill_out_of_range]: Hole size out of range (board setup constraints min hole 0.3000 mm; actual 0.2000 mm)
    Rule: netclass 'Default'; error
    @(150.7261 mm, 113.7036 mm): Via [GND] on Top Layer - Bottom Layer
[drill_out_of_range]: Hole size out of range (board setup constraints min hole 0.3000 mm; actual 0.2000 mm)
    Rule: netclass 'Default'; error
    @(157.9762 mm, 103.8037 mm): Via [GND] on Top Layer - Bottom Layer
[drill_out_of_range]: Hole size out of range (board setup constraints min hole 0.3000 mm; actual 0.2000 mm)
    Rule: netclass 'Default'; error
    @(168.3761 mm, 99.3036 mm): Via [GND] on Top Layer - Bottom Layer
[drill_out_of_range]: Hole size out of range (board setup constraints min hole 0.3000 mm; actual 0.1500 mm)
    Rule: netclass 'Default'; error
    @(140.3761 mm, 102.5536 mm): Buried via [GND] on L2-GND - L3-SIG
[drill_out_of_range]: Hole size out of range (board setup constraints min hole 0.3000 mm; actual 0.1500 mm)
    Rule: netclass 'Default'; error
    @(157.6261 mm, 115.4836 mm): Buried via [GND] on L4-SIG - L5-VCC3V3
[drill_out_of_range]: Hole size out of range (board setup constraints min hole 0.3000 mm; actual 0.1500 mm)
    Rule: netclass 'Default'; error
    @(157.6261 mm, 115.4836 mm): Blind via [GND] on L5-VCC3V3 - Bottom Layer
[drill_out_of_range]: Hole size out of range (board setup constraints min hole 0.3000 mm; actual 0.1500 mm)
    Rule: netclass 'Default'; error
    @(142.5761 mm, 105.8536 mm): Blind via [N$LD0B] on Top Layer - L2-GND
[drill_out_of_range]: Hole size out of range (board setup constraints min hole 0.3000 mm; actual 0.1500 mm)
    Rule: netclass 'Default'; error
    @(142.8761 mm, 102.1036 mm): Blind via [N$LD0B] on Top Layer - L2-GND
[drill_out_of_range]: Hole size out of range (board setup constraints min hole 0.3000 mm; actual 0.1500 mm)
    Rule: netclass 'Default'; error
    @(136.9761 mm, 107.5536 mm): Blind via [N$LD0B] on Top Layer - L2-GND
[drill_out_of_range]: Hole size out of range (board setup constraints min hole 0.3000 mm; actual 0.1500 mm)
    Rule: netclass 'Default'; error
    @(142.5761 mm, 105.8536 mm): Buried via [N$LD0B] on L2-GND - L3-SIG
[drill_out_of_range]: Hole size out of range (board setup constraints min hole 0.3000 mm; actual 0.1500 mm)
    Rule: netclass 'Default'; error
    @(136.9761 mm, 107.5536 mm): Buried via [N$LD0B] on L2-GND - L3-SIG
[drill_out_of_range]: Hole size out of range (board setup constraints min hole 0.3000 mm; actual 0.1500 mm)
    Rule: netclass 'Default'; error
    @(142.8761 mm, 102.1036 mm): Buried via [N$LD0B] on L2-GND - L3-SIG
[drill_out_of_range]: Hole size out of range (board setup constraints min hole 0.3000 mm; actual 0.1500 mm)
    Rule: netclass 'Default'; error
    @(142.8761 mm, 102.1036 mm): Buried via [N$LD0B] on L3-SIG - L4-SIG
[drill_out_of_range]: Hole size out of range (board setup constraints min hole 0.3000 mm; actual 0.1500 mm)
    Rule: netclass 'Default'; error
    @(142.8761 mm, 102.1036 mm): Buried via [N$LD0B] on L4-SIG - L5-VCC3V3
[drill_out_of_range]: Hole size out of range (board setup constraints min hole 0.3000 mm; actual 0.1500 mm)
    Rule: netclass 'Default'; error
    @(142.8761 mm, 102.1036 mm): Blind via [N$LD0B] on L5-VCC3V3 - Bottom Layer
[drill_out_of_range]: Hole size out of range (board setup constraints min hole 0.3000 mm; actual 0.1500 mm)
    Rule: netclass 'Default'; error
    @(149.4761 mm, 110.2036 mm): Blind via [LED0_B] on Top Layer - L2-GND
[drill_out_of_range]: Hole size out of range (board setup constraints min hole 0.3000 mm; actual 0.1500 mm)
    Rule: netclass 'Default'; error
    @(135.0761 mm, 107.1536 mm): Blind via [LED0_B] on Top Layer - L2-GND
[drill_out_of_range]: Hole size out of range (board setup constraints min hole 0.3000 mm; actual 0.1500 mm)
    Rule: netclass 'Default'; error
    @(152.4761 mm, 108.4036 mm): Blind via [LED0_B] on Top Layer - L2-GND
[drill_out_of_range]: Hole size out of range (board setup constraints min hole 0.3000 mm; actual 0.1500 mm)
    Rule: netclass 'Default'; error
    @(136.0261 mm, 109.4536 mm): Blind via [LED0_B] on Top Layer - L2-GND
[drill_out_of_range]: Hole size out of range (board setup constraints min hole 0.3000 mm; actual 0.1500 mm)
    Rule: netclass 'Default'; error
    @(158.9761 mm, 108.2536 mm): Blind via [LED0_B] on Top Layer - L2-GND
[drill_out_of_range]: Hole size out of range (board setup constraints min hole 0.3000 mm; actual 0.1500 mm)
    Rule: netclass 'Default'; error
    @(135.0261 mm, 108.4536 mm): Blind via [LED0_B] on Top Layer - L2-GND
[drill_out_of_range]: Hole size out of range (board setup constraints min hole 0.3000 mm; actual 0.1500 mm)
    Rule: netclass 'Default'; error
    @(136.0261 mm, 109.4536 mm): Buried via [LED0_B] on L2-GND - L3-SIG
[drill_out_of_range]: Hole size out of range (board setup constraints min hole 0.3000 mm; actual 0.1500 mm)
    Rule: netclass 'Default'; error
    @(149.4761 mm, 110.2036 mm): Buried via [LED0_B] on L2-GND - L3-SIG
[drill_out_of_range]: Hole size out of range (board setup constraints min hole 0.3000 mm; actual 0.1500 mm)
    Rule: netclass 'Default'; error
    @(135.0761 mm, 107.1536 mm): Buried via [LED0_B] on L2-GND - L3-SIG
[drill_out_of_range]: Hole size out of range (board setup constraints min hole 0.3000 mm; actual 0.1500 mm)
    Rule: netclass 'Default'; error
    @(135.0261 mm, 108.4536 mm): Buried via [LED0_B] on L2-GND - L3-SIG
[drill_out_of_range]: Hole size out of range (board setup constraints min hole 0.3000 mm; actual 0.1500 mm)
    Rule: netclass 'Default'; error
    @(158.9761 mm, 108.2536 mm): Buried via [LED0_B] on L2-GND - L3-SIG
[drill_out_of_range]: Hole size out of range (board setup constraints min hole 0.3000 mm; actual 0.1500 mm)
    Rule: netclass 'Default'; error
    @(152.4761 mm, 108.4036 mm): Buried via [LED0_B] on L2-GND - L3-SIG
[drill_out_of_range]: Hole size out of range (board setup constraints min hole 0.3000 mm; actual 0.1500 mm)
    Rule: netclass 'Default'; error
    @(155.5761 mm, 106.6036 mm): Buried via [LED0_B] on L3-SIG - L4-SIG
[drill_out_of_range]: Hole size out of range (board setup constraints min hole 0.3000 mm; actual 0.1500 mm)
    Rule: netclass 'Default'; error
    @(147.7261 mm, 110.7536 mm): Buried via [LED0_B] on L3-SIG - L4-SIG
[drill_out_of_range]: Hole size out of range (board setup constraints min hole 0.3000 mm; actual 0.1500 mm)
    Rule: netclass 'Default'; error
    @(156.5761 mm, 104.0536 mm): Buried via [LED0_B] on L3-SIG - L4-SIG
[drill_out_of_range]: Hole size out of range (board setup constraints min hole 0.3000 mm; actual 0.1500 mm)
    Rule: netclass 'Default'; error
    @(148.7761 mm, 110.6036 mm): Buried via [LED0_B] on L3-SIG - L4-SIG
[drill_out_of_range]: Hole size out of range (board setup constraints min hole 0.3000 mm; actual 0.1500 mm)
    Rule: netclass 'Default'; error
    @(140.4261 mm, 110.1536 mm): Buried via [LED0_B] on L3-SIG - L4-SIG
[drill_out_of_range]: Hole size out of range (board setup constraints min hole 0.3000 mm; actual 0.1500 mm)
    Rule: netclass 'Default'; error
    @(136.9761 mm, 110.1536 mm): Buried via [LED0_B] on L3-SIG - L4-SIG
[drill_out_of_range]: Hole size out of range (board setup constraints min hole 0.3000 mm; actual 0.1500 mm)
    Rule: netclass 'Default'; error
    @(145.3761 mm, 110.7536 mm): Buried via [LED0_B] on L3-SIG - L4-SIG
[drill_out_of_range]: Hole size out of range (board setup constraints min hole 0.3000 mm; actual 0.1500 mm)
    Rule: netclass 'Default'; error
    @(161.5761 mm, 105.1036 mm): Buried via [LED0_B] on L3-SIG - L4-SIG
[drill_out_of_range]: Hole size out of range (board setup constraints min hole 0.3000 mm; actual 0.1500 mm)
    Rule: netclass 'Default'; error
    @(156.1761 mm, 106.0036 mm): Buried via [LED0_B] on L3-SIG - L4-SIG
[drill_out_of_range]: Hole size out of range (board setup constraints min hole 0.3000 mm; actual 0.1500 mm)
    Rule: netclass 'Default'; error
    @(142.7761 mm, 110.5536 mm): Buried via [LED0_B] on L3-SIG - L4-SIG
[drill_out_of_range]: Hole size out of range (board setup constraints min hole 0.3000 mm; actual 0.1500 mm)
    Rule: netclass 'Default'; error
    @(143.6761 mm, 103.4036 mm): Blind via [N$LD0R] on Top Layer - L2-GND
[drill_out_of_range]: Hole size out of range (board setup constraints min hole 0.3000 mm; actual 0.1500 mm)
    Rule: netclass 'Default'; error
    @(136.2761 mm, 108.0036 mm): Blind via [N$LD0R] on Top Layer - L2-GND
[drill_out_of_range]: Hole size out of range (board setup constraints min hole 0.3000 mm; actual 0.1500 mm)
    Rule: netclass 'Default'; error
    @(143.6761 mm, 102.4036 mm): Blind via [N$LD0R] on Top Layer - L2-GND
[drill_out_of_range]: Hole size out of range (board setup constraints min hole 0.3000 mm; actual 0.1500 mm)
    Rule: netclass 'Default'; error
    @(136.2761 mm, 108.0036 mm): Buried via [N$LD0R] on L2-GND - L3-SIG
[drill_out_of_range]: Hole size out of range (board setup constraints min hole 0.3000 mm; actual 0.1500 mm)
    Rule: netclass 'Default'; error
    @(143.6761 mm, 102.4036 mm): Buried via [N$LD0R] on L2-GND - L3-SIG
[drill_out_of_range]: Hole size out of range (board setup constraints min hole 0.3000 mm; actual 0.1500 mm)
    Rule: netclass 'Default'; error
    @(143.6761 mm, 103.4036 mm): Buried via [N$LD0R] on L2-GND - L3-SIG
[drill_out_of_range]: Hole size out of range (board setup constraints min hole 0.3000 mm; actual 0.1500 mm)
    Rule: netclass 'Default'; error
    @(143.6761 mm, 103.4036 mm): Buried via [N$LD0R] on L3-SIG - L4-SIG
[drill_out_of_range]: Hole size out of range (board setup constraints min hole 0.3000 mm; actual 0.1500 mm)
    Rule: netclass 'Default'; error
    @(143.6761 mm, 102.4036 mm): Buried via [N$LD0R] on L3-SIG - L4-SIG
[drill_out_of_range]: Hole size out of range (board setup constraints min hole 0.3000 mm; actual 0.1500 mm)
    Rule: netclass 'Default'; error
    @(136.2761 mm, 108.0036 mm): Buried via [N$LD0R] on L3-SIG - L4-SIG
[drill_out_of_range]: Hole size out of range (board setup constraints min hole 0.3000 mm; actual 0.1500 mm)
    Rule: netclass 'Default'; error
    @(142.7761 mm, 104.3036 mm): Buried via [N$LD0R] on L4-SIG - L5-VCC3V3
[drill_out_of_range]: Hole size out of range (board setup constraints min hole 0.3000 mm; actual 0.1500 mm)
    Rule: netclass 'Default'; error
    @(139.4761 mm, 105.3036 mm): Buried via [N$LD0R] on L4-SIG - L5-VCC3V3
[drill_out_of_range]: Hole size out of range (board setup constraints min hole 0.3000 mm; actual 0.1500 mm)
    Rule: netclass 'Default'; error
    @(145.3761 mm, 98.8036 mm): Buried via [N$LD0R] on L4-SIG - L5-VCC3V3
[drill_out_of_range]: Hole size out of range (board setup constraints min hole 0.3000 mm; actual 0.1500 mm)
    Rule: netclass 'Default'; error
    @(142.7761 mm, 104.3036 mm): Blind via [N$LD0R] on L5-VCC3V3 - Bottom Layer
[drill_out_of_range]: Hole size out of range (board setup constraints min hole 0.3000 mm; actual 0.1500 mm)
    Rule: netclass 'Default'; error
    @(145.3761 mm, 98.8036 mm): Blind via [N$LD0R] on L5-VCC3V3 - Bottom Layer
[drill_out_of_range]: Hole size out of range (board setup constraints min hole 0.3000 mm; actual 0.1500 mm)
    Rule: netclass 'Default'; error
    @(139.4761 mm, 105.3036 mm): Blind via [N$LD0R] on L5-VCC3V3 - Bottom Layer
[drill_out_of_range]: Hole size out of range (board setup constraints min hole 0.3000 mm; actual 0.1500 mm)
    Rule: netclass 'Default'; error
    @(159.4761 mm, 94.9036 mm): Blind via [LED0_R] on Top Layer - L2-GND
[drill_out_of_range]: Hole size out of range (board setup constraints min hole 0.3000 mm; actual 0.1500 mm)
    Rule: netclass 'Default'; error
    @(173.9761 mm, 107.5036 mm): Blind via [LED0_R] on Top Layer - L2-GND
[drill_out_of_range]: Hole size out of range (board setup constraints min hole 0.3000 mm; actual 0.1500 mm)
    Rule: netclass 'Default'; error
    @(154.5761 mm, 94.0036 mm): Blind via [LED0_R] on Top Layer - L2-GND
[drill_out_of_range]: Hole size out of range (board setup constraints min hole 0.3000 mm; actual 0.1500 mm)
    Rule: netclass 'Default'; error
    @(171.9761 mm, 111.4036 mm): Blind via [LED0_R] on Top Layer - L2-GND
[drill_out_of_range]: Hole size out of range (board setup constraints min hole 0.3000 mm; actual 0.1500 mm)
    Rule: netclass 'Default'; error
    @(170.1761 mm, 97.8036 mm): Blind via [LED0_R] on Top Layer - L2-GND
[drill_out_of_range]: Hole size out of range (board setup constraints min hole 0.3000 mm; actual 0.1500 mm)
    Rule: netclass 'Default'; error
    @(135.3761 mm, 107.6036 mm): Blind via [LED0_R] on Top Layer - L2-GND
[drill_out_of_range]: Hole size out of range (board setup constraints min hole 0.3000 mm; actual 0.1500 mm)
    Rule: netclass 'Default'; error
    @(155.8761 mm, 95.1036 mm): Blind via [LED0_R] on Top Layer - L2-GND
[drill_out_of_range]: Hole size out of range (board setup constraints min hole 0.3000 mm; actual 0.1500 mm)
    Rule: netclass 'Default'; error
    @(168.5761 mm, 96.1036 mm): Blind via [LED0_R] on Top Layer - L2-GND
[drill_out_of_range]: Hole size out of range (board setup constraints min hole 0.3000 mm; actual 0.1500 mm)
    Rule: netclass 'Default'; error
    @(173.9761 mm, 104.6036 mm): Blind via [LED0_R] on Top Layer - L2-GND
[drill_out_of_range]: Hole size out of range (board setup constraints min hole 0.3000 mm; actual 0.1500 mm)
    Rule: netclass 'Default'; error
    @(173.6761 mm, 108.9036 mm): Blind via [LED0_R] on Top Layer - L2-GND
[drill_out_of_range]: Hole size out of range (board setup constraints min hole 0.3000 mm; actual 0.1500 mm)
    Rule: netclass 'Default'; error
    @(151.8761 mm, 93.3036 mm): Blind via [LED0_R] on Top Layer - L2-GND
[drill_out_of_range]: Hole size out of range (board setup constraints min hole 0.3000 mm; actual 0.1500 mm)
    Rule: netclass 'Default'; error
    @(162.9761 mm, 107.7536 mm): Blind via [LED0_R] on Top Layer - L2-GND
[drill_out_of_range]: Hole size out of range (board setup constraints min hole 0.3000 mm; actual 0.1500 mm)
    Rule: netclass 'Default'; error
    @(171.2761 mm, 99.1036 mm): Blind via [LED0_R] on Top Layer - L2-GND
[track_width]: Track width (board setup constraints min width 0.2000 mm; actual 0.1500 mm)
    Rule: netclass 'USB_DATA' (diff pair); error
    @(139.3511 mm, 103.3836 mm): Track [USB_D_N] on Top Layer, length 1.4954 mm
[track_width]: Track width (board setup constraints min width 0.2000 mm; actual 0.1500 mm)
    Rule: netclass 'USB_DATA' (diff pair); error
    @(140.8465 mm, 103.3836 mm): Track [USB_D_N] on Top Layer, length 0.3000 mm
[track_width]: Track width (board setup constraints min width 0.2000 mm; actual 0.1500 mm)
    Rule: netclass 'USB_DATA' (diff pair); error
    @(147.1661 mm, 96.4451 mm): Track [USB_D_N] on Top Layer, length 1.0536 mm
[track_width]: Track width (board setup constraints min width 0.2000 mm; actual 0.1500 mm)
    Rule: netclass 'USB_DATA' (diff pair); error
    @(139.3511 mm, 103.3836 mm): Track [USB_D_N] on Top Layer, length 0.0301 mm
[track_width]: Track width (board setup constraints min width 0.2000 mm; actual 0.1500 mm)
    Rule: netclass 'USB_DATA' (diff pair); error
    @(140.0761 mm, 97.8415 mm): Track [USB_D_N] on Top Layer, length 3.9427 mm
[track_width]: Track width (board setup constraints min width 0.2000 mm; actual 0.1500 mm)
    Rule: netclass 'USB_DATA' (diff pair); error
    @(141.0586 mm, 103.1715 mm): Track [USB_D_N] on Top Layer, length 2.6058 mm
[track_width]: Track width (board setup constraints min width 0.2000 mm; actual 0.1500 mm)
    Rule: netclass 'USB_DATA' (diff pair); error
    @(146.8282 mm, 95.0536 mm): Track [USB_D_N] on Top Layer, length 0.4779 mm
[track_width]: Track width (board setup constraints min width 0.2000 mm; actual 0.1500 mm)
    Rule: netclass 'USB_DATA' (diff pair); error
    @(142.8640 mm, 95.0536 mm): Track [USB_D_N] on Top Layer, length 3.9642 mm
[track_width]: Track width (board setup constraints min width 0.2000 mm; actual 0.1500 mm)
    Rule: netclass 'USB_DATA' (diff pair); error
    @(140.0761 mm, 99.5832 mm): Track [USB_D_N] on Top Layer, length 1.7417 mm
[track_width]: Track width (board setup constraints min width 0.2000 mm; actual 0.1500 mm)
    Rule: netclass 'USB_DATA' (diff pair); error
    @(147.1661 mm, 96.4451 mm): Track [USB_D_N] on Top Layer, length 0.0800 mm
[track_width]: Track width (board setup constraints min width 0.2000 mm; actual 0.1500 mm)
    Rule: netclass 'USB_DATA' (diff pair); error
    @(140.0761 mm, 99.5832 mm): Track [USB_D_N] on Top Layer, length 1.3895 mm
[track_width]: Track width (board setup constraints min width 0.2000 mm; actual 0.1500 mm)
    Rule: netclass 'USB_DATA' (diff pair); error
    @(139.3511 mm, 103.8536 mm): Track [USB_D_P] on Top Layer, length 0.1700 mm
[track_width]: Track width (board setup constraints min width 0.2000 mm; actual 0.1500 mm)
    Rule: netclass 'USB_DATA' (diff pair); error
    @(139.3511 mm, 103.6836 mm): Track [USB_D_P] on Top Layer, length 1.6196 mm
[track_width]: Track width (board setup constraints min width 0.2000 mm; actual 0.1500 mm)
    Rule: netclass 'USB_DATA' (diff pair); error
    @(146.8661 mm, 96.4451 mm): Track [USB_D_P] on Top Layer, length 0.9294 mm
[track_width]: Track width (board setup constraints min width 0.2000 mm; actual 0.1500 mm)
    Rule: netclass 'USB_DATA' (diff pair); error
    @(145.8797 mm, 95.3536 mm): Track [USB_D_P] on Top Layer, length 0.8243 mm
[track_width]: Track width (board setup constraints min width 0.2000 mm; actual 0.1500 mm)
    Rule: netclass 'USB_DATA' (diff pair); error
    @(142.9882 mm, 95.3536 mm): Track [USB_D_P] on Top Layer, length 2.3879 mm
[track_width]: Track width (board setup constraints min width 0.2000 mm; actual 0.1500 mm)
    Rule: netclass 'USB_DATA' (diff pair); error
    @(146.7040 mm, 95.3536 mm): Track [USB_D_P] on Top Layer, length 0.2292 mm
[track_width]: Track width (board setup constraints min width 0.2000 mm; actual 0.1500 mm)
    Rule: netclass 'USB_DATA' (diff pair); error
    @(140.3761 mm, 97.9657 mm): Track [USB_D_P] on Top Layer, length 3.6941 mm
[track_width]: Track width (board setup constraints min width 0.2000 mm; actual 0.1500 mm)
    Rule: netclass 'USB_DATA' (diff pair); error
    @(140.3761 mm, 99.4590 mm): Track [USB_D_P] on Top Layer, length 1.3895 mm
[track_width]: Track width (board setup constraints min width 0.2000 mm; actual 0.1500 mm)
    Rule: netclass 'USB_DATA' (diff pair); error
    @(141.3586 mm, 103.2957 mm): Track [USB_D_P] on Top Layer, length 2.8542 mm
[track_width]: Track width (board setup constraints min width 0.2000 mm; actual 0.1500 mm)
    Rule: netclass 'USB_DATA' (diff pair); error
    @(146.5961 mm, 96.4451 mm): Track [USB_D_P] on Top Layer, length 0.2700 mm
[track_width]: Track width (board setup constraints min width 0.2000 mm; actual 0.1500 mm)
    Rule: netclass 'USB_DATA' (diff pair); error
    @(145.5779 mm, 95.5554 mm): Track [USB_D_P] on Top Layer, length 0.1000 mm
[track_width]: Track width (board setup constraints min width 0.2000 mm; actual 0.1500 mm)
    Rule: netclass 'USB_DATA' (diff pair); error
    @(145.6779 mm, 95.5554 mm): Track [USB_D_P] on Top Layer, length 0.2854 mm
[track_width]: Track width (board setup constraints min width 0.2000 mm; actual 0.1500 mm)
    Rule: netclass 'USB_DATA' (diff pair); error
    @(145.3761 mm, 95.3536 mm): Track [USB_D_P] on Top Layer, length 0.2854 mm
[track_width]: Track width (board setup constraints min width 0.2000 mm; actual 0.1500 mm)
    Rule: netclass 'USB_DATA' (diff pair); error
    @(140.9707 mm, 103.6836 mm): Track [USB_D_P] on Top Layer, length 0.5486 mm
[track_width]: Track width (board setup constraints min width 0.2000 mm; actual 0.1500 mm)
    Rule: netclass 'USB_DATA' (diff pair); error
    @(140.3761 mm, 99.4590 mm): Track [USB_D_P] on Top Layer, length 1.4933 mm
[track_width]: Track width (board setup constraints min width 0.2000 mm; actual 0.0762 mm)
    Rule: netclass 'Default'; error
    @(151.6321 mm, 108.0816 mm): Track [GND] on Top Layer, length 0.2008 mm
[track_width]: Track width (board setup constraints min width 0.2000 mm; actual 0.1050 mm)
    Rule: netclass 'Default'; error
    @(150.2261 mm, 108.2336 mm): Track [GND] on Top Layer, length 1.2800 mm
[track_width]: Track width (board setup constraints min width 0.2000 mm; actual 0.0762 mm)
    Rule: netclass 'Default'; error
    @(161.7262 mm, 101.5537 mm): Track [GND] on Top Layer, length 0.5001 mm
[track_width]: Track width (board setup constraints min width 0.2000 mm; actual 0.1500 mm)
    Rule: netclass 'Default'; error
    @(136.7261 mm, 106.8036 mm): Track [GND] on Top Layer, length 0.7000 mm
[track_width]: Track width (board setup constraints min width 0.2000 mm; actual 0.1500 mm)
    Rule: netclass 'Default'; error
    @(156.4761 mm, 102.3036 mm): Track [GND] on Top Layer, length 0.7072 mm
[track_width]: Track width (board setup constraints min width 0.2000 mm; actual 0.1500 mm)
    Rule: netclass 'Default'; error
    @(157.9762 mm, 103.8037 mm): Track [GND] on Top Layer, length 0.7070 mm
[track_width]: Track width (board setup constraints min width 0.2000 mm; actual 0.0762 mm)
    Rule: netclass 'Default'; error
    @(151.5061 mm, 108.2336 mm): Track [GND] on Top Layer, length 0.1974 mm
[track_width]: Track width (board setup constraints min width 0.2000 mm; actual 0.1400 mm)
    Rule: netclass 'Default'; error
    @(137.1461 mm, 105.7536 mm): Track [GND] on Top Layer, length 0.3140 mm
[track_width]: Track width (board setup constraints min width 0.2000 mm; actual 0.0762 mm)
    Rule: netclass 'Default'; error
    @(163.9762 mm, 109.8037 mm): Track [GND] on Top Layer, length 0.3535 mm
[track_width]: Track width (board setup constraints min width 0.2000 mm; actual 0.0762 mm)
    Rule: netclass 'Default'; error
    @(164.2262 mm, 111.3536 mm): Track [GND] on Top Layer, length 1.3000 mm
[track_width]: Track width (board setup constraints min width 0.2000 mm; actual 0.0762 mm)
    Rule: netclass 'Default'; error
    @(164.2262 mm, 104.5536 mm): Track [GND] on Top Layer, length 1.2499 mm
[track_width]: Track width (board setup constraints min width 0.2000 mm; actual 0.1300 mm)
    Rule: netclass 'Default'; error
    @(151.4261 mm, 106.8536 mm): Track [GND] on Top Layer, length 0.3829 mm
[track_width]: Track width (board setup constraints min width 0.2000 mm; actual 0.1500 mm)
    Rule: netclass 'Default'; error
    @(136.7261 mm, 106.8036 mm): Track [GND] on Top Layer, length 0.3400 mm
[track_width]: Track width (board setup constraints min width 0.2000 mm; actual 0.1500 mm)
    Rule: netclass 'Default'; error
    @(161.4761 mm, 107.3036 mm): Track [GND] on Top Layer, length 0.7072 mm
[track_width]: Track width (board setup constraints min width 0.2000 mm; actual 0.0762 mm)
    Rule: netclass 'Default'; error
    @(160.7262 mm, 101.0536 mm): Track [GND] on Top Layer, length 1.0000 mm
[track_width]: Track width (board setup constraints min width 0.2000 mm; actual 0.1000 mm)
    Rule: netclass 'Default'; error
    @(140.0761 mm, 106.3535 mm): Track [GND] on Top Layer, length 0.2829 mm
[track_width]: Track width (board setup constraints min width 0.2000 mm; actual 0.1450 mm)
    Rule: netclass 'Default'; error
    @(145.5761 mm, 108.8536 mm): Track [GND] on Top Layer, length 0.5062 mm
[track_width]: Track width (board setup constraints min width 0.2000 mm; actual 0.0762 mm)
    Rule: netclass 'Default'; error
    @(155.7262 mm, 107.5536 mm): Track [GND] on Top Layer, length 0.3536 mm
[track_width]: Track width (board setup constraints min width 0.2000 mm; actual 0.1300 mm)
    Rule: netclass 'Default'; error
    @(151.7161 mm, 107.7536 mm): Track [GND] on Top Layer, length 0.6500 mm
[track_width]: Track width (board setup constraints min width 0.2000 mm; actual 0.0762 mm)
    Rule: netclass 'Default'; error
    @(154.4761 mm, 107.5536 mm): Track [GND] on Top Layer, length 1.2501 mm
[track_width]: Track width (board setup constraints min width 0.2000 mm; actual 0.1400 mm)
    Rule: netclass 'Default'; error
    @(151.7161 mm, 107.7536 mm): Track [GND] on Top Layer, length 0.1746 mm
[track_width]: Track width (board setup constraints min width 0.2000 mm; actual 0.0762 mm)
    Rule: netclass 'Default'; error
    @(163.9762 mm, 104.8037 mm): Track [GND] on Top Layer, length 0.3536 mm
[track_width]: Track width (board setup constraints min width 0.2000 mm; actual 0.1000 mm)
    Rule: netclass 'Default'; error
    @(140.2761 mm, 106.7036 mm): Track [GND] on Top Layer, length 0.1500 mm
[track_width]: Track width (board setup constraints min width 0.2000 mm; actual 0.1500 mm)
    Rule: netclass 'Default'; error
    @(162.4761 mm, 103.8037 mm): Track [GND] on Top Layer, length 0.7072 mm
[track_width]: Track width (board setup constraints min width 0.2000 mm; actual 0.0762 mm)
    Rule: netclass 'Default'; error
    @(160.4761 mm, 101.3036 mm): Track [GND] on Top Layer, length 0.3536 mm
[track_width]: Track width (board setup constraints min width 0.2000 mm; actual 0.1000 mm)
    Rule: netclass 'Default'; error
    @(140.2761 mm, 106.7036 mm): Track [GND] on Top Layer, length 1.0062 mm
[track_width]: Track width (board setup constraints min width 0.2000 mm; actual 0.0762 mm)
    Rule: netclass 'Default'; error
    @(139.3511 mm, 102.3535 mm): Track [GND] on Top Layer, length 1.0443 mm
[track_width]: Track width (board setup constraints min width 0.2000 mm; actual 0.1500 mm)
    Rule: netclass 'Default'; error
    @(154.9761 mm, 110.8036 mm): Track [GND] on Top Layer, length 0.7071 mm
[track_width]: Track width (board setup constraints min width 0.2000 mm; actual 0.1500 mm)
    Rule: netclass 'Default'; error
    @(159.4761 mm, 102.8037 mm): Track [GND] on Top Layer, length 0.7072 mm
[track_width]: Track width (board setup constraints min width 0.2000 mm; actual 0.1500 mm)
    Rule: netclass 'Default'; error
    @(136.7261 mm, 106.1036 mm): Track [GND] on Top Layer, length 0.4460 mm
[track_width]: Track width (board setup constraints min width 0.2000 mm; actual 0.1800 mm)
    Rule: netclass 'Default'; error
    @(151.4261 mm, 100.8536 mm): Track [GND] on Top Layer, length 0.4257 mm
[track_width]: Track width (board setup constraints min width 0.2000 mm; actual 0.1400 mm)
    Rule: netclass 'Default'; error
    @(137.1461 mm, 105.9536 mm): Track [GND] on Top Layer, length 0.2000 mm
[track_width]: Track width (board setup constraints min width 0.2000 mm; actual 0.1100 mm)
    Rule: netclass 'Default'; error
    @(145.3761 mm, 109.1036 mm): Track [GND] on Top Layer, length 0.3202 mm
[track_width]: Track width (board setup constraints min width 0.2000 mm; actual 0.0762 mm)
    Rule: netclass 'Default'; error
    @(161.7262 mm, 101.5537 mm): Track [GND] on Top Layer, length 0.3536 mm
[track_width]: Track width (board setup constraints min width 0.2000 mm; actual 0.1450 mm)
    Rule: netclass 'Default'; error
    @(155.8511 mm, 107.0286 mm): Track [GND] on Bottom Layer, length 0.1904 mm
[track_width]: Track width (board setup constraints min width 0.2000 mm; actual 0.0762 mm)
    Rule: netclass 'Default'; error
    @(155.7261 mm, 115.5036 mm): Track [GND] on Bottom Layer, length 1.4000 mm
[track_width]: Track width (board setup constraints min width 0.2000 mm; actual 0.1500 mm)
    Rule: netclass 'Default'; error
    @(158.5460 mm, 107.3036 mm): Track [GND] on Bottom Layer, length 0.6500 mm
[track_width]: Track width (board setup constraints min width 0.2000 mm; actual 0.1100 mm)
    Rule: netclass 'Default'; error
    @(155.0011 mm, 107.0286 mm): Track [GND] on Bottom Layer, length 0.8500 mm
[track_width]: Track width (board setup constraints min width 0.2000 mm; actual 0.1600 mm)
    Rule: netclass 'Default'; error
    @(157.3761 mm, 110.4036 mm): Track [GND] on Bottom Layer, length 1.1699 mm
[track_width]: Track width (board setup constraints min width 0.2000 mm; actual 0.1000 mm)
    Rule: netclass 'Default'; error
    @(138.1259 mm, 113.7537 mm): Track [GND] on Bottom Layer, length 0.2999 mm
[track_width]: Track width (board setup constraints min width 0.2000 mm; actual 0.0762 mm)
    Rule: netclass 'Default'; error
    @(154.2761 mm, 115.5036 mm): Track [GND] on Bottom Layer, length 1.4500 mm
[track_width]: Track width (board setup constraints min width 0.2000 mm; actual 0.1300 mm)
    Rule: netclass 'Default'; error
    @(145.3255 mm, 113.7537 mm): Track [GND] on Bottom Layer, length 1.2046 mm
[track_width]: Track width (board setup constraints min width 0.2000 mm; actual 0.0762 mm)
    Rule: netclass 'Default'; error
    @(154.2761 mm, 116.1536 mm): Track [GND] on Bottom Layer, length 0.6500 mm
[track_width]: Track width (board setup constraints min width 0.2000 mm; actual 0.1500 mm)
    Rule: netclass 'Default'; error
    @(158.4761 mm, 103.8037 mm): Track [GND] on Bottom Layer, length 0.5545 mm
[track_width]: Track width (board setup constraints min width 0.2000 mm; actual 0.1000 mm)
    Rule: netclass 'Default'; error
    @(135.1761 mm, 114.2536 mm): Track [GND] on Bottom Layer, length 0.2000 mm
[track_width]: Track width (board setup constraints min width 0.2000 mm; actual 0.1500 mm)
    Rule: netclass 'Default'; error
    @(160.7660 mm, 106.6536 mm): Track [GND] on Bottom Layer, length 0.2973 mm
[track_width]: Track width (board setup constraints min width 0.2000 mm; actual 0.1150 mm)
    Rule: netclass 'Default'; error
    @(143.1161 mm, 113.4036 mm): Track [GND] on Bottom Layer, length 1.2500 mm
[track_width]: Track width (board setup constraints min width 0.2000 mm; actual 0.1500 mm)
    Rule: netclass 'Default'; error
    @(161.9762 mm, 106.3036 mm): Track [GND] on Bottom Layer, length 1.0098 mm
[track_width]: Track width (board setup constraints min width 0.2000 mm; actual 0.1000 mm)
    Rule: netclass 'Default'; error
    @(139.3261 mm, 114.0536 mm): Track [GND] on Bottom Layer, length 1.2000 mm
[track_width]: Track width (board setup constraints min width 0.2000 mm; actual 0.1100 mm)
    Rule: netclass 'Default'; error
    @(157.3761 mm, 111.1536 mm): Track [GND] on Bottom Layer, length 1.8500 mm
[track_width]: Track width (board setup constraints min width 0.2000 mm; actual 0.1000 mm)
    Rule: netclass 'Default'; error
    @(145.3255 mm, 113.7537 mm): Track [GND] on Bottom Layer, length 0.2999 mm
[track_width]: Track width (board setup constraints min width 0.2000 mm; actual 0.1300 mm)
    Rule: netclass 'Default'; error
    @(143.1161 mm, 112.1536 mm): Track [GND] on Bottom Layer, length 0.7433 mm
[track_width]: Track width (board setup constraints min width 0.2000 mm; actual 0.1000 mm)
    Rule: netclass 'Default'; error
    @(140.5258 mm, 113.7537 mm): Track [GND] on Bottom Layer, length 0.2999 mm
[track_width]: Track width (board setup constraints min width 0.2000 mm; actual 0.0762 mm)
    Rule: netclass 'Default'; error
    @(157.3761 mm, 115.2336 mm): Track [GND] on Bottom Layer, length 0.3536 mm
[track_width]: Track width (board setup constraints min width 0.2000 mm; actual 0.1000 mm)
    Rule: netclass 'Default'; error
    @(142.9256 mm, 113.7537 mm): Track [GND] on Bottom Layer, length 0.2999 mm
[track_width]: Track width (board setup constraints min width 0.2000 mm; actual 0.1500 mm)
    Rule: netclass 'Default'; error
    @(162.4761 mm, 103.8037 mm): Track [GND] on Bottom Layer, length 0.7501 mm
[track_width]: Track width (board setup constraints min width 0.2000 mm; actual 0.1500 mm)
    Rule: netclass 'Default'; error
    @(160.9762 mm, 107.8037 mm): Track [GND] on Bottom Layer, length 0.9399 mm
[track_width]: Track width (board setup constraints min width 0.2000 mm; actual 0.1100 mm)
    Rule: netclass 'Default'; error
    @(159.2261 mm, 111.1536 mm): Track [GND] on Bottom Layer, length 0.1414 mm
[track_width]: Track width (board setup constraints min width 0.2000 mm; actual 0.0762 mm)
    Rule: netclass 'Default'; error
    @(155.5259 mm, 113.7537 mm): Track [GND] on Bottom Layer, length 0.4031 mm
[track_width]: Track width (board setup constraints min width 0.2000 mm; actual 0.1500 mm)
    Rule: netclass 'Default'; error
    @(159.1762 mm, 103.2536 mm): Track [GND] on Bottom Layer, length 0.6265 mm
[track_width]: Track width (board setup constraints min width 0.2000 mm; actual 0.0762 mm)
    Rule: netclass 'Default'; error
    @(157.0466 mm, 115.2336 mm): Track [GND] on Bottom Layer, length 0.3295 mm
[track_width]: Track width (board setup constraints min width 0.2000 mm; actual 0.1000 mm)
    Rule: netclass 'Default'; error
    @(135.1761 mm, 114.0536 mm): Track [GND] on Bottom Layer, length 0.5500 mm
[track_width]: Track width (board setup constraints min width 0.2000 mm; actual 0.1300 mm)
    Rule: netclass 'Default'; error
    @(154.4761 mm, 107.5536 mm): Track [GND] on Bottom Layer, length 0.3182 mm
[track_width]: Track width (board setup constraints min width 0.2000 mm; actual 0.1000 mm)
    Rule: netclass 'Default'; error
    @(138.1261 mm, 114.0536 mm): Track [GND] on Bottom Layer, length 1.2000 mm
[track_width]: Track width (board setup constraints min width 0.2000 mm; actual 0.1100 mm)
    Rule: netclass 'Default'; error
    @(157.3761 mm, 111.1536 mm): Track [GND] on Bottom Layer, length 0.7500 mm
[track_width]: Track width (board setup constraints min width 0.2000 mm; actual 0.1800 mm)
    Rule: netclass 'Default'; error
    @(156.0261 mm, 106.9536 mm): Track [GND] on Bottom Layer, length 0.4242 mm
[track_width]: Track width (board setup constraints min width 0.2000 mm; actual 0.1000 mm)
    Rule: netclass 'Default'; error
    @(142.9261 mm, 114.0536 mm): Track [GND] on Bottom Layer, length 1.1500 mm
[track_width]: Track width (board setup constraints min width 0.2000 mm; actual 0.0762 mm)
    Rule: netclass 'Default'; error
    @(157.0466 mm, 115.2336 mm): Track [GND] on Bottom Layer, length 1.2010 mm
[track_width]: Track width (board setup constraints min width 0.2000 mm; actual 0.1500 mm)
    Rule: netclass 'Default'; error
    @(157.9762 mm, 107.3036 mm): Track [GND] on Bottom Layer, length 0.5698 mm
[track_width]: Track width (board setup constraints min width 0.2000 mm; actual 0.1500 mm)
    Rule: netclass 'Default'; error
    @(162.9860 mm, 106.6536 mm): Track [GND] on Bottom Layer, length 0.3500 mm
[track_width]: Track width (board setup constraints min width 0.2000 mm; actual 0.1050 mm)
    Rule: netclass 'Default'; error
    @(159.5260 mm, 114.9536 mm): Track [GND] on Bottom Layer, length 0.7851 mm
[track_width]: Track width (board setup constraints min width 0.2000 mm; actual 0.0762 mm)
    Rule: netclass 'Default'; error
    @(157.0466 mm, 114.0326 mm): Track [GND] on Bottom Layer, length 0.3947 mm
[track_width]: Track width (board setup constraints min width 0.2000 mm; actual 0.1000 mm)
    Rule: netclass 'Default'; error
    @(135.7261 mm, 114.0536 mm): Track [GND] on Bottom Layer, length 0.2999 mm
[track_width]: Track width (board setup constraints min width 0.2000 mm; actual 0.1500 mm)
    Rule: netclass 'Default'; error
    @(135.1761 mm, 115.3876 mm): Track [GND] on Bottom Layer, length 1.1340 mm
[track_width]: Track width (board setup constraints min width 0.2000 mm; actual 0.1000 mm)
    Rule: netclass 'Default'; error
    @(144.0761 mm, 114.0536 mm): Track [GND] on Bottom Layer, length 1.2500 mm
[track_width]: Track width (board setup constraints min width 0.2000 mm; actual 0.0762 mm)
    Rule: netclass 'Default'; error
    @(159.9761 mm, 115.4836 mm): Track [GND] on L4-SIG, length 1.0201 mm
[track_width]: Track width (board setup constraints min width 0.2000 mm; actual 0.0762 mm)
    Rule: netclass 'Default'; error
    @(157.6261 mm, 115.4836 mm): Track [GND] on L4-SIG, length 2.3500 mm
[track_width]: Track width (board setup constraints min width 0.2000 mm; actual 0.0762 mm)
    Rule: netclass 'Default'; error
    @(137.1761 mm, 106.5186 mm): Track [N$LD0B] on Top Layer, length 0.6009 mm
[track_width]: Track width (board setup constraints min width 0.2000 mm; actual 0.0762 mm)
    Rule: netclass 'Default'; error
    @(142.5761 mm, 102.4036 mm): Track [N$LD0B] on Top Layer, length 0.4243 mm
[track_width]: Track width (board setup constraints min width 0.2000 mm; actual 0.0762 mm)
    Rule: netclass 'Default'; error
    @(137.1761 mm, 107.3536 mm): Track [N$LD0B] on Top Layer, length 0.8350 mm
[track_width]: Track width (board setup constraints min width 0.2000 mm; actual 0.0762 mm)
    Rule: netclass 'Default'; error
    @(136.9761 mm, 107.5536 mm): Track [N$LD0B] on Top Layer, length 0.2828 mm
[track_width]: Track width (board setup constraints min width 0.2000 mm; actual 0.0762 mm)
    Rule: netclass 'Default'; error
    @(142.5761 mm, 105.8536 mm): Track [N$LD0B] on Top Layer, length 3.4500 mm
[track_width]: Track width (board setup constraints min width 0.2000 mm; actual 0.0762 mm)
    Rule: netclass 'Default'; error
    @(143.1511 mm, 99.3536 mm): Track [N$LD0B] on Bottom Layer, length 0.8839 mm
[track_width]: Track width (board setup constraints min width 0.2000 mm; actual 0.0762 mm)
    Rule: netclass 'Default'; error
    @(142.8761 mm, 102.1036 mm): Track [N$LD0B] on Bottom Layer, length 0.3889 mm
[track_width]: Track width (board setup constraints min width 0.2000 mm; actual 0.0762 mm)
    Rule: netclass 'Default'; error
    @(143.7761 mm, 98.7286 mm): Track [N$LD0B] on Bottom Layer, length 0.0750 mm
[track_width]: Track width (board setup constraints min width 0.2000 mm; actual 0.0762 mm)
    Rule: netclass 'Default'; error
    @(143.1511 mm, 101.8286 mm): Track [N$LD0B] on Bottom Layer, length 2.4750 mm
[track_width]: Track width (board setup constraints min width 0.2000 mm; actual 0.0762 mm)
    Rule: netclass 'Default'; error
    @(136.9761 mm, 107.5536 mm): Track [N$LD0B] on L3-SIG, length 0.7778 mm
[track_width]: Track width (board setup constraints min width 0.2000 mm; actual 0.0762 mm)
    Rule: netclass 'Default'; error
    @(141.1761 mm, 106.9536 mm): Track [N$LD0B] on L3-SIG, length 0.0500 mm
[track_width]: Track width (board setup constraints min width 0.2000 mm; actual 0.0762 mm)
    Rule: netclass 'Default'; error
    @(141.1261 mm, 107.0036 mm): Track [N$LD0B] on L3-SIG, length 0.0707 mm
[track_width]: Track width (board setup constraints min width 0.2000 mm; actual 0.0762 mm)
    Rule: netclass 'Default'; error
    @(142.3261 mm, 105.8536 mm): Track [N$LD0B] on L3-SIG, length 0.2500 mm
[track_width]: Track width (board setup constraints min width 0.2000 mm; actual 0.0762 mm)
    Rule: netclass 'Default'; error
    @(141.2261 mm, 106.9536 mm): Track [N$LD0B] on L3-SIG, length 1.5556 mm
[track_width]: Track width (board setup constraints min width 0.2000 mm; actual 0.0762 mm)
    Rule: netclass 'Default'; error
    @(137.5261 mm, 107.0036 mm): Track [N$LD0B] on L3-SIG, length 3.6000 mm
[track_width]: Track width (board setup constraints min width 0.2000 mm; actual 0.0762 mm)
    Rule: netclass 'Default'; error
    @(152.0261 mm, 108.4536 mm): Track [LED0_B] on Top Layer, length 0.1000 mm
[track_width]: Track width (board setup constraints min width 0.2000 mm; actual 0.0762 mm)
    Rule: netclass 'Default'; error
    @(152.1761 mm, 108.4036 mm): Track [LED0_B] on Top Layer, length 0.3000 mm
[track_width]: Track width (board setup constraints min width 0.2000 mm; actual 0.0762 mm)
    Rule: netclass 'Default'; error
    @(135.0261 mm, 108.4536 mm): Track [LED0_B] on Top Layer, length 1.4142 mm
[track_width]: Track width (board setup constraints min width 0.2000 mm; actual 0.0762 mm)
    Rule: netclass 'Default'; error
    @(135.0761 mm, 107.1536 mm): Track [LED0_B] on Top Layer, length 0.7100 mm
[track_width]: Track width (board setup constraints min width 0.2000 mm; actual 0.0762 mm)
    Rule: netclass 'Default'; error
    @(149.4761 mm, 110.2036 mm): Track [LED0_B] on Top Layer, length 0.7778 mm
[track_width]: Track width (board setup constraints min width 0.2000 mm; actual 0.0762 mm)
    Rule: netclass 'Default'; error
    @(162.1261 mm, 108.1036 mm): Track [LED0_B] on Top Layer, length 1.1314 mm
[track_width]: Track width (board setup constraints min width 0.2000 mm; actual 0.0762 mm)
    Rule: netclass 'Default'; error
    @(161.0261 mm, 108.2536 mm): Track [LED0_B] on Top Layer, length 0.2121 mm
[track_width]: Track width (board setup constraints min width 0.2000 mm; actual 0.0762 mm)
    Rule: netclass 'Default'; error
    @(152.1261 mm, 108.4536 mm): Track [LED0_B] on Top Layer, length 0.0707 mm
[track_width]: Track width (board setup constraints min width 0.2000 mm; actual 0.0762 mm)
    Rule: netclass 'Default'; error
    @(162.9261 mm, 107.3036 mm): Track [LED0_B] on Top Layer, length 0.5500 mm
[track_width]: Track width (board setup constraints min width 0.2000 mm; actual 0.0762 mm)
    Rule: netclass 'Default'; error
    @(150.5261 mm, 109.6036 mm): Track [LED0_B] on Top Layer, length 0.3500 mm
[track_width]: Track width (board setup constraints min width 0.2000 mm; actual 0.0762 mm)
    Rule: netclass 'Default'; error
    @(135.0761 mm, 106.4436 mm): Track [LED0_B] on Top Layer, length 0.4950 mm
[track_width]: Track width (board setup constraints min width 0.2000 mm; actual 0.0762 mm)
    Rule: netclass 'Default'; error
    @(150.8761 mm, 109.6036 mm): Track [LED0_B] on Top Layer, length 1.6263 mm
[track_width]: Track width (board setup constraints min width 0.2000 mm; actual 0.0762 mm)
    Rule: netclass 'Default'; error
    @(150.0261 mm, 109.6536 mm): Track [LED0_B] on Top Layer, length 0.4500 mm
[track_width]: Track width (board setup constraints min width 0.2000 mm; actual 0.0762 mm)
    Rule: netclass 'Default'; error
    @(135.4261 mm, 106.0936 mm): Track [LED0_B] on Top Layer, length 0.8251 mm
[track_width]: Track width (board setup constraints min width 0.2000 mm; actual 0.0762 mm)
    Rule: netclass 'Default'; error
    @(150.4761 mm, 109.6536 mm): Track [LED0_B] on Top Layer, length 0.0707 mm
[track_width]: Track width (board setup constraints min width 0.2000 mm; actual 0.0762 mm)
    Rule: netclass 'Default'; error
    @(161.1761 mm, 108.1036 mm): Track [LED0_B] on Top Layer, length 0.9500 mm
[track_width]: Track width (board setup constraints min width 0.2000 mm; actual 0.0762 mm)
    Rule: netclass 'Default'; error
    @(158.9761 mm, 108.2536 mm): Track [LED0_B] on Top Layer, length 2.0500 mm
[track_width]: Track width (board setup constraints min width 0.2000 mm; actual 0.0762 mm)
    Rule: netclass 'Default'; error
    @(140.6261 mm, 109.9536 mm): Track [LED0_B] on L3-SIG, length 1.5500 mm
[track_width]: Track width (board setup constraints min width 0.2000 mm; actual 0.0762 mm)
    Rule: netclass 'Default'; error
    @(135.0261 mm, 108.4536 mm): Track [LED0_B] on L3-SIG, length 0.7000 mm
[track_width]: Track width (board setup constraints min width 0.2000 mm; actual 0.0762 mm)
    Rule: netclass 'Default'; error
    @(156.5761 mm, 105.6036 mm): Track [LED0_B] on L3-SIG, length 1.5500 mm
[track_width]: Track width (board setup constraints min width 0.2000 mm; actual 0.0762 mm)
    Rule: netclass 'Default'; error
    @(140.4261 mm, 110.1536 mm): Track [LED0_B] on L3-SIG, length 0.2828 mm
[track_width]: Track width (board setup constraints min width 0.2000 mm; actual 0.0762 mm)
    Rule: netclass 'Default'; error
    @(154.2761 mm, 106.6036 mm): Track [LED0_B] on L3-SIG, length 1.3000 mm
[track_width]: Track width (board setup constraints min width 0.2000 mm; actual 0.0762 mm)
    Rule: netclass 'Default'; error
    @(136.7261 mm, 110.1536 mm): Track [LED0_B] on L3-SIG, length 0.2500 mm
[track_width]: Track width (board setup constraints min width 0.2000 mm; actual 0.0762 mm)
    Rule: netclass 'Default'; error
    @(145.3761 mm, 110.7536 mm): Track [LED0_B] on L3-SIG, length 2.3500 mm
[track_width]: Track width (board setup constraints min width 0.2000 mm; actual 0.0762 mm)
    Rule: netclass 'Default'; error
    @(159.4261 mm, 107.8036 mm): Track [LED0_B] on L3-SIG, length 0.5500 mm
[track_width]: Track width (board setup constraints min width 0.2000 mm; actual 0.0762 mm)
    Rule: netclass 'Default'; error
    @(142.1761 mm, 109.9536 mm): Track [LED0_B] on L3-SIG, length 0.8485 mm
[track_width]: Track width (board setup constraints min width 0.2000 mm; actual 0.0762 mm)
    Rule: netclass 'Default'; error
    @(158.9761 mm, 108.2536 mm): Track [LED0_B] on L3-SIG, length 0.6364 mm
[track_width]: Track width (board setup constraints min width 0.2000 mm; actual 0.0762 mm)
    Rule: netclass 'Default'; error
    @(136.0261 mm, 109.4536 mm): Track [LED0_B] on L3-SIG, length 0.9899 mm
[track_width]: Track width (board setup constraints min width 0.2000 mm; actual 0.0762 mm)
    Rule: netclass 'Default'; error
    @(148.7761 mm, 110.6036 mm): Track [LED0_B] on L3-SIG, length 0.5657 mm
[track_width]: Track width (board setup constraints min width 0.2000 mm; actual 0.0762 mm)
    Rule: netclass 'Default'; error
    @(159.4261 mm, 107.2536 mm): Track [LED0_B] on L3-SIG, length 3.0406 mm
[track_width]: Track width (board setup constraints min width 0.2000 mm; actual 0.0762 mm)
    Rule: netclass 'Default'; error
    @(156.1761 mm, 106.0036 mm): Track [LED0_B] on L3-SIG, length 0.5657 mm
[track_width]: Track width (board setup constraints min width 0.2000 mm; actual 0.0762 mm)
    Rule: netclass 'Default'; error
    @(135.0261 mm, 107.7536 mm): Track [LED0_B] on L3-SIG, length 0.6021 mm
[track_width]: Track width (board setup constraints min width 0.2000 mm; actual 0.0762 mm)
    Rule: netclass 'Default'; error
    @(149.1761 mm, 110.2036 mm): Track [LED0_B] on L3-SIG, length 0.3000 mm
[track_width]: Track width (board setup constraints min width 0.2000 mm; actual 0.0762 mm)
    Rule: netclass 'Default'; error
    @(152.4761 mm, 108.4036 mm): Track [LED0_B] on L3-SIG, length 2.5456 mm
[track_width]: Track width (board setup constraints min width 0.2000 mm; actual 0.0762 mm)
    Rule: netclass 'Default'; error
    @(156.5761 mm, 102.7536 mm): Track [LED0_B] on L4-SIG, length 0.3536 mm
[track_width]: Track width (board setup constraints min width 0.2000 mm; actual 0.0762 mm)
    Rule: netclass 'Default'; error
    @(156.5761 mm, 104.0536 mm): Track [LED0_B] on L4-SIG, length 1.3000 mm
[track_width]: Track width (board setup constraints min width 0.2000 mm; actual 0.0762 mm)
    Rule: netclass 'Default'; error
    @(156.9761 mm, 102.4536 mm): Track [LED0_B] on L4-SIG, length 5.5000 mm
[track_width]: Track width (board setup constraints min width 0.2000 mm; actual 0.0762 mm)
    Rule: netclass 'Default'; error
    @(142.9761 mm, 110.7536 mm): Track [LED0_B] on L4-SIG, length 2.4000 mm
[track_width]: Track width (board setup constraints min width 0.2000 mm; actual 0.0762 mm)
    Rule: netclass 'Default'; error
    @(142.7761 mm, 110.5536 mm): Track [LED0_B] on L4-SIG, length 0.2828 mm
[track_width]: Track width (board setup constraints min width 0.2000 mm; actual 0.0762 mm)
    Rule: netclass 'Default'; error
    @(147.7261 mm, 110.7536 mm): Track [LED0_B] on L4-SIG, length 0.2121 mm
[track_width]: Track width (board setup constraints min width 0.2000 mm; actual 0.0762 mm)
    Rule: netclass 'Default'; error
    @(147.8761 mm, 110.6036 mm): Track [LED0_B] on L4-SIG, length 0.9000 mm
[track_width]: Track width (board setup constraints min width 0.2000 mm; actual 0.0762 mm)
    Rule: netclass 'Default'; error
    @(136.9761 mm, 110.1536 mm): Track [LED0_B] on L4-SIG, length 3.4500 mm
[track_width]: Track width (board setup constraints min width 0.2000 mm; actual 0.0762 mm)
    Rule: netclass 'Default'; error
    @(161.5761 mm, 105.1036 mm): Track [LED0_B] on L4-SIG, length 0.8500 mm
[track_width]: Track width (board setup constraints min width 0.2000 mm; actual 0.0762 mm)
    Rule: netclass 'Default'; error
    @(156.8261 mm, 102.5036 mm): Track [LED0_B] on L4-SIG, length 0.1000 mm
[track_width]: Track width (board setup constraints min width 0.2000 mm; actual 0.0762 mm)
    Rule: netclass 'Default'; error
    @(162.5261 mm, 102.5036 mm): Track [LED0_B] on L4-SIG, length 0.2000 mm
[track_width]: Track width (board setup constraints min width 0.2000 mm; actual 0.0762 mm)
    Rule: netclass 'Default'; error
    @(162.8261 mm, 103.0036 mm): Track [LED0_B] on L4-SIG, length 0.2000 mm
[track_width]: Track width (board setup constraints min width 0.2000 mm; actual 0.0762 mm)
    Rule: netclass 'Default'; error
    @(162.7761 mm, 102.7536 mm): Track [LED0_B] on L4-SIG, length 0.0707 mm
[track_width]: Track width (board setup constraints min width 0.2000 mm; actual 0.0762 mm)
    Rule: netclass 'Default'; error
    @(155.5761 mm, 106.6036 mm): Track [LED0_B] on L4-SIG, length 0.8485 mm
[track_width]: Track width (board setup constraints min width 0.2000 mm; actual 0.0762 mm)
    Rule: netclass 'Default'; error
    @(156.9261 mm, 102.5036 mm): Track [LED0_B] on L4-SIG, length 0.0707 mm
[track_width]: Track width (board setup constraints min width 0.2000 mm; actual 0.0762 mm)
    Rule: netclass 'Default'; error
    @(162.4761 mm, 102.4536 mm): Track [LED0_B] on L4-SIG, length 0.0707 mm
[track_width]: Track width (board setup constraints min width 0.2000 mm; actual 0.0762 mm)
    Rule: netclass 'Default'; error
    @(162.7761 mm, 102.7536 mm): Track [LED0_B] on L4-SIG, length 0.2000 mm
[track_width]: Track width (board setup constraints min width 0.2000 mm; actual 0.0762 mm)
    Rule: netclass 'Default'; error
    @(161.5761 mm, 104.2536 mm): Track [LED0_B] on L4-SIG, length 1.7678 mm
[track_width]: Track width (board setup constraints min width 0.2000 mm; actual 0.0762 mm)
    Rule: netclass 'Default'; error
    @(162.7261 mm, 102.5036 mm): Track [LED0_B] on L4-SIG, length 0.0707 mm
[track_width]: Track width (board setup constraints min width 0.2000 mm; actual 0.0762 mm)
    Rule: netclass 'Default'; error
    @(136.2761 mm, 108.0036 mm): Track [N$LD0R] on Top Layer, length 0.9582 mm
[track_width]: Track width (board setup constraints min width 0.2000 mm; actual 0.0762 mm)
    Rule: netclass 'Default'; error
    @(138.0261 mm, 107.7786 mm): Track [N$LD0R] on Top Layer, length 0.6101 mm
[track_width]: Track width (board setup constraints min width 0.2000 mm; actual 0.0762 mm)
    Rule: netclass 'Default'; error
    @(137.5511 mm, 108.2536 mm): Track [N$LD0R] on Top Layer, length 0.6718 mm
[track_width]: Track width (board setup constraints min width 0.2000 mm; actual 0.0762 mm)
    Rule: netclass 'Default'; error
    @(143.6761 mm, 103.4036 mm): Track [N$LD0R] on Top Layer, length 1.0000 mm
[track_width]: Track width (board setup constraints min width 0.2000 mm; actual 0.0762 mm)
    Rule: netclass 'Default'; error
    @(137.6762 mm, 106.8186 mm): Track [N$LD0R] on Top Layer, length 0.4948 mm
[track_width]: Track width (board setup constraints min width 0.2000 mm; actual 0.0762 mm)
    Rule: netclass 'Default'; error
    @(137.2011 mm, 108.2536 mm): Track [N$LD0R] on Top Layer, length 0.3500 mm
[track_width]: Track width (board setup constraints min width 0.2000 mm; actual 0.0762 mm)
    Rule: netclass 'Default'; error
    @(142.4761 mm, 104.6036 mm): Track [N$LD0R] on Bottom Layer, length 0.4243 mm
[track_width]: Track width (board setup constraints min width 0.2000 mm; actual 0.0762 mm)
    Rule: netclass 'Default'; error
    @(139.4761 mm, 105.3036 mm): Track [N$LD0R] on Bottom Layer, length 3.0806 mm
[track_width]: Track width (board setup constraints min width 0.2000 mm; actual 0.0762 mm)
    Rule: netclass 'Default'; error
    @(145.3761 mm, 98.8036 mm): Track [N$LD0R] on Bottom Layer, length 0.7159 mm
[track_width]: Track width (board setup constraints min width 0.2000 mm; actual 0.0762 mm)
    Rule: netclass 'Default'; error
    @(142.4761 mm, 101.2036 mm): Track [N$LD0R] on L4-SIG, length 1.6971 mm
[track_width]: Track width (board setup constraints min width 0.2000 mm; actual 0.0762 mm)
    Rule: netclass 'Default'; error
    @(142.4761 mm, 100.9036 mm): Track [N$LD0R] on L4-SIG, length 3.5805 mm
[track_width]: Track width (board setup constraints min width 0.2000 mm; actual 0.0762 mm)
    Rule: netclass 'Default'; error
    @(142.7761 mm, 104.3036 mm): Track [N$LD0R] on L4-SIG, length 1.2728 mm
[track_width]: Track width (board setup constraints min width 0.2000 mm; actual 0.0762 mm)
    Rule: netclass 'Default'; error
    @(136.7761 mm, 108.0036 mm): Track [N$LD0R] on L4-SIG, length 3.8184 mm
[track_width]: Track width (board setup constraints min width 0.2000 mm; actual 0.0762 mm)
    Rule: netclass 'Default'; error
    @(136.2761 mm, 108.0036 mm): Track [N$LD0R] on L4-SIG, length 0.5000 mm
[track_width]: Track width (board setup constraints min width 0.2000 mm; actual 0.0762 mm)
    Rule: netclass 'Default'; error
    @(142.4761 mm, 101.2036 mm): Track [N$LD0R] on L4-SIG, length 0.3000 mm
[track_width]: Track width (board setup constraints min width 0.2000 mm; actual 0.0762 mm)
    Rule: netclass 'Default'; error
    @(151.8761 mm, 93.3036 mm): Track [LED0_R] on Top Layer, length 0.9899 mm
[track_width]: Track width (board setup constraints min width 0.2000 mm; actual 0.0762 mm)
    Rule: netclass 'Default'; error
    @(170.1761 mm, 97.8036 mm): Track [LED0_R] on Top Layer, length 0.5000 mm
[track_width]: Track width (board setup constraints min width 0.2000 mm; actual 0.0762 mm)
    Rule: netclass 'Default'; error
    @(170.9761 mm, 98.1036 mm): Track [LED0_R] on Top Layer, length 1.0440 mm
[track_width]: Track width (board setup constraints min width 0.2000 mm; actual 0.0762 mm)
    Rule: netclass 'Default'; error
    @(173.6761 mm, 109.7036 mm): Track [LED0_R] on Top Layer, length 0.8000 mm
[track_width]: Track width (board setup constraints min width 0.2000 mm; actual 0.0762 mm)
    Rule: netclass 'Default'; error
    @(152.5761 mm, 92.6036 mm): Track [LED0_R] on Top Layer, length 0.5000 mm
[track_width]: Track width (board setup constraints min width 0.2000 mm; actual 0.0762 mm)
    Rule: netclass 'Default'; error
    @(162.9761 mm, 107.7536 mm): Track [LED0_R] on Top Layer, length 0.5025 mm
[track_width]: Track width (board setup constraints min width 0.2000 mm; actual 0.0762 mm)
    Rule: netclass 'Default'; error
    @(170.6761 mm, 97.8036 mm): Track [LED0_R] on Top Layer, length 0.4243 mm
[track_width]: Track width (board setup constraints min width 0.2000 mm; actual 0.0762 mm)
    Rule: netclass 'Default'; error
    @(159.2761 mm, 95.1036 mm): Track [LED0_R] on Top Layer, length 0.2828 mm
[track_width]: Track width (board setup constraints min width 0.2000 mm; actual 0.0762 mm)
    Rule: netclass 'Default'; error
    @(153.0761 mm, 92.6036 mm): Track [LED0_R] on Top Layer, length 0.3162 mm
[track_width]: Track width (board setup constraints min width 0.2000 mm; actual 0.0762 mm)
    Rule: netclass 'Default'; error
    @(173.9761 mm, 107.5036 mm): Track [LED0_R] on Top Layer, length 2.9000 mm
[track_width]: Track width (board setup constraints min width 0.2000 mm; actual 0.0762 mm)
    Rule: netclass 'Default'; error
    @(155.8761 mm, 95.1036 mm): Track [LED0_R] on Top Layer, length 3.4000 mm
[track_width]: Track width (board setup constraints min width 0.2000 mm; actual 0.0762 mm)
    Rule: netclass 'Default'; error
    @(167.4761 mm, 96.3036 mm): Track [LED0_R] on Top Layer, length 1.1180 mm
[track_width]: Track width (board setup constraints min width 0.2000 mm; actual 0.0762 mm)
    Rule: netclass 'Default'; error
    @(153.3761 mm, 92.7036 mm): Track [LED0_R] on Top Layer, length 1.7692 mm
[via_diameter]: Via diameter (board setup constraints min diameter 0.5000 mm; actual 0.3500 mm)
    Rule: netclass 'PWR_RAILS'; error
    @(145.6761 mm, 104.5036 mm): Via [USB5V0] on Top Layer - Bottom Layer
[via_diameter]: Via diameter (board setup constraints min diameter 0.5000 mm; actual 0.3500 mm)
    Rule: netclass 'PWR_RAILS'; error
    @(145.6761 mm, 106.7036 mm): Via [USB5V0] on Top Layer - Bottom Layer
[via_diameter]: Via diameter (board setup constraints min diameter 0.5000 mm; actual 0.3500 mm)
    Rule: netclass 'Default'; error
    @(118.2801 mm, 108.3936 mm): Via [GND] on Top Layer - Bottom Layer
[via_diameter]: Via diameter (board setup constraints min diameter 0.5000 mm; actual 0.3500 mm)
    Rule: netclass 'Default'; error
    @(132.1361 mm, 101.5236 mm): Via [GND] on Top Layer - Bottom Layer
[via_diameter]: Via diameter (board setup constraints min diameter 0.5000 mm; actual 0.3500 mm)
    Rule: netclass 'Default'; error
    @(129.3926 mm, 112.1536 mm): Via [GND] on Top Layer - Bottom Layer
[via_diameter]: Via diameter (board setup constraints min diameter 0.5000 mm; actual 0.3500 mm)
    Rule: netclass 'Default'; error
    @(120.4241 mm, 102.2016 mm): Via [GND] on Top Layer - Bottom Layer
[via_diameter]: Via diameter (board setup constraints min diameter 0.5000 mm; actual 0.3500 mm)
    Rule: netclass 'Default'; error
    @(141.9761 mm, 108.6536 mm): Via [GND] on Top Layer - Bottom Layer
[via_diameter]: Via diameter (board setup constraints min diameter 0.5000 mm; actual 0.3500 mm)
    Rule: netclass 'Default'; error
    @(149.6761 mm, 109.0036 mm): Via [GND] on Top Layer - Bottom Layer
[via_diameter]: Via diameter (board setup constraints min diameter 0.5000 mm; actual 0.3500 mm)
    Rule: netclass 'Default'; error
    @(159.4761 mm, 102.8037 mm): Via [GND] on Top Layer - Bottom Layer
[via_diameter]: Via diameter (board setup constraints min diameter 0.5000 mm; actual 0.3500 mm)
    Rule: netclass 'Default'; error
    @(119.9841 mm, 102.2016 mm): Via [GND] on Top Layer - Bottom Layer
[via_diameter]: Via diameter (board setup constraints min diameter 0.5000 mm; actual 0.3500 mm)
    Rule: netclass 'Default'; error
    @(131.1011 mm, 100.9786 mm): Via [GND] on Top Layer - Bottom Layer
[via_diameter]: Via diameter (board setup constraints min diameter 0.5000 mm; actual 0.3500 mm)
    Rule: netclass 'Default'; error
    @(139.1761 mm, 115.9036 mm): Via [GND] on Top Layer - Bottom Layer
[via_diameter]: Via diameter (board setup constraints min diameter 0.5000 mm; actual 0.3500 mm)
    Rule: netclass 'Default'; error
    @(151.9261 mm, 99.3036 mm): Via [GND] on Top Layer - Bottom Layer
[via_diameter]: Via diameter (board setup constraints min diameter 0.5000 mm; actual 0.3000 mm)
    Rule: netclass 'Default'; error
    @(165.4761 mm, 104.5536 mm): Blind via [GND] on Top Layer - L2-GND
[via_diameter]: Via diameter (board setup constraints min diameter 0.5000 mm; actual 0.3500 mm)
    Rule: netclass 'Default'; error
    @(158.4761 mm, 103.8037 mm): Via [GND] on Top Layer - Bottom Layer
[via_diameter]: Via diameter (board setup constraints min diameter 0.5000 mm; actual 0.3500 mm)
    Rule: netclass 'Default'; error
    @(120.5259 mm, 95.5636 mm): Via [GND] on Top Layer - Bottom Layer
[via_diameter]: Via diameter (board setup constraints min diameter 0.5000 mm; actual 0.3500 mm)
    Rule: netclass 'Default'; error
    @(126.1761 mm, 103.9736 mm): Via [GND] on Top Layer - Bottom Layer
[via_diameter]: Via diameter (board setup constraints min diameter 0.5000 mm; actual 0.3500 mm)
    Rule: netclass 'Default'; error
    @(154.2761 mm, 116.1536 mm): Via [GND] on Top Layer - Bottom Layer
[via_diameter]: Via diameter (board setup constraints min diameter 0.5000 mm; actual 0.3500 mm)
    Rule: netclass 'Default'; error
    @(156.9762 mm, 102.8037 mm): Via [GND] on Top Layer - Bottom Layer
[via_diameter]: Via diameter (board setup constraints min diameter 0.5000 mm; actual 0.3500 mm)
    Rule: netclass 'Default'; error
    @(126.5561 mm, 109.1036 mm): Via [GND] on Top Layer - Bottom Layer
[via_diameter]: Via diameter (board setup constraints min diameter 0.5000 mm; actual 0.3500 mm)
    Rule: netclass 'Default'; error
    @(164.3761 mm, 94.1036 mm): Via [GND] on Top Layer - Bottom Layer
[via_diameter]: Via diameter (board setup constraints min diameter 0.5000 mm; actual 0.3500 mm)
    Rule: netclass 'Default'; error
    @(138.6761 mm, 96.9036 mm): Via [GND] on Top Layer - Bottom Layer
[via_diameter]: Via diameter (board setup constraints min diameter 0.5000 mm; actual 0.3500 mm)
    Rule: netclass 'Default'; error
    @(128.8761 mm, 109.1036 mm): Via [GND] on Top Layer - Bottom Layer
[via_diameter]: Via diameter (board setup constraints min diameter 0.5000 mm; actual 0.3000 mm)
    Rule: netclass 'Default'; error
    @(164.9761 mm, 101.3036 mm): Blind via [GND] on Top Layer - L2-GND
[via_diameter]: Via diameter (board setup constraints min diameter 0.5000 mm; actual 0.3000 mm)
    Rule: netclass 'Default'; error
    @(159.4761 mm, 107.8037 mm): Blind via [GND] on Top Layer - L2-GND
[via_diameter]: Via diameter (board setup constraints min diameter 0.5000 mm; actual 0.3500 mm)
    Rule: netclass 'Default'; error
    @(154.4761 mm, 107.5536 mm): Via [GND] on Top Layer - Bottom Layer
[via_diameter]: Via diameter (board setup constraints min diameter 0.5000 mm; actual 0.3500 mm)
    Rule: netclass 'Default'; error
    @(118.2260 mm, 95.5536 mm): Via [GND] on Top Layer - Bottom Layer
[via_diameter]: Via diameter (board setup constraints min diameter 0.5000 mm; actual 0.3000 mm)
    Rule: netclass 'Default'; error
    @(159.4761 mm, 105.8037 mm): Blind via [GND] on Top Layer - L2-GND
[via_diameter]: Via diameter (board setup constraints min diameter 0.5000 mm; actual 0.3500 mm)
    Rule: netclass 'Default'; error
    @(159.3261 mm, 111.2536 mm): Via [GND] on Top Layer - Bottom Layer
[via_diameter]: Via diameter (board setup constraints min diameter 0.5000 mm; actual 0.3500 mm)
    Rule: netclass 'Default'; error
    @(154.9761 mm, 102.3036 mm): Via [GND] on Top Layer - Bottom Layer
[via_diameter]: Via diameter (board setup constraints min diameter 0.5000 mm; actual 0.3500 mm)
    Rule: netclass 'Default'; error
    @(157.4761 mm, 102.8037 mm): Via [GND] on Top Layer - Bottom Layer
[via_diameter]: Via diameter (board setup constraints min diameter 0.5000 mm; actual 0.3500 mm)
    Rule: netclass 'Default'; error
    @(145.9761 mm, 116.1286 mm): Via [GND] on Top Layer - Bottom Layer
[via_diameter]: Via diameter (board setup constraints min diameter 0.5000 mm; actual 0.3500 mm)
    Rule: netclass 'Default'; error
    @(118.2801 mm, 107.9536 mm): Via [GND] on Top Layer - Bottom Layer
[via_diameter]: Via diameter (board setup constraints min diameter 0.5000 mm; actual 0.3500 mm)
    Rule: netclass 'Default'; error
    @(124.6261 mm, 102.1621 mm): Via [GND] on Top Layer - Bottom Layer
[via_diameter]: Via diameter (board setup constraints min diameter 0.5000 mm; actual 0.3500 mm)
    Rule: netclass 'Default'; error
    @(158.9762 mm, 103.8037 mm): Via [GND] on Top Layer - Bottom Layer
[via_diameter]: Via diameter (board setup constraints min diameter 0.5000 mm; actual 0.3500 mm)
    Rule: netclass 'Default'; error
    @(159.4761 mm, 103.8037 mm): Via [GND] on Top Layer - Bottom Layer
[via_diameter]: Via diameter (board setup constraints min diameter 0.5000 mm; actual 0.3500 mm)
    Rule: netclass 'Default'; error
    @(123.7261 mm, 113.1536 mm): Via [GND] on Top Layer - Bottom Layer
[via_diameter]: Via diameter (board setup constraints min diameter 0.5000 mm; actual 0.3500 mm)
    Rule: netclass 'Default'; error
    @(167.8761 mm, 112.9036 mm): Via [GND] on Top Layer - Bottom Layer
[via_diameter]: Via diameter (board setup constraints min diameter 0.5000 mm; actual 0.3500 mm)
    Rule: netclass 'Default'; error
    @(130.6761 mm, 113.8036 mm): Via [GND] on Top Layer - Bottom Layer
[via_diameter]: Via diameter (board setup constraints min diameter 0.5000 mm; actual 0.3500 mm)
    Rule: netclass 'Default'; error
    @(158.7261 mm, 97.4536 mm): Via [GND] on Top Layer - Bottom Layer
[via_diameter]: Via diameter (board setup constraints min diameter 0.5000 mm; actual 0.3500 mm)
    Rule: netclass 'Default'; error
    @(122.4961 mm, 114.6036 mm): Via [GND] on Top Layer - Bottom Layer
[via_diameter]: Via diameter (board setup constraints min diameter 0.5000 mm; actual 0.3500 mm)
    Rule: netclass 'Default'; error
    @(167.4261 mm, 99.3036 mm): Via [GND] on Top Layer - Bottom Layer
[via_diameter]: Via diameter (board setup constraints min diameter 0.5000 mm; actual 0.3500 mm)
    Rule: netclass 'Default'; error
    @(119.7261 mm, 99.9536 mm): Via [GND] on Top Layer - Bottom Layer
[via_diameter]: Via diameter (board setup constraints min diameter 0.5000 mm; actual 0.3500 mm)
    Rule: netclass 'Default'; error
    @(168.0261 mm, 97.4036 mm): Via [GND] on Top Layer - Bottom Layer
[via_diameter]: Via diameter (board setup constraints min diameter 0.5000 mm; actual 0.3500 mm)
    Rule: netclass 'Default'; error
    @(140.6011 mm, 105.5786 mm): Via [GND] on Top Layer - Bottom Layer
[via_diameter]: Via diameter (board setup constraints min diameter 0.5000 mm; actual 0.3500 mm)
    Rule: netclass 'Default'; error
    @(171.2261 mm, 107.1036 mm): Via [GND] on Top Layer - Bottom Layer
[via_diameter]: Via diameter (board setup constraints min diameter 0.5000 mm; actual 0.3500 mm)
    Rule: netclass 'Default'; error
    @(160.9762 mm, 107.8037 mm): Via [GND] on Top Layer - Bottom Layer
[via_diameter]: Via diameter (board setup constraints min diameter 0.5000 mm; actual 0.3500 mm)
    Rule: netclass 'Default'; error
    @(119.0301 mm, 111.9251 mm): Via [GND] on Top Layer - Bottom Layer
[via_diameter]: Via diameter (board setup constraints min diameter 0.5000 mm; actual 0.3500 mm)
    Rule: netclass 'Default'; error
    @(155.0761 mm, 97.8536 mm): Via [GND] on Top Layer - Bottom Layer
[via_diameter]: Via diameter (board setup constraints min diameter 0.5000 mm; actual 0.3500 mm)
    Rule: netclass 'Default'; error
    @(126.5511 mm, 110.6036 mm): Via [GND] on Top Layer - Bottom Layer
[via_diameter]: Via diameter (board setup constraints min diameter 0.5000 mm; actual 0.3500 mm)
    Rule: netclass 'Default'; error
    @(151.3511 mm, 99.2286 mm): Via [GND] on Top Layer - Bottom Layer
[via_diameter]: Via diameter (board setup constraints min diameter 0.5000 mm; actual 0.3500 mm)
    Rule: netclass 'Default'; error
    @(172.0261 mm, 110.0536 mm): Via [GND] on Top Layer - Bottom Layer
[via_diameter]: Via diameter (board setup constraints min diameter 0.5000 mm; actual 0.3500 mm)
    Rule: netclass 'Default'; error
    @(134.2761 mm, 113.8536 mm): Via [GND] on Top Layer - Bottom Layer
[via_diameter]: Via diameter (board setup constraints min diameter 0.5000 mm; actual 0.3500 mm)
    Rule: netclass 'Default'; error
    @(136.8261 mm, 107.1286 mm): Via [GND] on Top Layer - Bottom Layer
[via_diameter]: Via diameter (board setup constraints min diameter 0.5000 mm; actual 0.3500 mm)
    Rule: netclass 'Default'; error
    @(123.3761 mm, 108.0036 mm): Via [GND] on Top Layer - Bottom Layer
[via_diameter]: Via diameter (board setup constraints min diameter 0.5000 mm; actual 0.3000 mm)
    Rule: netclass 'Default'; error
    @(160.4761 mm, 103.8037 mm): Blind via [GND] on Top Layer - L2-GND
[via_diameter]: Via diameter (board setup constraints min diameter 0.5000 mm; actual 0.3500 mm)
    Rule: netclass 'Default'; error
    @(156.7561 mm, 94.1036 mm): Via [GND] on Top Layer - Bottom Layer
[via_diameter]: Via diameter (board setup constraints min diameter 0.5000 mm; actual 0.3500 mm)
    Rule: netclass 'Default'; error
    @(164.9761 mm, 103.8037 mm): Via [GND] on Top Layer - Bottom Layer
[via_diameter]: Via diameter (board setup constraints min diameter 0.5000 mm; actual 0.3500 mm)
    Rule: netclass 'Default'; error
    @(123.3761 mm, 115.1236 mm): Via [GND] on Top Layer - Bottom Layer
[via_diameter]: Via diameter (board setup constraints min diameter 0.5000 mm; actual 0.3500 mm)
    Rule: netclass 'Default'; error
    @(163.8261 mm, 112.7286 mm): Via [GND] on Top Layer - Bottom Layer
[via_diameter]: Via diameter (board setup constraints min diameter 0.5000 mm; actual 0.3500 mm)
    Rule: netclass 'Default'; error
    @(171.2261 mm, 103.5546 mm): Via [GND] on Top Layer - Bottom Layer
[via_diameter]: Via diameter (board setup constraints min diameter 0.5000 mm; actual 0.3000 mm)
    Rule: netclass 'Default'; error
    @(161.9762 mm, 107.8037 mm): Blind via [GND] on Top Layer - L2-GND
[via_diameter]: Via diameter (board setup constraints min diameter 0.5000 mm; actual 0.3500 mm)
    Rule: netclass 'Default'; error
    @(118.2801 mm, 108.8336 mm): Via [GND] on Top Layer - Bottom Layer
[via_diameter]: Via diameter (board setup constraints min diameter 0.5000 mm; actual 0.3000 mm)
    Rule: netclass 'Default'; error
    @(164.2262 mm, 111.3536 mm): Blind via [GND] on Top Layer - L2-GND
[via_diameter]: Via diameter (board setup constraints min diameter 0.5000 mm; actual 0.3500 mm)
    Rule: netclass 'Default'; error
    @(158.5511 mm, 99.4036 mm): Via [GND] on Top Layer - Bottom Layer
[via_diameter]: Via diameter (board setup constraints min diameter 0.5000 mm; actual 0.3500 mm)
    Rule: netclass 'Default'; error
    @(157.9762 mm, 104.8037 mm): Via [GND] on Top Layer - Bottom Layer
[via_diameter]: Via diameter (board setup constraints min diameter 0.5000 mm; actual 0.3500 mm)
    Rule: netclass 'Default'; error
    @(146.0511 mm, 108.6786 mm): Via [GND] on Top Layer - Bottom Layer
[via_diameter]: Via diameter (board setup constraints min diameter 0.5000 mm; actual 0.3500 mm)
    Rule: netclass 'Default'; error
    @(163.4261 mm, 99.8536 mm): Via [GND] on Top Layer - Bottom Layer
[via_diameter]: Via diameter (board setup constraints min diameter 0.5000 mm; actual 0.3500 mm)
    Rule: netclass 'Default'; error
    @(140.7911 mm, 95.8036 mm): Via [GND] on Top Layer - Bottom Layer
[via_diameter]: Via diameter (board setup constraints min diameter 0.5000 mm; actual 0.3500 mm)
    Rule: netclass 'Default'; error
    @(157.9762 mm, 108.8037 mm): Via [GND] on Top Layer - Bottom Layer
[via_diameter]: Via diameter (board setup constraints min diameter 0.5000 mm; actual 0.3000 mm)
    Rule: netclass 'Default'; error
    @(160.4761 mm, 105.8037 mm): Blind via [GND] on Top Layer - L2-GND
[via_diameter]: Via diameter (board setup constraints min diameter 0.5000 mm; actual 0.3500 mm)
    Rule: netclass 'Default'; error
    @(164.9261 mm, 98.2286 mm): Via [GND] on Top Layer - Bottom Layer
[via_diameter]: Via diameter (board setup constraints min diameter 0.5000 mm; actual 0.3500 mm)
    Rule: netclass 'Default'; error
    @(154.9761 mm, 103.3036 mm): Via [GND] on Top Layer - Bottom Layer
[via_diameter]: Via diameter (board setup constraints min diameter 0.5000 mm; actual 0.3500 mm)
    Rule: netclass 'Default'; error
    @(119.1111 mm, 113.8036 mm): Via [GND] on Top Layer - Bottom Layer
[via_diameter]: Via diameter (board setup constraints min diameter 0.5000 mm; actual 0.3500 mm)
    Rule: netclass 'Default'; error
    @(126.1761 mm, 104.4136 mm): Via [GND] on Top Layer - Bottom Layer
[via_diameter]: Via diameter (board setup constraints min diameter 0.5000 mm; actual 0.3500 mm)
    Rule: netclass 'Default'; error
    @(154.9761 mm, 101.8037 mm): Via [GND] on Top Layer - Bottom Layer
[via_diameter]: Via diameter (board setup constraints min diameter 0.5000 mm; actual 0.3500 mm)
    Rule: netclass 'Default'; error
    @(154.9761 mm, 110.8036 mm): Via [GND] on Top Layer - Bottom Layer
[via_diameter]: Via diameter (board setup constraints min diameter 0.5000 mm; actual 0.3500 mm)
    Rule: netclass 'Default'; error
    @(140.5511 mm, 108.7036 mm): Via [GND] on Top Layer - Bottom Layer
[via_diameter]: Via diameter (board setup constraints min diameter 0.5000 mm; actual 0.3500 mm)
    Rule: netclass 'Default'; error
    @(120.0012 mm, 110.4786 mm): Via [GND] on Top Layer - Bottom Layer
[via_diameter]: Via diameter (board setup constraints min diameter 0.5000 mm; actual 0.3500 mm)
    Rule: netclass 'Default'; error
    @(123.0761 mm, 110.3536 mm): Via [GND] on Top Layer - Bottom Layer
[via_diameter]: Via diameter (board setup constraints min diameter 0.5000 mm; actual 0.3500 mm)
    Rule: netclass 'Default'; error
    @(157.9762 mm, 107.3036 mm): Via [GND] on Top Layer - Bottom Layer
[via_diameter]: Via diameter (board setup constraints min diameter 0.5000 mm; actual 0.3500 mm)
    Rule: netclass 'Default'; error
    @(148.0511 mm, 108.7036 mm): Via [GND] on Top Layer - Bottom Layer
[via_diameter]: Via diameter (board setup constraints min diameter 0.5000 mm; actual 0.3500 mm)
    Rule: netclass 'Default'; error
    @(128.2426 mm, 114.5566 mm): Via [GND] on Top Layer - Bottom Layer
[via_diameter]: Via diameter (board setup constraints min diameter 0.5000 mm; actual 0.3500 mm)
    Rule: netclass 'Default'; error
    @(159.2961 mm, 94.1036 mm): Via [GND] on Top Layer - Bottom Layer
[via_diameter]: Via diameter (board setup constraints min diameter 0.5000 mm; actual 0.3500 mm)
    Rule: netclass 'Default'; error
    @(115.3261 mm, 95.4536 mm): Via [GND] on Top Layer - Bottom Layer
[via_diameter]: Via diameter (board setup constraints min diameter 0.5000 mm; actual 0.3500 mm)
    Rule: netclass 'Default'; error
    @(127.6011 mm, 100.6436 mm): Via [GND] on Top Layer - Bottom Layer
[via_diameter]: Via diameter (board setup constraints min diameter 0.5000 mm; actual 0.3500 mm)
    Rule: netclass 'Default'; error
    @(171.2261 mm, 106.6536 mm): Via [GND] on Top Layer - Bottom Layer
[via_diameter]: Via diameter (board setup constraints min diameter 0.5000 mm; actual 0.3000 mm)
    Rule: netclass 'Default'; error
    @(165.4761 mm, 108.8037 mm): Blind via [GND] on Top Layer - L2-GND
[via_diameter]: Via diameter (board setup constraints min diameter 0.5000 mm; actual 0.3500 mm)
    Rule: netclass 'Default'; error
    @(171.2261 mm, 103.1036 mm): Via [GND] on Top Layer - Bottom Layer
[via_diameter]: Via diameter (board setup constraints min diameter 0.5000 mm; actual 0.3000 mm)
    Rule: netclass 'Default'; error
    @(165.4761 mm, 111.3036 mm): Blind via [GND] on Top Layer - L2-GND
[via_diameter]: Via diameter (board setup constraints min diameter 0.5000 mm; actual 0.3500 mm)
    Rule: netclass 'Default'; error
    @(156.9762 mm, 103.3036 mm): Via [GND] on Top Layer - Bottom Layer
[via_diameter]: Via diameter (board setup constraints min diameter 0.5000 mm; actual 0.3500 mm)
    Rule: netclass 'Default'; error
    @(138.9761 mm, 116.5036 mm): Via [GND] on Top Layer - Bottom Layer
[via_diameter]: Via diameter (board setup constraints min diameter 0.5000 mm; actual 0.3500 mm)
    Rule: netclass 'Default'; error
    @(170.1761 mm, 99.3036 mm): Via [GND] on Top Layer - Bottom Layer
[via_diameter]: Via diameter (board setup constraints min diameter 0.5000 mm; actual 0.3500 mm)
    Rule: netclass 'Default'; error
    @(143.1011 mm, 97.3036 mm): Via [GND] on Top Layer - Bottom Layer
[via_diameter]: Via diameter (board setup constraints min diameter 0.5000 mm; actual 0.3500 mm)
    Rule: netclass 'Default'; error
    @(136.6761 mm, 115.4536 mm): Via [GND] on Top Layer - Bottom Layer
[via_diameter]: Via diameter (board setup constraints min diameter 0.5000 mm; actual 0.3500 mm)
    Rule: netclass 'Default'; error
    @(164.9761 mm, 106.3036 mm): Via [GND] on Top Layer - Bottom Layer
[via_diameter]: Via diameter (board setup constraints min diameter 0.5000 mm; actual 0.3500 mm)
    Rule: netclass 'Default'; error
    @(146.1261 mm, 115.4536 mm): Via [GND] on Top Layer - Bottom Layer
[via_diameter]: Via diameter (board setup constraints min diameter 0.5000 mm; actual 0.3500 mm)
    Rule: netclass 'Default'; error
    @(169.0261 mm, 94.7036 mm): Via [GND] on Top Layer - Bottom Layer
[via_diameter]: Via diameter (board setup constraints min diameter 0.5000 mm; actual 0.3500 mm)
    Rule: netclass 'Default'; error
    @(128.9011 mm, 107.5286 mm): Via [GND] on Top Layer - Bottom Layer
[via_diameter]: Via diameter (board setup constraints min diameter 0.5000 mm; actual 0.3500 mm)
    Rule: netclass 'Default'; error
    @(160.7761 mm, 99.4036 mm): Via [GND] on Top Layer - Bottom Layer
[via_diameter]: Via diameter (board setup constraints min diameter 0.5000 mm; actual 0.3500 mm)
    Rule: netclass 'Default'; error
    @(162.6261 mm, 111.1036 mm): Via [GND] on Top Layer - Bottom Layer
[via_diameter]: Via diameter (board setup constraints min diameter 0.5000 mm; actual 0.3500 mm)
    Rule: netclass 'Default'; error
    @(122.4961 mm, 113.9536 mm): Via [GND] on Top Layer - Bottom Layer
[via_diameter]: Via diameter (board setup constraints min diameter 0.5000 mm; actual 0.3500 mm)
    Rule: netclass 'Default'; error
    @(152.9261 mm, 99.2786 mm): Via [GND] on Top Layer - Bottom Layer
[via_diameter]: Via diameter (board setup constraints min diameter 0.5000 mm; actual 0.3500 mm)
    Rule: netclass 'Default'; error
    @(160.1511 mm, 114.4786 mm): Via [GND] on Top Layer - Bottom Layer
[via_diameter]: Via diameter (board setup constraints min diameter 0.5000 mm; actual 0.3500 mm)
    Rule: netclass 'Default'; error
    @(171.1261 mm, 97.4036 mm): Via [GND] on Top Layer - Bottom Layer
[via_diameter]: Via diameter (board setup constraints min diameter 0.5000 mm; actual 0.3500 mm)
    Rule: netclass 'Default'; error
    @(160.9762 mm, 111.4536 mm): Via [GND] on Top Layer - Bottom Layer
[via_diameter]: Via diameter (board setup constraints min diameter 0.5000 mm; actual 0.3000 mm)
    Rule: netclass 'Default'; error
    @(164.9761 mm, 102.3036 mm): Blind via [GND] on Top Layer - L2-GND
[via_diameter]: Via diameter (board setup constraints min diameter 0.5000 mm; actual 0.3500 mm)
    Rule: netclass 'Default'; error
    @(161.8361 mm, 94.1036 mm): Via [GND] on Top Layer - Bottom Layer
[via_diameter]: Via diameter (board setup constraints min diameter 0.5000 mm; actual 0.3500 mm)
    Rule: netclass 'Default'; error
    @(154.4761 mm, 104.3036 mm): Via [GND] on Top Layer - Bottom Layer
[via_diameter]: Via diameter (board setup constraints min diameter 0.5000 mm; actual 0.3500 mm)
    Rule: netclass 'Default'; error
    @(126.1761 mm, 104.8536 mm): Via [GND] on Top Layer - Bottom Layer
[via_diameter]: Via diameter (board setup constraints min diameter 0.5000 mm; actual 0.3500 mm)
    Rule: netclass 'Default'; error
    @(157.9762 mm, 102.8037 mm): Via [GND] on Top Layer - Bottom Layer
[via_diameter]: Via diameter (board setup constraints min diameter 0.5000 mm; actual 0.3500 mm)
    Rule: netclass 'Default'; error
    @(141.7161 mm, 101.0436 mm): Via [GND] on Top Layer - Bottom Layer
[via_diameter]: Via diameter (board setup constraints min diameter 0.5000 mm; actual 0.3000 mm)
    Rule: netclass 'Default'; error
    @(140.3761 mm, 102.5536 mm): Blind via [GND] on Top Layer - L2-GND
[via_diameter]: Via diameter (board setup constraints min diameter 0.5000 mm; actual 0.3500 mm)
    Rule: netclass 'Default'; error
    @(165.4761 mm, 109.6036 mm): Via [GND] on Top Layer - Bottom Layer
[via_diameter]: Via diameter (board setup constraints min diameter 0.5000 mm; actual 0.3500 mm)
    Rule: netclass 'Default'; error
    @(156.7511 mm, 99.5786 mm): Via [GND] on Top Layer - Bottom Layer
[via_diameter]: Via diameter (board setup constraints min diameter 0.5000 mm; actual 0.3000 mm)
    Rule: netclass 'Default'; error
    @(159.4761 mm, 108.8037 mm): Blind via [GND] on Top Layer - L2-GND
[via_diameter]: Via diameter (board setup constraints min diameter 0.5000 mm; actual 0.3000 mm)
    Rule: netclass 'Default'; error
    @(161.9762 mm, 107.3036 mm): Blind via [GND] on Top Layer - L2-GND
[via_diameter]: Via diameter (board setup constraints min diameter 0.5000 mm; actual 0.3000 mm)
    Rule: netclass 'Default'; error
    @(161.4761 mm, 107.8037 mm): Blind via [GND] on Top Layer - L2-GND
[via_diameter]: Via diameter (board setup constraints min diameter 0.5000 mm; actual 0.3500 mm)
    Rule: netclass 'Default'; error
    @(157.9762 mm, 104.3036 mm): Via [GND] on Top Layer - Bottom Layer
[via_diameter]: Via diameter (board setup constraints min diameter 0.5000 mm; actual 0.3500 mm)
    Rule: netclass 'Default'; error
    @(129.3926 mm, 113.3551 mm): Via [GND] on Top Layer - Bottom Layer
[via_diameter]: Via diameter (board setup constraints min diameter 0.5000 mm; actual 0.3500 mm)
    Rule: netclass 'Default'; error
    @(147.8761 mm, 115.7036 mm): Via [GND] on Top Layer - Bottom Layer
[via_diameter]: Via diameter (board setup constraints min diameter 0.5000 mm; actual 0.3500 mm)
    Rule: netclass 'Default'; error
    @(119.5441 mm, 102.2016 mm): Via [GND] on Top Layer - Bottom Layer
[via_diameter]: Via diameter (board setup constraints min diameter 0.5000 mm; actual 0.3500 mm)
    Rule: netclass 'Default'; error
    @(130.6791 mm, 110.9521 mm): Via [GND] on Top Layer - Bottom Layer
[via_diameter]: Via diameter (board setup constraints min diameter 0.5000 mm; actual 0.3500 mm)
    Rule: netclass 'Default'; error
    @(145.9261 mm, 101.1286 mm): Via [GND] on Top Layer - Bottom Layer
[via_diameter]: Via diameter (board setup constraints min diameter 0.5000 mm; actual 0.3500 mm)
    Rule: netclass 'Default'; error
    @(161.8261 mm, 97.4036 mm): Via [GND] on Top Layer - Bottom Layer
[via_diameter]: Via diameter (board setup constraints min diameter 0.5000 mm; actual 0.3500 mm)
    Rule: netclass 'Default'; error
    @(137.1761 mm, 109.7536 mm): Via [GND] on Top Layer - Bottom Layer
[via_diameter]: Via diameter (board setup constraints min diameter 0.5000 mm; actual 0.3500 mm)
    Rule: netclass 'Default'; error
    @(139.8761 mm, 97.0286 mm): Via [GND] on Top Layer - Bottom Layer
[via_diameter]: Via diameter (board setup constraints min diameter 0.5000 mm; actual 0.3500 mm)
    Rule: netclass 'Default'; error
    @(162.4761 mm, 103.8037 mm): Via [GND] on Top Layer - Bottom Layer
[via_diameter]: Via diameter (board setup constraints min diameter 0.5000 mm; actual 0.3500 mm)
    Rule: netclass 'Default'; error
    @(173.6761 mm, 103.5336 mm): Via [GND] on Top Layer - Bottom Layer
[via_diameter]: Via diameter (board setup constraints min diameter 0.5000 mm; actual 0.3500 mm)
    Rule: netclass 'Default'; error
    @(135.1761 mm, 115.3876 mm): Via [GND] on Top Layer - Bottom Layer
[via_diameter]: Via diameter (board setup constraints min diameter 0.5000 mm; actual 0.3500 mm)
    Rule: netclass 'Default'; error
    @(154.9761 mm, 101.3036 mm): Via [GND] on Top Layer - Bottom Layer
[via_diameter]: Via diameter (board setup constraints min diameter 0.5000 mm; actual 0.3500 mm)
    Rule: netclass 'Default'; error
    @(161.9762 mm, 106.3036 mm): Via [GND] on Top Layer - Bottom Layer
[via_diameter]: Via diameter (board setup constraints min diameter 0.5000 mm; actual 0.3500 mm)
    Rule: netclass 'Default'; error
    @(142.0961 mm, 115.2736 mm): Via [GND] on Top Layer - Bottom Layer
[via_diameter]: Via diameter (board setup constraints min diameter 0.5000 mm; actual 0.3500 mm)
    Rule: netclass 'Default'; error
    @(117.4826 mm, 103.7516 mm): Via [GND] on Top Layer - Bottom Layer
[via_diameter]: Via diameter (board setup constraints min diameter 0.5000 mm; actual 0.3500 mm)
    Rule: netclass 'Default'; error
    @(150.7261 mm, 113.7036 mm): Via [GND] on Top Layer - Bottom Layer
[via_diameter]: Via diameter (board setup constraints min diameter 0.5000 mm; actual 0.3500 mm)
    Rule: netclass 'Default'; error
    @(157.9762 mm, 103.8037 mm): Via [GND] on Top Layer - Bottom Layer
[via_diameter]: Via diameter (board setup constraints min diameter 0.5000 mm; actual 0.3500 mm)
    Rule: netclass 'Default'; error
    @(168.3761 mm, 99.3036 mm): Via [GND] on Top Layer - Bottom Layer
[via_diameter]: Via diameter (board setup constraints min diameter 0.5000 mm; actual 0.3000 mm)
    Rule: netclass 'Default'; error
    @(140.3761 mm, 102.5536 mm): Buried via [GND] on L2-GND - L3-SIG
[via_diameter]: Via diameter (board setup constraints min diameter 0.5000 mm; actual 0.3000 mm)
    Rule: netclass 'Default'; error
    @(157.6261 mm, 115.4836 mm): Buried via [GND] on L4-SIG - L5-VCC3V3
[via_diameter]: Via diameter (board setup constraints min diameter 0.5000 mm; actual 0.3000 mm)
    Rule: netclass 'Default'; error
    @(157.6261 mm, 115.4836 mm): Blind via [GND] on L5-VCC3V3 - Bottom Layer
[via_diameter]: Via diameter (board setup constraints min diameter 0.5000 mm; actual 0.3000 mm)
    Rule: netclass 'Default'; error
    @(142.5761 mm, 105.8536 mm): Blind via [N$LD0B] on Top Layer - L2-GND
[via_diameter]: Via diameter (board setup constraints min diameter 0.5000 mm; actual 0.3000 mm)
    Rule: netclass 'Default'; error
    @(142.8761 mm, 102.1036 mm): Blind via [N$LD0B] on Top Layer - L2-GND
[via_diameter]: Via diameter (board setup constraints min diameter 0.5000 mm; actual 0.3000 mm)
    Rule: netclass 'Default'; error
    @(136.9761 mm, 107.5536 mm): Blind via [N$LD0B] on Top Layer - L2-GND
[via_diameter]: Via diameter (board setup constraints min diameter 0.5000 mm; actual 0.3000 mm)
    Rule: netclass 'Default'; error
    @(142.5761 mm, 105.8536 mm): Buried via [N$LD0B] on L2-GND - L3-SIG
[via_diameter]: Via diameter (board setup constraints min diameter 0.5000 mm; actual 0.3000 mm)
    Rule: netclass 'Default'; error
    @(136.9761 mm, 107.5536 mm): Buried via [N$LD0B] on L2-GND - L3-SIG
[via_diameter]: Via diameter (board setup constraints min diameter 0.5000 mm; actual 0.3000 mm)
    Rule: netclass 'Default'; error
    @(142.8761 mm, 102.1036 mm): Buried via [N$LD0B] on L2-GND - L3-SIG
[via_diameter]: Via diameter (board setup constraints min diameter 0.5000 mm; actual 0.2700 mm)
    Rule: netclass 'Default'; error
    @(142.8761 mm, 102.1036 mm): Buried via [N$LD0B] on L3-SIG - L4-SIG
[via_diameter]: Via diameter (board setup constraints min diameter 0.5000 mm; actual 0.3000 mm)
    Rule: netclass 'Default'; error
    @(142.8761 mm, 102.1036 mm): Buried via [N$LD0B] on L4-SIG - L5-VCC3V3
[via_diameter]: Via diameter (board setup constraints min diameter 0.5000 mm; actual 0.3000 mm)
    Rule: netclass 'Default'; error
    @(142.8761 mm, 102.1036 mm): Blind via [N$LD0B] on L5-VCC3V3 - Bottom Layer
[via_diameter]: Via diameter (board setup constraints min diameter 0.5000 mm; actual 0.3000 mm)
    Rule: netclass 'Default'; error
    @(149.4761 mm, 110.2036 mm): Blind via [LED0_B] on Top Layer - L2-GND
[via_diameter]: Via diameter (board setup constraints min diameter 0.5000 mm; actual 0.3000 mm)
    Rule: netclass 'Default'; error
    @(135.0761 mm, 107.1536 mm): Blind via [LED0_B] on Top Layer - L2-GND
[via_diameter]: Via diameter (board setup constraints min diameter 0.5000 mm; actual 0.3000 mm)
    Rule: netclass 'Default'; error
    @(152.4761 mm, 108.4036 mm): Blind via [LED0_B] on Top Layer - L2-GND
[via_diameter]: Via diameter (board setup constraints min diameter 0.5000 mm; actual 0.3000 mm)
    Rule: netclass 'Default'; error
    @(136.0261 mm, 109.4536 mm): Blind via [LED0_B] on Top Layer - L2-GND
[via_diameter]: Via diameter (board setup constraints min diameter 0.5000 mm; actual 0.3000 mm)
    Rule: netclass 'Default'; error
    @(158.9761 mm, 108.2536 mm): Blind via [LED0_B] on Top Layer - L2-GND
[via_diameter]: Via diameter (board setup constraints min diameter 0.5000 mm; actual 0.3000 mm)
    Rule: netclass 'Default'; error
    @(135.0261 mm, 108.4536 mm): Blind via [LED0_B] on Top Layer - L2-GND
[via_diameter]: Via diameter (board setup constraints min diameter 0.5000 mm; actual 0.3000 mm)
    Rule: netclass 'Default'; error
    @(136.0261 mm, 109.4536 mm): Buried via [LED0_B] on L2-GND - L3-SIG
[via_diameter]: Via diameter (board setup constraints min diameter 0.5000 mm; actual 0.3000 mm)
    Rule: netclass 'Default'; error
    @(149.4761 mm, 110.2036 mm): Buried via [LED0_B] on L2-GND - L3-SIG
[via_diameter]: Via diameter (board setup constraints min diameter 0.5000 mm; actual 0.3000 mm)
    Rule: netclass 'Default'; error
    @(135.0761 mm, 107.1536 mm): Buried via [LED0_B] on L2-GND - L3-SIG
[via_diameter]: Via diameter (board setup constraints min diameter 0.5000 mm; actual 0.3000 mm)
    Rule: netclass 'Default'; error
    @(135.0261 mm, 108.4536 mm): Buried via [LED0_B] on L2-GND - L3-SIG
[via_diameter]: Via diameter (board setup constraints min diameter 0.5000 mm; actual 0.3000 mm)
    Rule: netclass 'Default'; error
    @(158.9761 mm, 108.2536 mm): Buried via [LED0_B] on L2-GND - L3-SIG
[via_diameter]: Via diameter (board setup constraints min diameter 0.5000 mm; actual 0.3000 mm)
    Rule: netclass 'Default'; error
    @(152.4761 mm, 108.4036 mm): Buried via [LED0_B] on L2-GND - L3-SIG
[via_diameter]: Via diameter (board setup constraints min diameter 0.5000 mm; actual 0.2700 mm)
    Rule: netclass 'Default'; error
    @(155.5761 mm, 106.6036 mm): Buried via [LED0_B] on L3-SIG - L4-SIG
[via_diameter]: Via diameter (board setup constraints min diameter 0.5000 mm; actual 0.2700 mm)
    Rule: netclass 'Default'; error
    @(147.7261 mm, 110.7536 mm): Buried via [LED0_B] on L3-SIG - L4-SIG
[via_diameter]: Via diameter (board setup constraints min diameter 0.5000 mm; actual 0.2700 mm)
    Rule: netclass 'Default'; error
    @(156.5761 mm, 104.0536 mm): Buried via [LED0_B] on L3-SIG - L4-SIG
[via_diameter]: Via diameter (board setup constraints min diameter 0.5000 mm; actual 0.2700 mm)
    Rule: netclass 'Default'; error
    @(148.7761 mm, 110.6036 mm): Buried via [LED0_B] on L3-SIG - L4-SIG
[via_diameter]: Via diameter (board setup constraints min diameter 0.5000 mm; actual 0.2700 mm)
    Rule: netclass 'Default'; error
    @(140.4261 mm, 110.1536 mm): Buried via [LED0_B] on L3-SIG - L4-SIG
[via_diameter]: Via diameter (board setup constraints min diameter 0.5000 mm; actual 0.2700 mm)
    Rule: netclass 'Default'; error
    @(136.9761 mm, 110.1536 mm): Buried via [LED0_B] on L3-SIG - L4-SIG
[via_diameter]: Via diameter (board setup constraints min diameter 0.5000 mm; actual 0.2700 mm)
    Rule: netclass 'Default'; error
    @(145.3761 mm, 110.7536 mm): Buried via [LED0_B] on L3-SIG - L4-SIG
[via_diameter]: Via diameter (board setup constraints min diameter 0.5000 mm; actual 0.2700 mm)
    Rule: netclass 'Default'; error
    @(161.5761 mm, 105.1036 mm): Buried via [LED0_B] on L3-SIG - L4-SIG
[via_diameter]: Via diameter (board setup constraints min diameter 0.5000 mm; actual 0.2700 mm)
    Rule: netclass 'Default'; error
    @(156.1761 mm, 106.0036 mm): Buried via [LED0_B] on L3-SIG - L4-SIG
[via_diameter]: Via diameter (board setup constraints min diameter 0.5000 mm; actual 0.2700 mm)
    Rule: netclass 'Default'; error
    @(142.7761 mm, 110.5536 mm): Buried via [LED0_B] on L3-SIG - L4-SIG
[via_diameter]: Via diameter (board setup constraints min diameter 0.5000 mm; actual 0.3000 mm)
    Rule: netclass 'Default'; error
    @(143.6761 mm, 103.4036 mm): Blind via [N$LD0R] on Top Layer - L2-GND
[via_diameter]: Via diameter (board setup constraints min diameter 0.5000 mm; actual 0.3000 mm)
    Rule: netclass 'Default'; error
    @(136.2761 mm, 108.0036 mm): Blind via [N$LD0R] on Top Layer - L2-GND
[via_diameter]: Via diameter (board setup constraints min diameter 0.5000 mm; actual 0.3000 mm)
    Rule: netclass 'Default'; error
    @(143.6761 mm, 102.4036 mm): Blind via [N$LD0R] on Top Layer - L2-GND
[via_diameter]: Via diameter (board setup constraints min diameter 0.5000 mm; actual 0.3000 mm)
    Rule: netclass 'Default'; error
    @(136.2761 mm, 108.0036 mm): Buried via [N$LD0R] on L2-GND - L3-SIG
[via_diameter]: Via diameter (board setup constraints min diameter 0.5000 mm; actual 0.3000 mm)
    Rule: netclass 'Default'; error
    @(143.6761 mm, 102.4036 mm): Buried via [N$LD0R] on L2-GND - L3-SIG
[via_diameter]: Via diameter (board setup constraints min diameter 0.5000 mm; actual 0.3000 mm)
    Rule: netclass 'Default'; error
    @(143.6761 mm, 103.4036 mm): Buried via [N$LD0R] on L2-GND - L3-SIG
[via_diameter]: Via diameter (board setup constraints min diameter 0.5000 mm; actual 0.2700 mm)
    Rule: netclass 'Default'; error
    @(143.6761 mm, 103.4036 mm): Buried via [N$LD0R] on L3-SIG - L4-SIG
[via_diameter]: Via diameter (board setup constraints min diameter 0.5000 mm; actual 0.2700 mm)
    Rule: netclass 'Default'; error
    @(143.6761 mm, 102.4036 mm): Buried via [N$LD0R] on L3-SIG - L4-SIG
[via_diameter]: Via diameter (board setup constraints min diameter 0.5000 mm; actual 0.2700 mm)
    Rule: netclass 'Default'; error
    @(136.2761 mm, 108.0036 mm): Buried via [N$LD0R] on L3-SIG - L4-SIG
[via_diameter]: Via diameter (board setup constraints min diameter 0.5000 mm; actual 0.3000 mm)
    Rule: netclass 'Default'; error
    @(142.7761 mm, 104.3036 mm): Buried via [N$LD0R] on L4-SIG - L5-VCC3V3
[via_diameter]: Via diameter (board setup constraints min diameter 0.5000 mm; actual 0.3000 mm)
    Rule: netclass 'Default'; error
    @(139.4761 mm, 105.3036 mm): Buried via [N$LD0R] on L4-SIG - L5-VCC3V3
[via_diameter]: Via diameter (board setup constraints min diameter 0.5000 mm; actual 0.3000 mm)
    Rule: netclass 'Default'; error
    @(145.3761 mm, 98.8036 mm): Buried via [N$LD0R] on L4-SIG - L5-VCC3V3
[via_diameter]: Via diameter (board setup constraints min diameter 0.5000 mm; actual 0.3000 mm)
    Rule: netclass 'Default'; error
    @(142.7761 mm, 104.3036 mm): Blind via [N$LD0R] on L5-VCC3V3 - Bottom Layer
[via_diameter]: Via diameter (board setup constraints min diameter 0.5000 mm; actual 0.3000 mm)
    Rule: netclass 'Default'; error
    @(145.3761 mm, 98.8036 mm): Blind via [N$LD0R] on L5-VCC3V3 - Bottom Layer
[via_diameter]: Via diameter (board setup constraints min diameter 0.5000 mm; actual 0.3000 mm)
    Rule: netclass 'Default'; error
    @(139.4761 mm, 105.3036 mm): Blind via [N$LD0R] on L5-VCC3V3 - Bottom Layer
[via_diameter]: Via diameter (board setup constraints min diameter 0.5000 mm; actual 0.3000 mm)
    Rule: netclass 'Default'; error
    @(159.4761 mm, 94.9036 mm): Blind via [LED0_R] on Top Layer - L2-GND
[via_diameter]: Via diameter (board setup constraints min diameter 0.5000 mm; actual 0.3000 mm)
    Rule: netclass 'Default'; error
    @(173.9761 mm, 107.5036 mm): Blind via [LED0_R] on Top Layer - L2-GND
[via_diameter]: Via diameter (board setup constraints min diameter 0.5000 mm; actual 0.3000 mm)
    Rule: netclass 'Default'; error
    @(154.5761 mm, 94.0036 mm): Blind via [LED0_R] on Top Layer - L2-GND
[via_diameter]: Via diameter (board setup constraints min diameter 0.5000 mm; actual 0.3000 mm)
    Rule: netclass 'Default'; error
    @(171.9761 mm, 111.4036 mm): Blind via [LED0_R] on Top Layer - L2-GND
[via_diameter]: Via diameter (board setup constraints min diameter 0.5000 mm; actual 0.3000 mm)
    Rule: netclass 'Default'; error
    @(170.1761 mm, 97.8036 mm): Blind via [LED0_R] on Top Layer - L2-GND
[via_diameter]: Via diameter (board setup constraints min diameter 0.5000 mm; actual 0.3000 mm)
    Rule: netclass 'Default'; error
    @(135.3761 mm, 107.6036 mm): Blind via [LED0_R] on Top Layer - L2-GND
[via_diameter]: Via diameter (board setup constraints min diameter 0.5000 mm; actual 0.3000 mm)
    Rule: netclass 'Default'; error
    @(155.8761 mm, 95.1036 mm): Blind via [LED0_R] on Top Layer - L2-GND
[via_diameter]: Via diameter (board setup constraints min diameter 0.5000 mm; actual 0.3000 mm)
    Rule: netclass 'Default'; error
    @(168.5761 mm, 96.1036 mm): Blind via [LED0_R] on Top Layer - L2-GND
[via_diameter]: Via diameter (board setup constraints min diameter 0.5000 mm; actual 0.3000 mm)
    Rule: netclass 'Default'; error
    @(173.9761 mm, 104.6036 mm): Blind via [LED0_R] on Top Layer - L2-GND
[via_diameter]: Via diameter (board setup constraints min diameter 0.5000 mm; actual 0.3000 mm)
    Rule: netclass 'Default'; error
    @(173.6761 mm, 108.9036 mm): Blind via [LED0_R] on Top Layer - L2-GND
[via_diameter]: Via diameter (board setup constraints min diameter 0.5000 mm; actual 0.3000 mm)
    Rule: netclass 'Default'; error
    @(151.8761 mm, 93.3036 mm): Blind via [LED0_R] on Top Layer - L2-GND
[via_diameter]: Via diameter (board setup constraints min diameter 0.5000 mm; actual 0.3000 mm)
    Rule: netclass 'Default'; error
    @(162.9761 mm, 107.7536 mm): Blind via [LED0_R] on Top Layer - L2-GND
[via_diameter]: Via diameter (board setup constraints min diameter 0.5000 mm; actual 0.3000 mm)
    Rule: netclass 'Default'; error
    @(171.2761 mm, 99.1036 mm): Blind via [LED0_R] on Top Layer - L2-GND
[via_dangling]: Via is not connected or connected on only one layer
    Local override; warning
    @(163.2262 mm, 110.6836 mm): Via [CHAN17] on Top Layer - Bottom Layer
[padstack]: Padstack is questionable (negative solder paste margin is larger than pad; no solder paste mask will be generated)
    Local override; warning
    @(144.0960 mm, 96.4451 mm): PTH pad MH1 [GND] of X1
[padstack]: Padstack is questionable (negative solder paste margin is larger than pad; no solder paste mask will be generated)
    Local override; warning
    @(144.0960 mm, 96.4451 mm): PTH pad MH1 [GND] of X1
[padstack]: Padstack is questionable (negative solder paste margin is larger than pad; no solder paste mask will be generated)
    Local override; warning
    @(144.0960 mm, 96.4451 mm): PTH pad MH1 [GND] of X1
[padstack]: Padstack is questionable (negative solder paste margin is larger than pad; no solder paste mask will be generated)
    Local override; warning
    @(149.0962 mm, 96.4451 mm): PTH pad MH2 [GND] of X1
[padstack]: Padstack is questionable (negative solder paste margin is larger than pad; no solder paste mask will be generated)
    Local override; warning
    @(149.0962 mm, 96.4451 mm): PTH pad MH2 [GND] of X1
[padstack]: Padstack is questionable (negative solder paste margin is larger than pad; no solder paste mask will be generated)
    Local override; warning
    @(149.0962 mm, 96.4451 mm): PTH pad MH2 [GND] of X1
[padstack]: Padstack is questionable (negative solder paste margin is larger than pad; no solder paste mask will be generated)
    Local override; warning
    @(175.3361 mm, 113.9836 mm): PTH pad 1 [TDI] of JP4
[padstack]: Padstack is questionable (negative solder paste margin is larger than pad; no solder paste mask will be generated)
    Local override; warning
    @(175.3361 mm, 113.9836 mm): PTH pad 1 [TDI] of JP4
[padstack]: Padstack is questionable (negative solder paste margin is larger than pad; no solder paste mask will be generated)
    Local override; warning
    @(175.3361 mm, 113.9836 mm): PTH pad 1 [TDI] of JP4
[padstack]: Padstack is questionable (negative solder paste margin is larger than pad; no solder paste mask will be generated)
    Local override; warning
    @(177.8761 mm, 113.9836 mm): PTH pad 2 [TDO] of JP4
[padstack]: Padstack is questionable (negative solder paste margin is larger than pad; no solder paste mask will be generated)
    Local override; warning
    @(177.8761 mm, 113.9836 mm): PTH pad 2 [TDO] of JP4
[padstack]: Padstack is questionable (negative solder paste margin is larger than pad; no solder paste mask will be generated)
    Local override; warning
    @(177.8761 mm, 113.9836 mm): PTH pad 2 [TDO] of JP4
[padstack]: Padstack is questionable (negative solder paste margin is larger than pad; no solder paste mask will be generated)
    Local override; warning
    @(180.4161 mm, 113.9836 mm): PTH pad 3 [VCC3V3] of JP4
[padstack]: Padstack is questionable (negative solder paste margin is larger than pad; no solder paste mask will be generated)
    Local override; warning
    @(180.4161 mm, 113.9836 mm): PTH pad 3 [VCC3V3] of JP4
[padstack]: Padstack is questionable (negative solder paste margin is larger than pad; no solder paste mask will be generated)
    Local override; warning
    @(180.4161 mm, 113.9836 mm): PTH pad 3 [VCC3V3] of JP4
[padstack]: Padstack is questionable (negative solder paste margin is larger than pad; no solder paste mask will be generated)
    Local override; warning
    @(178.7061 mm, 111.3536 mm): PTH pad 1 [PMOD-1] of J1
[padstack]: Padstack is questionable (negative solder paste margin is larger than pad; no solder paste mask will be generated)
    Local override; warning
    @(178.7061 mm, 111.3536 mm): PTH pad 1 [PMOD-1] of J1
[padstack]: Padstack is questionable (negative solder paste margin is larger than pad; no solder paste mask will be generated)
    Local override; warning
    @(178.7061 mm, 111.3536 mm): PTH pad 1 [PMOD-1] of J1
[padstack]: Padstack is questionable (negative solder paste margin is larger than pad; no solder paste mask will be generated)
    Local override; warning
    @(178.7061 mm, 108.8136 mm): PTH pad 2 [PMOD-2] of J1
[padstack]: Padstack is questionable (negative solder paste margin is larger than pad; no solder paste mask will be generated)
    Local override; warning
    @(178.7061 mm, 108.8136 mm): PTH pad 2 [PMOD-2] of J1
[padstack]: Padstack is questionable (negative solder paste margin is larger than pad; no solder paste mask will be generated)
    Local override; warning
    @(178.7061 mm, 108.8136 mm): PTH pad 2 [PMOD-2] of J1
[padstack]: Padstack is questionable (negative solder paste margin is larger than pad; no solder paste mask will be generated)
    Local override; warning
    @(178.7061 mm, 106.2736 mm): PTH pad 3 [PMOD-3] of J1
[padstack]: Padstack is questionable (negative solder paste margin is larger than pad; no solder paste mask will be generated)
    Local override; warning
    @(178.7061 mm, 106.2736 mm): PTH pad 3 [PMOD-3] of J1
[padstack]: Padstack is questionable (negative solder paste margin is larger than pad; no solder paste mask will be generated)
    Local override; warning
    @(178.7061 mm, 106.2736 mm): PTH pad 3 [PMOD-3] of J1
[padstack]: Padstack is questionable (negative solder paste margin is larger than pad; no solder paste mask will be generated)
    Local override; warning
    @(178.7061 mm, 103.7336 mm): PTH pad 4 [PMOD-4] of J1
[padstack]: Padstack is questionable (negative solder paste margin is larger than pad; no solder paste mask will be generated)
    Local override; warning
    @(178.7061 mm, 103.7336 mm): PTH pad 4 [PMOD-4] of J1
[padstack]: Padstack is questionable (negative solder paste margin is larger than pad; no solder paste mask will be generated)
    Local override; warning
    @(178.7061 mm, 103.7336 mm): PTH pad 4 [PMOD-4] of J1
[padstack]: Padstack is questionable (negative solder paste margin is larger than pad; no solder paste mask will be generated)
    Local override; warning
    @(178.7061 mm, 101.1936 mm): PTH pad 5 [GND] of J1
[padstack]: Padstack is questionable (negative solder paste margin is larger than pad; no solder paste mask will be generated)
    Local override; warning
    @(178.7061 mm, 101.1936 mm): PTH pad 5 [GND] of J1
[padstack]: Padstack is questionable (negative solder paste margin is larger than pad; no solder paste mask will be generated)
    Local override; warning
    @(178.7061 mm, 101.1936 mm): PTH pad 5 [GND] of J1
[padstack]: Padstack is questionable (negative solder paste margin is larger than pad; no solder paste mask will be generated)
    Local override; warning
    @(178.7061 mm, 98.6536 mm): PTH pad 6 [VCC3V3] of J1
[padstack]: Padstack is questionable (negative solder paste margin is larger than pad; no solder paste mask will be generated)
    Local override; warning
    @(178.7061 mm, 98.6536 mm): PTH pad 6 [VCC3V3] of J1
[padstack]: Padstack is questionable (negative solder paste margin is larger than pad; no solder paste mask will be generated)
    Local override; warning
    @(178.7061 mm, 98.6536 mm): PTH pad 6 [VCC3V3] of J1
[padstack]: Padstack is questionable (negative solder paste margin is larger than pad; no solder paste mask will be generated)
    Local override; warning
    @(181.2461 mm, 111.3536 mm): PTH pad 7 [PMOD-7] of J1
[padstack]: Padstack is questionable (negative solder paste margin is larger than pad; no solder paste mask will be generated)
    Local override; warning
    @(181.2461 mm, 111.3536 mm): PTH pad 7 [PMOD-7] of J1
[padstack]: Padstack is questionable (negative solder paste margin is larger than pad; no solder paste mask will be generated)
    Local override; warning
    @(181.2461 mm, 111.3536 mm): PTH pad 7 [PMOD-7] of J1
[padstack]: Padstack is questionable (negative solder paste margin is larger than pad; no solder paste mask will be generated)
    Local override; warning
    @(181.2461 mm, 108.8136 mm): PTH pad 8 [PMOD-8] of J1
[padstack]: Padstack is questionable (negative solder paste margin is larger than pad; no solder paste mask will be generated)
    Local override; warning
    @(181.2461 mm, 108.8136 mm): PTH pad 8 [PMOD-8] of J1
[padstack]: Padstack is questionable (negative solder paste margin is larger than pad; no solder paste mask will be generated)
    Local override; warning
    @(181.2461 mm, 108.8136 mm): PTH pad 8 [PMOD-8] of J1
[padstack]: Padstack is questionable (negative solder paste margin is larger than pad; no solder paste mask will be generated)
    Local override; warning
    @(181.2461 mm, 106.2736 mm): PTH pad 9 [PMOD-9] of J1
[padstack]: Padstack is questionable (negative solder paste margin is larger than pad; no solder paste mask will be generated)
    Local override; warning
    @(181.2461 mm, 106.2736 mm): PTH pad 9 [PMOD-9] of J1
[padstack]: Padstack is questionable (negative solder paste margin is larger than pad; no solder paste mask will be generated)
    Local override; warning
    @(181.2461 mm, 106.2736 mm): PTH pad 9 [PMOD-9] of J1
[padstack]: Padstack is questionable (negative solder paste margin is larger than pad; no solder paste mask will be generated)
    Local override; warning
    @(181.2461 mm, 103.7336 mm): PTH pad 10 [PMOD-10] of J1
[padstack]: Padstack is questionable (negative solder paste margin is larger than pad; no solder paste mask will be generated)
    Local override; warning
    @(181.2461 mm, 103.7336 mm): PTH pad 10 [PMOD-10] of J1
[padstack]: Padstack is questionable (negative solder paste margin is larger than pad; no solder paste mask will be generated)
    Local override; warning
    @(181.2461 mm, 103.7336 mm): PTH pad 10 [PMOD-10] of J1
[padstack]: Padstack is questionable (negative solder paste margin is larger than pad; no solder paste mask will be generated)
    Local override; warning
    @(181.2461 mm, 101.1936 mm): PTH pad 11 [GND] of J1
[padstack]: Padstack is questionable (negative solder paste margin is larger than pad; no solder paste mask will be generated)
    Local override; warning
    @(181.2461 mm, 101.1936 mm): PTH pad 11 [GND] of J1
[padstack]: Padstack is questionable (negative solder paste margin is larger than pad; no solder paste mask will be generated)
    Local override; warning
    @(181.2461 mm, 101.1936 mm): PTH pad 11 [GND] of J1
[padstack]: Padstack is questionable (negative solder paste margin is larger than pad; no solder paste mask will be generated)
    Local override; warning
    @(181.2461 mm, 98.6536 mm): PTH pad 12 [VCC3V3] of J1
[padstack]: Padstack is questionable (negative solder paste margin is larger than pad; no solder paste mask will be generated)
    Local override; warning
    @(181.2461 mm, 98.6536 mm): PTH pad 12 [VCC3V3] of J1
[padstack]: Padstack is questionable (negative solder paste margin is larger than pad; no solder paste mask will be generated)
    Local override; warning
    @(181.2461 mm, 98.6536 mm): PTH pad 12 [VCC3V3] of J1
[padstack]: Padstack is questionable (negative solder paste margin is larger than pad; no solder paste mask will be generated)
    Local override; warning
    @(175.3361 mm, 96.0236 mm): PTH pad 1 [TCK] of JP3
[padstack]: Padstack is questionable (negative solder paste margin is larger than pad; no solder paste mask will be generated)
    Local override; warning
    @(175.3361 mm, 96.0236 mm): PTH pad 1 [TCK] of JP3
[padstack]: Padstack is questionable (negative solder paste margin is larger than pad; no solder paste mask will be generated)
    Local override; warning
    @(175.3361 mm, 96.0236 mm): PTH pad 1 [TCK] of JP3
[padstack]: Padstack is questionable (negative solder paste margin is larger than pad; no solder paste mask will be generated)
    Local override; warning
    @(177.8761 mm, 96.0236 mm): PTH pad 2 [TMS] of JP3
[padstack]: Padstack is questionable (negative solder paste margin is larger than pad; no solder paste mask will be generated)
    Local override; warning
    @(177.8761 mm, 96.0236 mm): PTH pad 2 [TMS] of JP3
[padstack]: Padstack is questionable (negative solder paste margin is larger than pad; no solder paste mask will be generated)
    Local override; warning
    @(177.8761 mm, 96.0236 mm): PTH pad 2 [TMS] of JP3
[padstack]: Padstack is questionable (negative solder paste margin is larger than pad; no solder paste mask will be generated)
    Local override; warning
    @(180.4161 mm, 96.0236 mm): PTH pad 3 [GND] of JP3
[padstack]: Padstack is questionable (negative solder paste margin is larger than pad; no solder paste mask will be generated)
    Local override; warning
    @(180.4161 mm, 96.0236 mm): PTH pad 3 [GND] of JP3
[padstack]: Padstack is questionable (negative solder paste margin is larger than pad; no solder paste mask will be generated)
    Local override; warning
    @(180.4161 mm, 96.0236 mm): PTH pad 3 [GND] of JP3
[padstack]: Padstack is questionable (negative solder paste margin is larger than pad; no solder paste mask will be generated)
    Local override; warning
    @(173.2661 mm, 93.5736 mm): PTH pad 1 [GND] of X2
[padstack]: Padstack is questionable (negative solder paste margin is larger than pad; no solder paste mask will be generated)
    Local override; warning
    @(173.2661 mm, 93.5736 mm): PTH pad 1 [GND] of X2
[padstack]: Padstack is questionable (negative solder paste margin is larger than pad; no solder paste mask will be generated)
    Local override; warning
    @(173.2661 mm, 93.5736 mm): PTH pad 1 [GND] of X2
[padstack]: Padstack is questionable (negative solder paste margin is larger than pad; no solder paste mask will be generated)
    Local override; warning
    @(170.7261 mm, 93.5736 mm): PTH pad 2 [CHAN-CLK] of X2
[padstack]: Padstack is questionable (negative solder paste margin is larger than pad; no solder paste mask will be generated)
    Local override; warning
    @(170.7261 mm, 93.5736 mm): PTH pad 2 [CHAN-CLK] of X2
[padstack]: Padstack is questionable (negative solder paste margin is larger than pad; no solder paste mask will be generated)
    Local override; warning
    @(170.7261 mm, 93.5736 mm): PTH pad 2 [CHAN-CLK] of X2
[padstack]: Padstack is questionable (negative solder paste margin is larger than pad; no solder paste mask will be generated)
    Local override; warning
    @(168.1861 mm, 93.5736 mm): PTH pad 3 [CHAN0] of X2
[padstack]: Padstack is questionable (negative solder paste margin is larger than pad; no solder paste mask will be generated)
    Local override; warning
    @(168.1861 mm, 93.5736 mm): PTH pad 3 [CHAN0] of X2
[padstack]: Padstack is questionable (negative solder paste margin is larger than pad; no solder paste mask will be generated)
    Local override; warning
    @(168.1861 mm, 93.5736 mm): PTH pad 3 [CHAN0] of X2
[padstack]: Padstack is questionable (negative solder paste margin is larger than pad; no solder paste mask will be generated)
    Local override; warning
    @(165.6461 mm, 93.5736 mm): PTH pad 4 [CHAN1] of X2
[padstack]: Padstack is questionable (negative solder paste margin is larger than pad; no solder paste mask will be generated)
    Local override; warning
    @(165.6461 mm, 93.5736 mm): PTH pad 4 [CHAN1] of X2
[padstack]: Padstack is questionable (negative solder paste margin is larger than pad; no solder paste mask will be generated)
    Local override; warning
    @(165.6461 mm, 93.5736 mm): PTH pad 4 [CHAN1] of X2
[padstack]: Padstack is questionable (negative solder paste margin is larger than pad; no solder paste mask will be generated)
    Local override; warning
    @(163.1061 mm, 93.5736 mm): PTH pad 5 [CHAN2] of X2
[padstack]: Padstack is questionable (negative solder paste margin is larger than pad; no solder paste mask will be generated)
    Local override; warning
    @(163.1061 mm, 93.5736 mm): PTH pad 5 [CHAN2] of X2
[padstack]: Padstack is questionable (negative solder paste margin is larger than pad; no solder paste mask will be generated)
    Local override; warning
    @(163.1061 mm, 93.5736 mm): PTH pad 5 [CHAN2] of X2
[padstack]: Padstack is questionable (negative solder paste margin is larger than pad; no solder paste mask will be generated)
    Local override; warning
    @(160.5661 mm, 93.5736 mm): PTH pad 6 [CHAN3] of X2
[padstack]: Padstack is questionable (negative solder paste margin is larger than pad; no solder paste mask will be generated)
    Local override; warning
    @(160.5661 mm, 93.5736 mm): PTH pad 6 [CHAN3] of X2
[padstack]: Padstack is questionable (negative solder paste margin is larger than pad; no solder paste mask will be generated)
    Local override; warning
    @(160.5661 mm, 93.5736 mm): PTH pad 6 [CHAN3] of X2
[padstack]: Padstack is questionable (negative solder paste margin is larger than pad; no solder paste mask will be generated)
    Local override; warning
    @(158.0261 mm, 93.5736 mm): PTH pad 7 [CHAN4] of X2
[padstack]: Padstack is questionable (negative solder paste margin is larger than pad; no solder paste mask will be generated)
    Local override; warning
    @(158.0261 mm, 93.5736 mm): PTH pad 7 [CHAN4] of X2
[padstack]: Padstack is questionable (negative solder paste margin is larger than pad; no solder paste mask will be generated)
    Local override; warning
    @(158.0261 mm, 93.5736 mm): PTH pad 7 [CHAN4] of X2
[padstack]: Padstack is questionable (negative solder paste margin is larger than pad; no solder paste mask will be generated)
    Local override; warning
    @(155.4861 mm, 93.5736 mm): PTH pad 8 [CHAN5] of X2
[padstack]: Padstack is questionable (negative solder paste margin is larger than pad; no solder paste mask will be generated)
    Local override; warning
    @(155.4861 mm, 93.5736 mm): PTH pad 8 [CHAN5] of X2
[padstack]: Padstack is questionable (negative solder paste margin is larger than pad; no solder paste mask will be generated)
    Local override; warning
    @(155.4861 mm, 93.5736 mm): PTH pad 8 [CHAN5] of X2
[padstack]: Padstack is questionable (negative solder paste margin is larger than pad; no solder paste mask will be generated)
    Local override; warning
    @(152.9461 mm, 93.5736 mm): PTH pad 9 [CHAN6] of X2
[padstack]: Padstack is questionable (negative solder paste margin is larger than pad; no solder paste mask will be generated)
    Local override; warning
    @(152.9461 mm, 93.5736 mm): PTH pad 9 [CHAN6] of X2
[padstack]: Padstack is questionable (negative solder paste margin is larger than pad; no solder paste mask will be generated)
    Local override; warning
    @(152.9461 mm, 93.5736 mm): PTH pad 9 [CHAN6] of X2
[padstack]: Padstack is questionable (negative solder paste margin is larger than pad; no solder paste mask will be generated)
    Local override; warning
    @(140.2461 mm, 93.5736 mm): PTH pad 10 [CHAN7] of X2
[padstack]: Padstack is questionable (negative solder paste margin is larger than pad; no solder paste mask will be generated)
    Local override; warning
    @(140.2461 mm, 93.5736 mm): PTH pad 10 [CHAN7] of X2
[padstack]: Padstack is questionable (negative solder paste margin is larger than pad; no solder paste mask will be generated)
    Local override; warning
    @(140.2461 mm, 93.5736 mm): PTH pad 10 [CHAN7] of X2
[padstack]: Padstack is questionable (negative solder paste margin is larger than pad; no solder paste mask will be generated)
    Local override; warning
    @(137.7061 mm, 93.5736 mm): PTH pad 11 [CHAN8] of X2
[padstack]: Padstack is questionable (negative solder paste margin is larger than pad; no solder paste mask will be generated)
    Local override; warning
    @(137.7061 mm, 93.5736 mm): PTH pad 11 [CHAN8] of X2
[padstack]: Padstack is questionable (negative solder paste margin is larger than pad; no solder paste mask will be generated)
    Local override; warning
    @(137.7061 mm, 93.5736 mm): PTH pad 11 [CHAN8] of X2
[padstack]: Padstack is questionable (negative solder paste margin is larger than pad; no solder paste mask will be generated)
    Local override; warning
    @(135.1661 mm, 93.5736 mm): PTH pad 12 [CHAN9] of X2
[padstack]: Padstack is questionable (negative solder paste margin is larger than pad; no solder paste mask will be generated)
    Local override; warning
    @(135.1661 mm, 93.5736 mm): PTH pad 12 [CHAN9] of X2
[padstack]: Padstack is questionable (negative solder paste margin is larger than pad; no solder paste mask will be generated)
    Local override; warning
    @(135.1661 mm, 93.5736 mm): PTH pad 12 [CHAN9] of X2
[padstack]: Padstack is questionable (negative solder paste margin is larger than pad; no solder paste mask will be generated)
    Local override; warning
    @(132.6261 mm, 93.5736 mm): PTH pad 13 [CHAN10] of X2
[padstack]: Padstack is questionable (negative solder paste margin is larger than pad; no solder paste mask will be generated)
    Local override; warning
    @(132.6261 mm, 93.5736 mm): PTH pad 13 [CHAN10] of X2
[padstack]: Padstack is questionable (negative solder paste margin is larger than pad; no solder paste mask will be generated)
    Local override; warning
    @(132.6261 mm, 93.5736 mm): PTH pad 13 [CHAN10] of X2
[padstack]: Padstack is questionable (negative solder paste margin is larger than pad; no solder paste mask will be generated)
    Local override; warning
    @(130.0861 mm, 93.5736 mm): PTH pad 14 [CHAN11] of X2
[padstack]: Padstack is questionable (negative solder paste margin is larger than pad; no solder paste mask will be generated)
    Local override; warning
    @(130.0861 mm, 93.5736 mm): PTH pad 14 [CHAN11] of X2
[padstack]: Padstack is questionable (negative solder paste margin is larger than pad; no solder paste mask will be generated)
    Local override; warning
    @(130.0861 mm, 93.5736 mm): PTH pad 14 [CHAN11] of X2
[padstack]: Padstack is questionable (negative solder paste margin is larger than pad; no solder paste mask will be generated)
    Local override; warning
    @(127.5461 mm, 93.5736 mm): PTH pad 15 [CHAN12] of X2
[padstack]: Padstack is questionable (negative solder paste margin is larger than pad; no solder paste mask will be generated)
    Local override; warning
    @(127.5461 mm, 93.5736 mm): PTH pad 15 [CHAN12] of X2
[padstack]: Padstack is questionable (negative solder paste margin is larger than pad; no solder paste mask will be generated)
    Local override; warning
    @(127.5461 mm, 93.5736 mm): PTH pad 15 [CHAN12] of X2
[padstack]: Padstack is questionable (negative solder paste margin is larger than pad; no solder paste mask will be generated)
    Local override; warning
    @(125.0061 mm, 93.5736 mm): PTH pad 16 [CHAN13] of X2
[padstack]: Padstack is questionable (negative solder paste margin is larger than pad; no solder paste mask will be generated)
    Local override; warning
    @(125.0061 mm, 93.5736 mm): PTH pad 16 [CHAN13] of X2
[padstack]: Padstack is questionable (negative solder paste margin is larger than pad; no solder paste mask will be generated)
    Local override; warning
    @(125.0061 mm, 93.5736 mm): PTH pad 16 [CHAN13] of X2
[padstack]: Padstack is questionable (negative solder paste margin is larger than pad; no solder paste mask will be generated)
    Local override; warning
    @(122.4661 mm, 93.5736 mm): PTH pad 17 [GND] of X2
[padstack]: Padstack is questionable (negative solder paste margin is larger than pad; no solder paste mask will be generated)
    Local override; warning
    @(122.4661 mm, 93.5736 mm): PTH pad 17 [GND] of X2
[padstack]: Padstack is questionable (negative solder paste margin is larger than pad; no solder paste mask will be generated)
    Local override; warning
    @(122.4661 mm, 93.5736 mm): PTH pad 17 [GND] of X2
[padstack]: Padstack is questionable (negative solder paste margin is larger than pad; no solder paste mask will be generated)
    Local override; warning
    @(119.9261 mm, 93.5736 mm): PTH pad 18 [VCC3V3] of X2
[padstack]: Padstack is questionable (negative solder paste margin is larger than pad; no solder paste mask will be generated)
    Local override; warning
    @(119.9261 mm, 93.5736 mm): PTH pad 18 [VCC3V3] of X2
[padstack]: Padstack is questionable (negative solder paste margin is larger than pad; no solder paste mask will be generated)
    Local override; warning
    @(119.9261 mm, 93.5736 mm): PTH pad 18 [VCC3V3] of X2
[padstack]: Padstack is questionable (negative solder paste margin is larger than pad; no solder paste mask will be generated)
    Local override; warning
    @(117.3861 mm, 93.5736 mm): PTH pad 19 [VCC1V8] of X2
[padstack]: Padstack is questionable (negative solder paste margin is larger than pad; no solder paste mask will be generated)
    Local override; warning
    @(117.3861 mm, 93.5736 mm): PTH pad 19 [VCC1V8] of X2
[padstack]: Padstack is questionable (negative solder paste margin is larger than pad; no solder paste mask will be generated)
    Local override; warning
    @(117.3861 mm, 93.5736 mm): PTH pad 19 [VCC1V8] of X2
[padstack]: Padstack is questionable (negative solder paste margin is larger than pad; no solder paste mask will be generated)
    Local override; warning
    @(114.8461 mm, 93.5736 mm): PTH pad 20 [VCC1V0] of X2
[padstack]: Padstack is questionable (negative solder paste margin is larger than pad; no solder paste mask will be generated)
    Local override; warning
    @(114.8461 mm, 93.5736 mm): PTH pad 20 [VCC1V0] of X2
[padstack]: Padstack is questionable (negative solder paste margin is larger than pad; no solder paste mask will be generated)
    Local override; warning
    @(114.8461 mm, 93.5736 mm): PTH pad 20 [VCC1V0] of X2
[padstack]: Padstack is questionable (negative solder paste margin is larger than pad; no solder paste mask will be generated)
    Local override; warning
    @(173.2661 mm, 116.4336 mm): PTH pad 21 [GND] of X2
[padstack]: Padstack is questionable (negative solder paste margin is larger than pad; no solder paste mask will be generated)
    Local override; warning
    @(173.2661 mm, 116.4336 mm): PTH pad 21 [GND] of X2
[padstack]: Padstack is questionable (negative solder paste margin is larger than pad; no solder paste mask will be generated)
    Local override; warning
    @(173.2661 mm, 116.4336 mm): PTH pad 21 [GND] of X2
[padstack]: Padstack is questionable (negative solder paste margin is larger than pad; no solder paste mask will be generated)
    Local override; warning
    @(170.7261 mm, 116.4336 mm): PTH pad 22 [VU] of X2
[padstack]: Padstack is questionable (negative solder paste margin is larger than pad; no solder paste mask will be generated)
    Local override; warning
    @(170.7261 mm, 116.4336 mm): PTH pad 22 [VU] of X2
[padstack]: Padstack is questionable (negative solder paste margin is larger than pad; no solder paste mask will be generated)
    Local override; warning
    @(170.7261 mm, 116.4336 mm): PTH pad 22 [VU] of X2
[padstack]: Padstack is questionable (negative solder paste margin is larger than pad; no solder paste mask will be generated)
    Local override; warning
    @(168.1861 mm, 116.4336 mm): PTH pad 23 [RST#] of X2
[padstack]: Padstack is questionable (negative solder paste margin is larger than pad; no solder paste mask will be generated)
    Local override; warning
    @(168.1861 mm, 116.4336 mm): PTH pad 23 [RST#] of X2
[padstack]: Padstack is questionable (negative solder paste margin is larger than pad; no solder paste mask will be generated)
    Local override; warning
    @(168.1861 mm, 116.4336 mm): PTH pad 23 [RST#] of X2
[padstack]: Padstack is questionable (negative solder paste margin is larger than pad; no solder paste mask will be generated)
    Local override; warning
    @(165.6461 mm, 116.4336 mm): PTH pad 24 [CHAN14] of X2
[padstack]: Padstack is questionable (negative solder paste margin is larger than pad; no solder paste mask will be generated)
    Local override; warning
    @(165.6461 mm, 116.4336 mm): PTH pad 24 [CHAN14] of X2
[padstack]: Padstack is questionable (negative solder paste margin is larger than pad; no solder paste mask will be generated)
    Local override; warning
    @(165.6461 mm, 116.4336 mm): PTH pad 24 [CHAN14] of X2
[padstack]: Padstack is questionable (negative solder paste margin is larger than pad; no solder paste mask will be generated)
    Local override; warning
    @(163.1061 mm, 116.4336 mm): PTH pad 25 [CHAN15] of X2
[padstack]: Padstack is questionable (negative solder paste margin is larger than pad; no solder paste mask will be generated)
    Local override; warning
    @(163.1061 mm, 116.4336 mm): PTH pad 25 [CHAN15] of X2
[padstack]: Padstack is questionable (negative solder paste margin is larger than pad; no solder paste mask will be generated)
    Local override; warning
    @(163.1061 mm, 116.4336 mm): PTH pad 25 [CHAN15] of X2
[padstack]: Padstack is questionable (negative solder paste margin is larger than pad; no solder paste mask will be generated)
    Local override; warning
    @(160.5661 mm, 116.4336 mm): PTH pad 26 [CHAN16] of X2
[padstack]: Padstack is questionable (negative solder paste margin is larger than pad; no solder paste mask will be generated)
    Local override; warning
    @(160.5661 mm, 116.4336 mm): PTH pad 26 [CHAN16] of X2
[padstack]: Padstack is questionable (negative solder paste margin is larger than pad; no solder paste mask will be generated)
    Local override; warning
    @(160.5661 mm, 116.4336 mm): PTH pad 26 [CHAN16] of X2
[padstack]: Padstack is questionable (negative solder paste margin is larger than pad; no solder paste mask will be generated)
    Local override; warning
    @(158.0261 mm, 116.4336 mm): PTH pad 27 [CHAN17] of X2
[padstack]: Padstack is questionable (negative solder paste margin is larger than pad; no solder paste mask will be generated)
    Local override; warning
    @(158.0261 mm, 116.4336 mm): PTH pad 27 [CHAN17] of X2
[padstack]: Padstack is questionable (negative solder paste margin is larger than pad; no solder paste mask will be generated)
    Local override; warning
    @(158.0261 mm, 116.4336 mm): PTH pad 27 [CHAN17] of X2
[padstack]: Padstack is questionable (negative solder paste margin is larger than pad; no solder paste mask will be generated)
    Local override; warning
    @(155.4861 mm, 116.4336 mm): PTH pad 28 [CHAN18] of X2
[padstack]: Padstack is questionable (negative solder paste margin is larger than pad; no solder paste mask will be generated)
    Local override; warning
    @(155.4861 mm, 116.4336 mm): PTH pad 28 [CHAN18] of X2
[padstack]: Padstack is questionable (negative solder paste margin is larger than pad; no solder paste mask will be generated)
    Local override; warning
    @(155.4861 mm, 116.4336 mm): PTH pad 28 [CHAN18] of X2
[padstack]: Padstack is questionable (negative solder paste margin is larger than pad; no solder paste mask will be generated)
    Local override; warning
    @(152.9461 mm, 116.4336 mm): PTH pad 29 [CHAN19] of X2
[padstack]: Padstack is questionable (negative solder paste margin is larger than pad; no solder paste mask will be generated)
    Local override; warning
    @(152.9461 mm, 116.4336 mm): PTH pad 29 [CHAN19] of X2
[padstack]: Padstack is questionable (negative solder paste margin is larger than pad; no solder paste mask will be generated)
    Local override; warning
    @(152.9461 mm, 116.4336 mm): PTH pad 29 [CHAN19] of X2
[padstack]: Padstack is questionable (negative solder paste margin is larger than pad; no solder paste mask will be generated)
    Local override; warning
    @(140.2461 mm, 116.4336 mm): PTH pad 30 [CHAN20] of X2
[padstack]: Padstack is questionable (negative solder paste margin is larger than pad; no solder paste mask will be generated)
    Local override; warning
    @(140.2461 mm, 116.4336 mm): PTH pad 30 [CHAN20] of X2
[padstack]: Padstack is questionable (negative solder paste margin is larger than pad; no solder paste mask will be generated)
    Local override; warning
    @(140.2461 mm, 116.4336 mm): PTH pad 30 [CHAN20] of X2
[padstack]: Padstack is questionable (negative solder paste margin is larger than pad; no solder paste mask will be generated)
    Local override; warning
    @(137.7061 mm, 116.4336 mm): PTH pad 31 [CHAN21] of X2
[padstack]: Padstack is questionable (negative solder paste margin is larger than pad; no solder paste mask will be generated)
    Local override; warning
    @(137.7061 mm, 116.4336 mm): PTH pad 31 [CHAN21] of X2
[padstack]: Padstack is questionable (negative solder paste margin is larger than pad; no solder paste mask will be generated)
    Local override; warning
    @(137.7061 mm, 116.4336 mm): PTH pad 31 [CHAN21] of X2
[padstack]: Padstack is questionable (negative solder paste margin is larger than pad; no solder paste mask will be generated)
    Local override; warning
    @(135.1661 mm, 116.4336 mm): PTH pad 32 [CHAN22] of X2
[padstack]: Padstack is questionable (negative solder paste margin is larger than pad; no solder paste mask will be generated)
    Local override; warning
    @(135.1661 mm, 116.4336 mm): PTH pad 32 [CHAN22] of X2
[padstack]: Padstack is questionable (negative solder paste margin is larger than pad; no solder paste mask will be generated)
    Local override; warning
    @(135.1661 mm, 116.4336 mm): PTH pad 32 [CHAN22] of X2
[padstack]: Padstack is questionable (negative solder paste margin is larger than pad; no solder paste mask will be generated)
    Local override; warning
    @(132.6261 mm, 116.4336 mm): PTH pad 33 [CHAN23] of X2
[padstack]: Padstack is questionable (negative solder paste margin is larger than pad; no solder paste mask will be generated)
    Local override; warning
    @(132.6261 mm, 116.4336 mm): PTH pad 33 [CHAN23] of X2
[padstack]: Padstack is questionable (negative solder paste margin is larger than pad; no solder paste mask will be generated)
    Local override; warning
    @(132.6261 mm, 116.4336 mm): PTH pad 33 [CHAN23] of X2
[padstack]: Padstack is questionable (negative solder paste margin is larger than pad; no solder paste mask will be generated)
    Local override; warning
    @(130.0861 mm, 116.4336 mm): PTH pad 34 [CHAN24] of X2
[padstack]: Padstack is questionable (negative solder paste margin is larger than pad; no solder paste mask will be generated)
    Local override; warning
    @(130.0861 mm, 116.4336 mm): PTH pad 34 [CHAN24] of X2
[padstack]: Padstack is questionable (negative solder paste margin is larger than pad; no solder paste mask will be generated)
    Local override; warning
    @(130.0861 mm, 116.4336 mm): PTH pad 34 [CHAN24] of X2
[padstack]: Padstack is questionable (negative solder paste margin is larger than pad; no solder paste mask will be generated)
    Local override; warning
    @(127.5461 mm, 116.4336 mm): PTH pad 35 [CHAN25] of X2
[padstack]: Padstack is questionable (negative solder paste margin is larger than pad; no solder paste mask will be generated)
    Local override; warning
    @(127.5461 mm, 116.4336 mm): PTH pad 35 [CHAN25] of X2
[padstack]: Padstack is questionable (negative solder paste margin is larger than pad; no solder paste mask will be generated)
    Local override; warning
    @(127.5461 mm, 116.4336 mm): PTH pad 35 [CHAN25] of X2
[padstack]: Padstack is questionable (negative solder paste margin is larger than pad; no solder paste mask will be generated)
    Local override; warning
    @(125.0061 mm, 116.4336 mm): PTH pad 36 [CHAN26] of X2
[padstack]: Padstack is questionable (negative solder paste margin is larger than pad; no solder paste mask will be generated)
    Local override; warning
    @(125.0061 mm, 116.4336 mm): PTH pad 36 [CHAN26] of X2
[padstack]: Padstack is questionable (negative solder paste margin is larger than pad; no solder paste mask will be generated)
    Local override; warning
    @(125.0061 mm, 116.4336 mm): PTH pad 36 [CHAN26] of X2
[padstack]: Padstack is questionable (negative solder paste margin is larger than pad; no solder paste mask will be generated)
    Local override; warning
    @(122.4661 mm, 116.4336 mm): PTH pad 37 [CHAN27] of X2
[padstack]: Padstack is questionable (negative solder paste margin is larger than pad; no solder paste mask will be generated)
    Local override; warning
    @(122.4661 mm, 116.4336 mm): PTH pad 37 [CHAN27] of X2
[padstack]: Padstack is questionable (negative solder paste margin is larger than pad; no solder paste mask will be generated)
    Local override; warning
    @(122.4661 mm, 116.4336 mm): PTH pad 37 [CHAN27] of X2
[padstack]: Padstack is questionable (negative solder paste margin is larger than pad; no solder paste mask will be generated)
    Local override; warning
    @(119.9261 mm, 116.4336 mm): PTH pad 38 [CHAN28] of X2
[padstack]: Padstack is questionable (negative solder paste margin is larger than pad; no solder paste mask will be generated)
    Local override; warning
    @(119.9261 mm, 116.4336 mm): PTH pad 38 [CHAN28] of X2
[padstack]: Padstack is questionable (negative solder paste margin is larger than pad; no solder paste mask will be generated)
    Local override; warning
    @(119.9261 mm, 116.4336 mm): PTH pad 38 [CHAN28] of X2
[padstack]: Padstack is questionable (negative solder paste margin is larger than pad; no solder paste mask will be generated)
    Local override; warning
    @(117.3861 mm, 116.4336 mm): PTH pad 39 [ANALOG-IO0] of X2
[padstack]: Padstack is questionable (negative solder paste margin is larger than pad; no solder paste mask will be generated)
    Local override; warning
    @(117.3861 mm, 116.4336 mm): PTH pad 39 [ANALOG-IO0] of X2
[padstack]: Padstack is questionable (negative solder paste margin is larger than pad; no solder paste mask will be generated)
    Local override; warning
    @(117.3861 mm, 116.4336 mm): PTH pad 39 [ANALOG-IO0] of X2
[padstack]: Padstack is questionable (negative solder paste margin is larger than pad; no solder paste mask will be generated)
    Local override; warning
    @(114.8461 mm, 116.4336 mm): PTH pad 40 [ANALOG-IO1] of X2
[padstack]: Padstack is questionable (negative solder paste margin is larger than pad; no solder paste mask will be generated)
    Local override; warning
    @(114.8461 mm, 116.4336 mm): PTH pad 40 [ANALOG-IO1] of X2
[padstack]: Padstack is questionable (negative solder paste margin is larger than pad; no solder paste mask will be generated)
    Local override; warning
    @(114.8461 mm, 116.4336 mm): PTH pad 40 [ANALOG-IO1] of X2
[hole_to_hole]: Drilled hole too close to other hole (board setup constraints min 0.2495 mm; actual 0.2400 mm)
    Rule: board setup constraints; warning
    @(118.2801 mm, 108.3936 mm): Via [GND] on Top Layer - Bottom Layer
    @(118.2801 mm, 107.9536 mm): Via [GND] on Top Layer - Bottom Layer
[hole_to_hole]: Drilled hole too close to other hole (board setup constraints min 0.2495 mm; actual 0.2400 mm)
    Rule: board setup constraints; warning
    @(118.2801 mm, 108.3936 mm): Via [GND] on Top Layer - Bottom Layer
    @(118.2801 mm, 108.8336 mm): Via [GND] on Top Layer - Bottom Layer
[hole_to_hole]: Drilled hole too close to other hole (board setup constraints min 0.2495 mm; actual 0.2400 mm)
    Rule: board setup constraints; warning
    @(120.4241 mm, 102.2016 mm): Via [GND] on Top Layer - Bottom Layer
    @(119.9841 mm, 102.2016 mm): Via [GND] on Top Layer - Bottom Layer
[hole_to_hole]: Drilled hole too close to other hole (board setup constraints min 0.2495 mm; actual 0.2400 mm)
    Rule: board setup constraints; warning
    @(119.9841 mm, 102.2016 mm): Via [GND] on Top Layer - Bottom Layer
    @(119.5441 mm, 102.2016 mm): Via [GND] on Top Layer - Bottom Layer
[hole_to_hole]: Drilled hole too close to other hole (board setup constraints min 0.2495 mm; actual 0.2400 mm)
    Rule: board setup constraints; warning
    @(126.1761 mm, 103.9736 mm): Via [GND] on Top Layer - Bottom Layer
    @(126.1761 mm, 104.4136 mm): Via [GND] on Top Layer - Bottom Layer
[hole_to_hole]: Drilled hole too close to other hole (board setup constraints min 0.2495 mm; actual 0.2456 mm)
    Rule: board setup constraints; warning
    @(126.1761 mm, 103.9736 mm): Via [GND] on Top Layer - Bottom Layer
    @(126.5761 mm, 104.1036 mm): Blind via [SD-CMD] on Top Layer - L2-GND
[hole_to_hole]: Drilled hole too close to other hole (board setup constraints min 0.2495 mm; actual 0.2456 mm)
    Rule: board setup constraints; warning
    @(126.1761 mm, 103.9736 mm): Via [GND] on Top Layer - Bottom Layer
    @(126.5761 mm, 104.1036 mm): Buried via [SD-CMD] on L2-GND - L3-SIG
[hole_to_hole]: Drilled hole too close to other hole (board setup constraints min 0.2495 mm; actual 0.2400 mm)
    Rule: board setup constraints; warning
    @(126.1761 mm, 104.4136 mm): Via [GND] on Top Layer - Bottom Layer
    @(126.1761 mm, 104.8536 mm): Via [GND] on Top Layer - Bottom Layer
[hole_to_hole]: Drilled hole too close to other hole (board setup constraints min 0.2495 mm; actual 0.2441 mm)
    Rule: board setup constraints; warning
    @(140.5511 mm, 108.7036 mm): Via [GND] on Top Layer - Bottom Layer
    @(140.6761 mm, 109.1036 mm): Blind via [FT-RESETN] on Top Layer - L2-GND
[hole_to_hole]: Drilled hole too close to other hole (board setup constraints min 0.2495 mm; actual 0.2441 mm)
    Rule: board setup constraints; warning
    @(140.5511 mm, 108.7036 mm): Via [GND] on Top Layer - Bottom Layer
    @(140.6761 mm, 109.1036 mm): Buried via [FT-RESETN] on L2-GND - L3-SIG
[hole_to_hole]: Drilled hole too close to other hole (board setup constraints min 0.2495 mm; actual 0.2430 mm)
    Rule: board setup constraints; warning
    @(160.1511 mm, 114.4786 mm): Via [GND] on Top Layer - Bottom Layer
    @(159.7261 mm, 114.3536 mm): Via [AIN16_N] on Top Layer - Bottom Layer
[holes_co_located]: Drilled holes co-located
    Local override; warning
    @(140.3761 mm, 102.5536 mm): Buried via [GND] on L2-GND - L3-SIG
    @(140.3761 mm, 102.5536 mm): Blind via [GND] on Top Layer - L2-GND
[holes_co_located]: Drilled holes co-located
    Local override; warning
    @(157.6261 mm, 115.4836 mm): Buried via [GND] on L4-SIG - L5-VCC3V3
    @(157.6261 mm, 115.4836 mm): Blind via [GND] on L5-VCC3V3 - Bottom Layer
[holes_co_located]: Drilled holes co-located
    Local override; warning
    @(142.5761 mm, 105.8536 mm): Buried via [N$LD0B] on L2-GND - L3-SIG
    @(142.5761 mm, 105.8536 mm): Blind via [N$LD0B] on Top Layer - L2-GND
[holes_co_located]: Drilled holes co-located
    Local override; warning
    @(136.9761 mm, 107.5536 mm): Blind via [N$LD0B] on Top Layer - L2-GND
    @(136.9761 mm, 107.5536 mm): Buried via [N$LD0B] on L2-GND - L3-SIG
[holes_co_located]: Drilled holes co-located
    Local override; warning
    @(142.8761 mm, 102.1036 mm): Buried via [N$LD0B] on L4-SIG - L5-VCC3V3
    @(142.8761 mm, 102.1036 mm): Buried via [N$LD0B] on L3-SIG - L4-SIG
[holes_co_located]: Drilled holes co-located
    Local override; warning
    @(142.8761 mm, 102.1036 mm): Buried via [N$LD0B] on L4-SIG - L5-VCC3V3
    @(142.8761 mm, 102.1036 mm): Blind via [N$LD0B] on L5-VCC3V3 - Bottom Layer
[holes_co_located]: Drilled holes co-located
    Local override; warning
    @(149.4761 mm, 110.2036 mm): Blind via [LED0_B] on Top Layer - L2-GND
    @(149.4761 mm, 110.2036 mm): Buried via [LED0_B] on L2-GND - L3-SIG
[holes_co_located]: Drilled holes co-located
    Local override; warning
    @(135.0761 mm, 107.1536 mm): Buried via [LED0_B] on L2-GND - L3-SIG
    @(135.0761 mm, 107.1536 mm): Blind via [LED0_B] on Top Layer - L2-GND
[holes_co_located]: Drilled holes co-located
    Local override; warning
    @(152.4761 mm, 108.4036 mm): Blind via [LED0_B] on Top Layer - L2-GND
    @(152.4761 mm, 108.4036 mm): Buried via [LED0_B] on L2-GND - L3-SIG
[holes_co_located]: Drilled holes co-located
    Local override; warning
    @(136.0261 mm, 109.4536 mm): Buried via [LED0_B] on L2-GND - L3-SIG
    @(136.0261 mm, 109.4536 mm): Blind via [LED0_B] on Top Layer - L2-GND
[holes_co_located]: Drilled holes co-located
    Local override; warning
    @(158.9761 mm, 108.2536 mm): Buried via [LED0_B] on L2-GND - L3-SIG
    @(158.9761 mm, 108.2536 mm): Blind via [LED0_B] on Top Layer - L2-GND
[holes_co_located]: Drilled holes co-located
    Local override; warning
    @(135.0261 mm, 108.4536 mm): Buried via [LED0_B] on L2-GND - L3-SIG
    @(135.0261 mm, 108.4536 mm): Blind via [LED0_B] on Top Layer - L2-GND
[holes_co_located]: Drilled holes co-located
    Local override; warning
    @(143.6761 mm, 103.4036 mm): Blind via [N$LD0R] on Top Layer - L2-GND
    @(143.6761 mm, 103.4036 mm): Buried via [N$LD0R] on L2-GND - L3-SIG
[holes_co_located]: Drilled holes co-located
    Local override; warning
    @(136.2761 mm, 108.0036 mm): Blind via [N$LD0R] on Top Layer - L2-GND
    @(136.2761 mm, 108.0036 mm): Buried via [N$LD0R] on L2-GND - L3-SIG
[holes_co_located]: Drilled holes co-located
    Local override; warning
    @(143.6761 mm, 102.4036 mm): Blind via [N$LD0R] on Top Layer - L2-GND
    @(143.6761 mm, 102.4036 mm): Buried via [N$LD0R] on L2-GND - L3-SIG
[holes_co_located]: Drilled holes co-located
    Local override; warning
    @(136.2761 mm, 108.0036 mm): Buried via [N$LD0R] on L2-GND - L3-SIG
    @(136.2761 mm, 108.0036 mm): Buried via [N$LD0R] on L3-SIG - L4-SIG
[holes_co_located]: Drilled holes co-located
    Local override; warning
    @(143.6761 mm, 102.4036 mm): Buried via [N$LD0R] on L3-SIG - L4-SIG
    @(143.6761 mm, 102.4036 mm): Buried via [N$LD0R] on L2-GND - L3-SIG
[holes_co_located]: Drilled holes co-located
    Local override; warning
    @(143.6761 mm, 103.4036 mm): Buried via [N$LD0R] on L3-SIG - L4-SIG
    @(143.6761 mm, 103.4036 mm): Buried via [N$LD0R] on L2-GND - L3-SIG
[holes_co_located]: Drilled holes co-located
    Local override; warning
    @(139.4761 mm, 105.3036 mm): Buried via [N$LD0R] on L4-SIG - L5-VCC3V3
    @(139.4761 mm, 105.3036 mm): Blind via [N$LD0R] on L5-VCC3V3 - Bottom Layer
[holes_co_located]: Drilled holes co-located
    Local override; warning
    @(145.3761 mm, 98.8036 mm): Blind via [N$LD0R] on L5-VCC3V3 - Bottom Layer
    @(145.3761 mm, 98.8036 mm): Buried via [N$LD0R] on L4-SIG - L5-VCC3V3
[holes_co_located]: Drilled holes co-located
    Local override; warning
    @(173.9761 mm, 107.5036 mm): Blind via [LED0_R] on Top Layer - L2-GND
    @(173.9761 mm, 107.5036 mm): Buried via [LED0_R] on L2-GND - L3-SIG
[holes_co_located]: Drilled holes co-located
    Local override; warning
    @(154.5761 mm, 94.0036 mm): Blind via [LED0_R] on Top Layer - L2-GND
    @(154.5761 mm, 94.0036 mm): Buried via [LED0_R] on L2-GND - L3-SIG
[holes_co_located]: Drilled holes co-located
    Local override; warning
    @(171.9761 mm, 111.4036 mm): Blind via [LED0_R] on Top Layer - L2-GND
    @(171.9761 mm, 111.4036 mm): Buried via [LED0_R] on L2-GND - L3-SIG
[holes_co_located]: Drilled holes co-located
    Local override; warning
    @(170.1761 mm, 97.8036 mm): Blind via [LED0_R] on Top Layer - L2-GND
    @(170.1761 mm, 97.8036 mm): Buried via [LED0_R] on L2-GND - L3-SIG
[holes_co_located]: Drilled holes co-located
    Local override; warning
    @(135.3761 mm, 107.6036 mm): Buried via [LED0_R] on L2-GND - L3-SIG
    @(135.3761 mm, 107.6036 mm): Blind via [LED0_R] on Top Layer - L2-GND
[holes_co_located]: Drilled holes co-located
    Local override; warning
    @(155.8761 mm, 95.1036 mm): Blind via [LED0_R] on Top Layer - L2-GND
    @(155.8761 mm, 95.1036 mm): Buried via [LED0_R] on L2-GND - L3-SIG
[holes_co_located]: Drilled holes co-located
    Local override; warning
    @(173.9761 mm, 104.6036 mm): Blind via [LED0_R] on Top Layer - L2-GND
    @(173.9761 mm, 104.6036 mm): Buried via [LED0_R] on L2-GND - L3-SIG
[holes_co_located]: Drilled holes co-located
    Local override; warning
    @(173.6761 mm, 108.9036 mm): Buried via [LED0_R] on L2-GND - L3-SIG
    @(173.6761 mm, 108.9036 mm): Blind via [LED0_R] on Top Layer - L2-GND
[holes_co_located]: Drilled holes co-located
    Local override; warning
    @(151.8761 mm, 93.3036 mm): Buried via [LED0_R] on L2-GND - L3-SIG
    @(151.8761 mm, 93.3036 mm): Blind via [LED0_R] on Top Layer - L2-GND
[holes_co_located]: Drilled holes co-located
    Local override; warning
    @(162.9761 mm, 107.7536 mm): Buried via [LED0_R] on L2-GND - L3-SIG
    @(162.9761 mm, 107.7536 mm): Blind via [LED0_R] on Top Layer - L2-GND
[holes_co_located]: Drilled holes co-located
    Local override; warning
    @(167.4761 mm, 96.3036 mm): Buried via [LED0_R] on L2-GND - L3-SIG
    @(167.4761 mm, 96.3036 mm): Blind via [LED0_R] on Top Layer - L2-GND
[holes_co_located]: Drilled holes co-located
    Local override; warning
    @(162.9761 mm, 107.7536 mm): Buried via [LED0_R] on L2-GND - L3-SIG
    @(162.9761 mm, 107.7536 mm): Buried via [LED0_R] on L3-SIG - L4-SIG
[holes_co_located]: Drilled holes co-located
    Local override; warning
    @(135.3761 mm, 107.6036 mm): Buried via [LED0_R] on L2-GND - L3-SIG
    @(135.3761 mm, 107.6036 mm): Buried via [LED0_R] on L3-SIG - L4-SIG
[holes_co_located]: Drilled holes co-located
    Local override; warning
    @(171.2761 mm, 99.1036 mm): Buried via [LED0_R] on L2-GND - L3-SIG
    @(171.2761 mm, 99.1036 mm): Blind via [LED0_R] on Top Layer - L2-GND
[holes_co_located]: Drilled holes co-located
    Local override; warning
    @(170.1761 mm, 97.8036 mm): Buried via [LED0_R] on L2-GND - L3-SIG
    @(170.1761 mm, 97.8036 mm): Buried via [LED0_R] on L3-SIG - L4-SIG
[holes_co_located]: Drilled holes co-located
    Local override; warning
    @(168.5761 mm, 96.1036 mm): Buried via [LED0_R] on L3-SIG - L4-SIG
    @(168.5761 mm, 96.1036 mm): Buried via [LED0_R] on L2-GND - L3-SIG
[holes_co_located]: Drilled holes co-located
    Local override; warning
    @(168.5761 mm, 96.1036 mm): Buried via [LED0_R] on L2-GND - L3-SIG
    @(168.5761 mm, 96.1036 mm): Blind via [LED0_R] on Top Layer - L2-GND
[holes_co_located]: Drilled holes co-located
    Local override; warning
    @(159.4761 mm, 94.9036 mm): Blind via [LED0_R] on Top Layer - L2-GND
    @(159.4761 mm, 94.9036 mm): Buried via [LED0_R] on L2-GND - L3-SIG
[holes_co_located]: Drilled holes co-located
    Local override; warning
    @(159.4761 mm, 94.9036 mm): Buried via [LED0_R] on L2-GND - L3-SIG
    @(159.4761 mm, 94.9036 mm): Buried via [LED0_R] on L3-SIG - L4-SIG
[holes_co_located]: Drilled holes co-located
    Local override; warning
    @(167.4761 mm, 96.3036 mm): Buried via [LED0_R] on L3-SIG - L4-SIG
    @(167.4761 mm, 96.3036 mm): Buried via [LED0_R] on L2-GND - L3-SIG
[holes_co_located]: Drilled holes co-located
    Local override; warning
    @(132.4761 mm, 104.6036 mm): Buried via [LED0_R] on L3-SIG - L4-SIG
    @(132.4761 mm, 104.6036 mm): Buried via [LED0_R] on L4-SIG - L5-VCC3V3
[holes_co_located]: Drilled holes co-located
    Local override; warning
    @(130.9761 mm, 102.2036 mm): Buried via [LED0_R] on L4-SIG - L5-VCC3V3
    @(130.9761 mm, 102.2036 mm): Buried via [LED0_R] on L3-SIG - L4-SIG
[holes_co_located]: Drilled holes co-located
    Local override; warning
    @(130.9761 mm, 102.2036 mm): Buried via [LED0_R] on L4-SIG - L5-VCC3V3
    @(130.9761 mm, 102.2036 mm): Blind via [LED0_R] on L5-VCC3V3 - Bottom Layer
[holes_co_located]: Drilled holes co-located
    Local override; warning
    @(132.4761 mm, 104.6036 mm): Blind via [LED0_R] on L5-VCC3V3 - Bottom Layer
    @(132.4761 mm, 104.6036 mm): Buried via [LED0_R] on L4-SIG - L5-VCC3V3
[holes_co_located]: Drilled holes co-located
    Local override; warning
    @(134.3761 mm, 106.5036 mm): Buried via [LED0_R] on L4-SIG - L5-VCC3V3
    @(134.3761 mm, 106.5036 mm): Blind via [LED0_R] on L5-VCC3V3 - Bottom Layer
[holes_co_located]: Drilled holes co-located
    Local override; warning
    @(130.0761 mm, 100.4036 mm): Buried via [LED0_R] on L4-SIG - L5-VCC3V3
    @(130.0761 mm, 100.4036 mm): Blind via [LED0_R] on L5-VCC3V3 - Bottom Layer
[holes_co_located]: Drilled holes co-located
    Local override; warning
    @(142.6261 mm, 106.8036 mm): Blind via [N$LD0G] on Top Layer - L2-GND
    @(142.6261 mm, 106.8036 mm): Buried via [N$LD0G] on L2-GND - L3-SIG
[holes_co_located]: Drilled holes co-located
    Local override; warning
    @(137.1761 mm, 107.9536 mm): Buried via [N$LD0G] on L2-GND - L3-SIG
    @(137.1761 mm, 107.9536 mm): Blind via [N$LD0G] on Top Layer - L2-GND
[holes_co_located]: Drilled holes co-located
    Local override; warning
    @(144.4261 mm, 101.6036 mm): Buried via [N$LD0G] on L4-SIG - L5-VCC3V3
    @(144.4261 mm, 101.6036 mm): Buried via [N$LD0G] on L3-SIG - L4-SIG
[holes_co_located]: Drilled holes co-located
    Local override; warning
    @(145.3761 mm, 101.4536 mm): Buried via [N$LD0G] on L4-SIG - L5-VCC3V3
    @(145.3761 mm, 101.4536 mm): Blind via [N$LD0G] on L5-VCC3V3 - Bottom Layer
[holes_co_located]: Drilled holes co-located
    Local override; warning
    @(147.6761 mm, 98.9036 mm): Buried via [N$LD0G] on L4-SIG - L5-VCC3V3
    @(147.6761 mm, 98.9036 mm): Blind via [N$LD0G] on L5-VCC3V3 - Bottom Layer
[holes_co_located]: Drilled holes co-located
    Local override; warning
    @(144.4261 mm, 101.6036 mm): Blind via [N$LD0G] on L5-VCC3V3 - Bottom Layer
    @(144.4261 mm, 101.6036 mm): Buried via [N$LD0G] on L4-SIG - L5-VCC3V3
[holes_co_located]: Drilled holes co-located
    Local override; warning
    @(138.9261 mm, 109.2536 mm): Blind via [LED0_G] on Top Layer - L2-GND
    @(138.9261 mm, 109.2536 mm): Buried via [LED0_G] on L2-GND - L3-SIG
[holes_co_located]: Drilled holes co-located
    Local override; warning
    @(150.8261 mm, 110.1036 mm): Blind via [LED0_G] on Top Layer - L2-GND
    @(150.8261 mm, 110.1036 mm): Buried via [LED0_G] on L2-GND - L3-SIG
[holes_co_located]: Drilled holes co-located
    Local override; warning
    @(153.4261 mm, 110.6536 mm): Blind via [LED0_G] on Top Layer - L2-GND
    @(153.4261 mm, 110.6536 mm): Buried via [LED0_G] on L2-GND - L3-SIG
[holes_co_located]: Drilled holes co-located
    Local override; warning
    @(161.2761 mm, 108.4036 mm): Buried via [LED0_G] on L2-GND - L3-SIG
    @(161.2761 mm, 108.4036 mm): Blind via [LED0_G] on Top Layer - L2-GND
[holes_co_located]: Drilled holes co-located
    Local override; warning
    @(161.2761 mm, 108.4036 mm): Buried via [LED0_G] on L3-SIG - L4-SIG
    @(161.2761 mm, 108.4036 mm): Buried via [LED0_G] on L2-GND - L3-SIG
[holes_co_located]: Drilled holes co-located
    Local override; warning
    @(138.9261 mm, 109.2536 mm): Buried via [LED0_G] on L2-GND - L3-SIG
    @(138.9261 mm, 109.2536 mm): Buried via [LED0_G] on L3-SIG - L4-SIG
[holes_co_located]: Drilled holes co-located
    Local override; warning
    @(150.8261 mm, 110.1036 mm): Buried via [LED0_G] on L2-GND - L3-SIG
    @(150.8261 mm, 110.1036 mm): Buried via [LED0_G] on L3-SIG - L4-SIG
[holes_co_located]: Drilled holes co-located
    Local override; warning
    @(146.1761 mm, 113.7036 mm): Blind via [TDI] on Top Layer - L2-GND
    @(146.1761 mm, 113.7036 mm): Buried via [TDI] on L2-GND - L3-SIG
[holes_co_located]: Drilled holes co-located
    Local override; warning
    @(145.7761 mm, 112.0036 mm): Blind via [TDI] on Top Layer - L2-GND
    @(145.7761 mm, 112.0036 mm): Buried via [TDI] on L2-GND - L3-SIG
[holes_co_located]: Drilled holes co-located
    Local override; warning
    @(141.1761 mm, 110.9036 mm): Blind via [TDI] on Top Layer - L2-GND
    @(141.1761 mm, 110.9036 mm): Buried via [TDI] on L2-GND - L3-SIG
[holes_co_located]: Drilled holes co-located
    Local override; warning
    @(174.3761 mm, 100.3036 mm): Buried via [TDI] on L2-GND - L3-SIG
    @(174.3761 mm, 100.3036 mm): Blind via [TDI] on Top Layer - L2-GND
[holes_co_located]: Drilled holes co-located
    Local override; warning
    @(176.3261 mm, 105.0036 mm): Buried via [TDI] on L4-SIG - L5-VCC3V3
    @(176.3261 mm, 105.0036 mm): Blind via [TDI] on L5-VCC3V3 - Bottom Layer
[holes_co_located]: Drilled holes co-located
    Local override; warning
    @(168.9261 mm, 115.1036 mm): Blind via [TDO] on Top Layer - L2-GND
    @(168.9261 mm, 115.1036 mm): Buried via [TDO] on L2-GND - L3-SIG
[holes_co_located]: Drilled holes co-located
    Local override; warning
    @(140.8761 mm, 109.5036 mm): Buried via [TDO] on L2-GND - L3-SIG
    @(140.8761 mm, 109.5036 mm): Blind via [TDO] on Top Layer - L2-GND
[holes_co_located]: Drilled holes co-located
    Local override; warning
    @(162.3261 mm, 115.2536 mm): Buried via [TDO] on L2-GND - L3-SIG
    @(162.3261 mm, 115.2536 mm): Blind via [TDO] on Top Layer - L2-GND
[holes_co_located]: Drilled holes co-located
    Local override; warning
    @(172.3761 mm, 101.8036 mm): Buried via [TDO] on L4-SIG - L5-VCC3V3
    @(172.3761 mm, 101.8036 mm): Buried via [TDO] on L3-SIG - L4-SIG
[holes_co_located]: Drilled holes co-located
    Local override; warning
    @(160.5761 mm, 115.1036 mm): Buried via [TDO] on L4-SIG - L5-VCC3V3
    @(160.5761 mm, 115.1036 mm): Buried via [TDO] on L3-SIG - L4-SIG
[holes_co_located]: Drilled holes co-located
    Local override; warning
    @(172.3761 mm, 101.8036 mm): Blind via [TDO] on L5-VCC3V3 - Bottom Layer
    @(172.3761 mm, 101.8036 mm): Buried via [TDO] on L4-SIG - L5-VCC3V3
[holes_co_located]: Drilled holes co-located
    Local override; warning
    @(160.5761 mm, 115.1036 mm): Buried via [TDO] on L4-SIG - L5-VCC3V3
    @(160.5761 mm, 115.1036 mm): Blind via [TDO] on L5-VCC3V3 - Bottom Layer
[holes_co_located]: Drilled holes co-located
    Local override; warning
    @(141.9261 mm, 113.3536 mm): Blind via [TDO] on L5-VCC3V3 - Bottom Layer
    @(141.9261 mm, 113.3536 mm): Buried via [TDO] on L4-SIG - L5-VCC3V3
[holes_co_located]: Drilled holes co-located
    Local override; warning
    @(151.7261 mm, 116.3536 mm): Buried via [TDO] on L4-SIG - L5-VCC3V3
    @(151.7261 mm, 116.3536 mm): Blind via [TDO] on L5-VCC3V3 - Bottom Layer
[holes_co_located]: Drilled holes co-located
    Local override; warning
    @(142.2261 mm, 114.4536 mm): Blind via [TDO] on L5-VCC3V3 - Bottom Layer
    @(142.2261 mm, 114.4536 mm): Buried via [TDO] on L4-SIG - L5-VCC3V3
[holes_co_located]: Drilled holes co-located
    Local override; warning
    @(140.8761 mm, 109.5036 mm): Buried via [TDO] on L3-SIG - L4-SIG
    @(140.8761 mm, 109.5036 mm): Buried via [TDO] on L4-SIG - L5-VCC3V3
[holes_co_located]: Drilled holes co-located
    Local override; warning
    @(140.8761 mm, 109.5036 mm): Buried via [TDO] on L4-SIG - L5-VCC3V3
    @(140.8761 mm, 109.5036 mm): Blind via [TDO] on L5-VCC3V3 - Bottom Layer
[holes_co_located]: Drilled holes co-located
    Local override; warning
    @(144.7261 mm, 116.1036 mm): Buried via [TDO] on L4-SIG - L5-VCC3V3
    @(144.7261 mm, 116.1036 mm): Blind via [TDO] on L5-VCC3V3 - Bottom Layer
[holes_co_located]: Drilled holes co-located
    Local override; warning
    @(142.7261 mm, 112.9036 mm): Blind via [TDO] on L5-VCC3V3 - Bottom Layer
    @(142.7261 mm, 112.9036 mm): Buried via [TDO] on L4-SIG - L5-VCC3V3
[hole_to_hole]: Drilled hole too close to other hole (board setup constraints min 0.2495 mm; actual 0.2455 mm)
    Rule: board setup constraints; warning
    @(140.7961 mm, 98.4836 mm): Via [VCC3V3] on Top Layer - Bottom Layer
    @(140.3761 mm, 98.5036 mm): Buried via [EE-DATA] on L4-SIG - L5-VCC3V3
[hole_to_hole]: Drilled hole too close to other hole (board setup constraints min 0.2495 mm; actual 0.2455 mm)
    Rule: board setup constraints; warning
    @(140.7961 mm, 98.4836 mm): Via [VCC3V3] on Top Layer - Bottom Layer
    @(140.3761 mm, 98.5036 mm): Blind via [EE-DATA] on L5-VCC3V3 - Bottom Layer
[hole_to_hole]: Drilled hole too close to other hole (board setup constraints min 0.2495 mm; actual 0.2409 mm)
    Rule: board setup constraints; warning
    @(148.8361 mm, 101.3236 mm): Via [VCC3V3] on Top Layer - Bottom Layer
    @(148.4261 mm, 101.2536 mm): Buried via [UART_FT_TXD] on L4-SIG - L5-VCC3V3
[hole_to_hole]: Drilled hole too close to other hole (board setup constraints min 0.2495 mm; actual 0.2409 mm)
    Rule: board setup constraints; warning
    @(148.8361 mm, 101.3236 mm): Via [VCC3V3] on Top Layer - Bottom Layer
    @(148.4261 mm, 101.2536 mm): Blind via [UART_FT_TXD] on L5-VCC3V3 - Bottom Layer
[holes_co_located]: Drilled holes co-located
    Local override; warning
    @(132.0461 mm, 107.2536 mm): Buried via [VCC3V3] on L2-GND - L3-SIG
    @(132.0461 mm, 107.2536 mm): Blind via [VCC3V3] on Top Layer - L2-GND
[holes_co_located]: Drilled holes co-located
    Local override; warning
    @(132.0461 mm, 107.2536 mm): Buried via [VCC3V3] on L2-GND - L3-SIG
    @(132.0461 mm, 107.2536 mm): Buried via [VCC3V3] on L3-SIG - L4-SIG
[holes_co_located]: Drilled holes co-located
    Local override; warning
    @(132.0461 mm, 107.2536 mm): Buried via [VCC3V3] on L3-SIG - L4-SIG
    @(132.0461 mm, 107.2536 mm): Buried via [VCC3V3] on L4-SIG - L5-VCC3V3
[holes_co_located]: Drilled holes co-located
    Local override; warning
    @(152.5761 mm, 95.7036 mm): Blind via [CLK-12M-FT] on Top Layer - L2-GND
    @(152.5761 mm, 95.7036 mm): Buried via [CLK-12M-FT] on L2-GND - L3-SIG
[holes_co_located]: Drilled holes co-located
    Local override; warning
    @(139.6761 mm, 99.5036 mm): Buried via [CLK-12M-FT] on L2-GND - L3-SIG
    @(139.6761 mm, 99.5036 mm): Blind via [CLK-12M-FT] on Top Layer - L2-GND
[holes_co_located]: Drilled holes co-located
    Local override; warning
    @(166.0761 mm, 97.0036 mm): Buried via [CLK-12M-FT] on L2-GND - L3-SIG
    @(166.0761 mm, 97.0036 mm): Blind via [CLK-12M-FT] on Top Layer - L2-GND
[holes_co_located]: Drilled holes co-located
    Local override; warning
    @(168.6761 mm, 97.4036 mm): Buried via [CLK-12M-FT] on L2-GND - L3-SIG
    @(168.6761 mm, 97.4036 mm): Blind via [CLK-12M-FT] on Top Layer - L2-GND
[holes_co_located]: Drilled holes co-located
    Local override; warning
    @(154.2761 mm, 95.1036 mm): Buried via [CLK-12M-FT] on L2-GND - L3-SIG
    @(154.2761 mm, 95.1036 mm): Blind via [CLK-12M-FT] on Top Layer - L2-GND
[holes_co_located]: Drilled holes co-located
    Local override; warning
    @(173.8761 mm, 110.1036 mm): Blind via [CLK-12M-FT] on L5-VCC3V3 - Bottom Layer
    @(173.8761 mm, 110.1036 mm): Buried via [CLK-12M-FT] on L4-SIG - L5-VCC3V3
[holes_co_located]: Drilled holes co-located
    Local override; warning
    @(140.3761 mm, 103.0036 mm): Buried via [FT-REF] on L2-GND - L3-SIG
    @(140.3761 mm, 103.0036 mm): Blind via [FT-REF] on Top Layer - L2-GND
[holes_co_located]: Drilled holes co-located
    Local override; warning
    @(140.3761 mm, 103.0036 mm): Buried via [FT-REF] on L2-GND - L3-SIG
    @(140.3761 mm, 103.0036 mm): Buried via [FT-REF] on L3-SIG - L4-SIG
[holes_co_located]: Drilled holes co-located
    Local override; warning
    @(136.3761 mm, 102.2036 mm): Buried via [FT-REF] on L4-SIG - L5-VCC3V3
    @(136.3761 mm, 102.2036 mm): Buried via [FT-REF] on L3-SIG - L4-SIG
[holes_co_located]: Drilled holes co-located
    Local override; warning
    @(133.8761 mm, 112.4036 mm): Blind via [FT-REF] on L5-VCC3V3 - Bottom Layer
    @(133.8761 mm, 112.4036 mm): Buried via [FT-REF] on L4-SIG - L5-VCC3V3
[holes_co_located]: Drilled holes co-located
    Local override; warning
    @(133.8761 mm, 112.4036 mm): Buried via [FT-REF] on L4-SIG - L5-VCC3V3
    @(133.8761 mm, 112.4036 mm): Buried via [FT-REF] on L3-SIG - L4-SIG
[holes_co_located]: Drilled holes co-located
    Local override; warning
    @(136.3761 mm, 102.2036 mm): Blind via [FT-REF] on L5-VCC3V3 - Bottom Layer
    @(136.3761 mm, 102.2036 mm): Buried via [FT-REF] on L4-SIG - L5-VCC3V3
[holes_co_located]: Drilled holes co-located
    Local override; warning
    @(132.4761 mm, 102.2036 mm): Blind via [FT-REF] on L5-VCC3V3 - Bottom Layer
    @(132.4761 mm, 102.2036 mm): Buried via [FT-REF] on L4-SIG - L5-VCC3V3
[holes_co_located]: Drilled holes co-located
    Local override; warning
    @(136.4761 mm, 109.5036 mm): Blind via [FT-RESETN] on Top Layer - L2-GND
    @(136.4761 mm, 109.5036 mm): Buried via [FT-RESETN] on L2-GND - L3-SIG
[holes_co_located]: Drilled holes co-located
    Local override; warning
    @(133.7261 mm, 107.1036 mm): Blind via [FT-RESETN] on Top Layer - L2-GND
    @(133.7261 mm, 107.1036 mm): Buried via [FT-RESETN] on L2-GND - L3-SIG
[holes_co_located]: Drilled holes co-located
    Local override; warning
    @(140.6761 mm, 109.1036 mm): Buried via [FT-RESETN] on L2-GND - L3-SIG
    @(140.6761 mm, 109.1036 mm): Blind via [FT-RESETN] on Top Layer - L2-GND
[holes_co_located]: Drilled holes co-located
    Local override; warning
    @(131.7261 mm, 102.2036 mm): Buried via [FT-RESETN] on L3-SIG - L4-SIG
    @(131.7261 mm, 102.2036 mm): Buried via [FT-RESETN] on L2-GND - L3-SIG
[holes_co_located]: Drilled holes co-located
    Local override; warning
    @(133.7261 mm, 107.1036 mm): Buried via [FT-RESETN] on L2-GND - L3-SIG
    @(133.7261 mm, 107.1036 mm): Buried via [FT-RESETN] on L3-SIG - L4-SIG
[holes_co_located]: Drilled holes co-located
    Local override; warning
    @(136.4761 mm, 109.5036 mm): Buried via [FT-RESETN] on L3-SIG - L4-SIG
    @(136.4761 mm, 109.5036 mm): Buried via [FT-RESETN] on L2-GND - L3-SIG
[holes_co_located]: Drilled holes co-located
    Local override; warning
    @(139.9261 mm, 108.8536 mm): Buried via [FT-RESETN] on L3-SIG - L4-SIG
    @(139.9261 mm, 108.8536 mm): Buried via [FT-RESETN] on L4-SIG - L5-VCC3V3
[holes_co_located]: Drilled holes co-located
    Local override; warning
    @(131.7261 mm, 102.2036 mm): Buried via [FT-RESETN] on L3-SIG - L4-SIG
    @(131.7261 mm, 102.2036 mm): Buried via [FT-RESETN] on L4-SIG - L5-VCC3V3
[holes_co_located]: Drilled holes co-located
    Local override; warning
    @(133.7261 mm, 107.1036 mm): Buried via [FT-RESETN] on L4-SIG - L5-VCC3V3
    @(133.7261 mm, 107.1036 mm): Buried via [FT-RESETN] on L3-SIG - L4-SIG
[holes_co_located]: Drilled holes co-located
    Local override; warning
    @(139.9261 mm, 108.8536 mm): Buried via [FT-RESETN] on L4-SIG - L5-VCC3V3
    @(139.9261 mm, 108.8536 mm): Blind via [FT-RESETN] on L5-VCC3V3 - Bottom Layer
[holes_co_located]: Drilled holes co-located
    Local override; warning
    @(132.1261 mm, 106.7536 mm): Buried via [FT-RESETN] on L4-SIG - L5-VCC3V3
    @(132.1261 mm, 106.7536 mm): Blind via [FT-RESETN] on L5-VCC3V3 - Bottom Layer
[holes_co_located]: Drilled holes co-located
    Local override; warning
    @(131.7261 mm, 102.2036 mm): Blind via [FT-RESETN] on L5-VCC3V3 - Bottom Layer
    @(131.7261 mm, 102.2036 mm): Buried via [FT-RESETN] on L4-SIG - L5-VCC3V3
[holes_co_located]: Drilled holes co-located
    Local override; warning
    @(156.5761 mm, 114.4036 mm): Buried via [TCK] on L2-GND - L3-SIG
    @(156.5761 mm, 114.4036 mm): Blind via [TCK] on Top Layer - L2-GND
[holes_co_located]: Drilled holes co-located
    Local override; warning
    @(174.4761 mm, 98.4036 mm): Blind via [TCK] on Top Layer - L2-GND
    @(174.4761 mm, 98.4036 mm): Buried via [TCK] on L2-GND - L3-SIG
[holes_co_located]: Drilled holes co-located
    Local override; warning
    @(139.1761 mm, 111.7036 mm): Blind via [TCK] on Top Layer - L2-GND
    @(139.1761 mm, 111.7036 mm): Buried via [TCK] on L2-GND - L3-SIG
[hole_to_hole]: Drilled hole too close to other hole (board setup constraints min 0.2495 mm; actual 0.2405 mm)
    Rule: board setup constraints; warning
    @(138.9261 mm, 111.4036 mm): Blind via [CHAN28] on Top Layer - L2-GND
    @(139.1761 mm, 111.7036 mm): Blind via [TCK] on Top Layer - L2-GND
[hole_to_hole]: Drilled hole too close to other hole (board setup constraints min 0.2495 mm; actual 0.2405 mm)
    Rule: board setup constraints; warning
    @(138.9261 mm, 111.4036 mm): Buried via [CHAN28] on L2-GND - L3-SIG
    @(139.1761 mm, 111.7036 mm): Blind via [TCK] on Top Layer - L2-GND
[holes_co_located]: Drilled holes co-located
    Local override; warning
    @(171.2761 mm, 111.8036 mm): Buried via [TCK] on L2-GND - L3-SIG
    @(171.2761 mm, 111.8036 mm): Blind via [TCK] on Top Layer - L2-GND
[holes_co_located]: Drilled holes co-located
    Local override; warning
    @(173.6761 mm, 108.3036 mm): Blind via [TCK] on Top Layer - L2-GND
    @(173.6761 mm, 108.3036 mm): Buried via [TCK] on L2-GND - L3-SIG
[holes_co_located]: Drilled holes co-located
    Local override; warning
    @(160.5761 mm, 113.9036 mm): Buried via [TCK] on L2-GND - L3-SIG
    @(160.5761 mm, 113.9036 mm): Blind via [TCK] on Top Layer - L2-GND
[holes_co_located]: Drilled holes co-located
    Local override; warning
    @(156.5761 mm, 114.4036 mm): Buried via [TCK] on L2-GND - L3-SIG
    @(156.5761 mm, 114.4036 mm): Buried via [TCK] on L3-SIG - L4-SIG
[hole_to_hole]: Drilled hole too close to other hole (board setup constraints min 0.2495 mm; actual 0.2405 mm)
    Rule: board setup constraints; warning
    @(138.9261 mm, 111.4036 mm): Blind via [CHAN28] on Top Layer - L2-GND
    @(139.1761 mm, 111.7036 mm): Buried via [TCK] on L2-GND - L3-SIG
[hole_to_hole]: Drilled hole too close to other hole (board setup constraints min 0.2495 mm; actual 0.2405 mm)
    Rule: board setup constraints; warning
    @(138.9261 mm, 111.4036 mm): Buried via [CHAN28] on L2-GND - L3-SIG
    @(139.1761 mm, 111.7036 mm): Buried via [TCK] on L2-GND - L3-SIG
[holes_co_located]: Drilled holes co-located
    Local override; warning
    @(174.4761 mm, 98.4036 mm): Buried via [TCK] on L3-SIG - L4-SIG
    @(174.4761 mm, 98.4036 mm): Buried via [TCK] on L2-GND - L3-SIG
[holes_co_located]: Drilled holes co-located
    Local override; warning
    @(173.6761 mm, 108.3036 mm): Buried via [TCK] on L3-SIG - L4-SIG
    @(173.6761 mm, 108.3036 mm): Buried via [TCK] on L2-GND - L3-SIG
[holes_co_located]: Drilled holes co-located
    Local override; warning
    @(154.4261 mm, 100.8536 mm): Blind via [TMS] on Top Layer - L2-GND
    @(154.4261 mm, 100.8536 mm): Buried via [TMS] on L2-GND - L3-SIG
[holes_co_located]: Drilled holes co-located
    Local override; warning
    @(153.8761 mm, 101.8036 mm): Buried via [TMS] on L2-GND - L3-SIG
    @(153.8761 mm, 101.8036 mm): Blind via [TMS] on Top Layer - L2-GND
[holes_co_located]: Drilled holes co-located
    Local override; warning
    @(172.7261 mm, 98.2036 mm): Blind via [TMS] on Top Layer - L2-GND
    @(172.7261 mm, 98.2036 mm): Buried via [TMS] on L2-GND - L3-SIG
[hole_to_hole]: Drilled hole too close to other hole (board setup constraints min 0.2495 mm; actual 0.2405 mm)
    Rule: board setup constraints; warning
    @(173.0261 mm, 98.4536 mm): Blind via [FPGA-DONE] on Top Layer - L2-GND
    @(172.7261 mm, 98.2036 mm): Blind via [TMS] on Top Layer - L2-GND
[hole_to_hole]: Drilled hole too close to other hole (board setup constraints min 0.2495 mm; actual 0.2405 mm)
    Rule: board setup constraints; warning
    @(173.0261 mm, 98.4536 mm): Buried via [FPGA-DONE] on L2-GND - L3-SIG
    @(172.7261 mm, 98.2036 mm): Blind via [TMS] on Top Layer - L2-GND
[hole_to_hole]: Drilled hole too close to other hole (board setup constraints min 0.2495 mm; actual 0.2405 mm)
    Rule: board setup constraints; warning
    @(173.0261 mm, 98.4536 mm): Blind via [FPGA-DONE] on Top Layer - L2-GND
    @(172.7261 mm, 98.2036 mm): Buried via [TMS] on L2-GND - L3-SIG
[hole_to_hole]: Drilled hole too close to other hole (board setup constraints min 0.2495 mm; actual 0.2405 mm)
    Rule: board setup constraints; warning
    @(173.0261 mm, 98.4536 mm): Buried via [FPGA-DONE] on L2-GND - L3-SIG
    @(172.7261 mm, 98.2036 mm): Buried via [TMS] on L2-GND - L3-SIG
[holes_co_located]: Drilled holes co-located
    Local override; warning
    @(174.3761 mm, 99.5036 mm): Buried via [TMS] on L3-SIG - L4-SIG
    @(174.3761 mm, 99.5036 mm): Buried via [TMS] on L4-SIG - L5-VCC3V3
[holes_co_located]: Drilled holes co-located
    Local override; warning
    @(161.4761 mm, 97.7536 mm): Buried via [TMS] on L3-SIG - L4-SIG
    @(161.4761 mm, 97.7536 mm): Buried via [TMS] on L4-SIG - L5-VCC3V3
[holes_co_located]: Drilled holes co-located
    Local override; warning
    @(174.3761 mm, 99.5036 mm): Buried via [TMS] on L4-SIG - L5-VCC3V3
    @(174.3761 mm, 99.5036 mm): Blind via [TMS] on L5-VCC3V3 - Bottom Layer
[holes_co_located]: Drilled holes co-located
    Local override; warning
    @(163.7261 mm, 97.4536 mm): Blind via [TMS] on L5-VCC3V3 - Bottom Layer
    @(163.7261 mm, 97.4536 mm): Buried via [TMS] on L4-SIG - L5-VCC3V3
[holes_co_located]: Drilled holes co-located
    Local override; warning
    @(149.3761 mm, 109.5536 mm): Buried via [TMS] on L4-SIG - L5-VCC3V3
    @(149.3761 mm, 109.5536 mm): Blind via [TMS] on L5-VCC3V3 - Bottom Layer
[holes_co_located]: Drilled holes co-located
    Local override; warning
    @(156.6761 mm, 98.7036 mm): Blind via [TMS] on L5-VCC3V3 - Bottom Layer
    @(156.6761 mm, 98.7036 mm): Buried via [TMS] on L4-SIG - L5-VCC3V3
[holes_co_located]: Drilled holes co-located
    Local override; warning
    @(161.4761 mm, 97.7536 mm): Blind via [TMS] on L5-VCC3V3 - Bottom Layer
    @(161.4761 mm, 97.7536 mm): Buried via [TMS] on L4-SIG - L5-VCC3V3
[holes_co_located]: Drilled holes co-located
    Local override; warning
    @(157.5261 mm, 97.8536 mm): Blind via [TMS] on L5-VCC3V3 - Bottom Layer
    @(157.5261 mm, 97.8536 mm): Buried via [TMS] on L4-SIG - L5-VCC3V3
[holes_co_located]: Drilled holes co-located
    Local override; warning
    @(153.2261 mm, 105.7536 mm): Blind via [TMS] on L5-VCC3V3 - Bottom Layer
    @(153.2261 mm, 105.7536 mm): Buried via [TMS] on L4-SIG - L5-VCC3V3
[holes_co_located]: Drilled holes co-located
    Local override; warning
    @(166.7761 mm, 99.3036 mm): Blind via [PROG#] on Top Layer - L2-GND
    @(166.7761 mm, 99.3036 mm): Buried via [PROG#] on L2-GND - L3-SIG
[holes_co_located]: Drilled holes co-located
    Local override; warning
    @(141.7261 mm, 107.1036 mm): Buried via [PROG#] on L2-GND - L3-SIG
    @(141.7261 mm, 107.1036 mm): Blind via [PROG#] on Top Layer - L2-GND
[holes_co_located]: Drilled holes co-located
    Local override; warning
    @(145.2261 mm, 107.1036 mm): Blind via [PROG#] on Top Layer - L2-GND
    @(145.2261 mm, 107.1036 mm): Buried via [PROG#] on L2-GND - L3-SIG
[holes_co_located]: Drilled holes co-located
    Local override; warning
    @(173.0761 mm, 101.9036 mm): Blind via [PROG#] on Top Layer - L2-GND
    @(173.0761 mm, 101.9036 mm): Buried via [PROG#] on L2-GND - L3-SIG
[holes_co_located]: Drilled holes co-located
    Local override; warning
    @(169.8261 mm, 98.9536 mm): Buried via [PROG#] on L2-GND - L3-SIG
    @(169.8261 mm, 98.9536 mm): Blind via [PROG#] on Top Layer - L2-GND
[holes_co_located]: Drilled holes co-located
    Local override; warning
    @(146.5261 mm, 106.7536 mm): Buried via [PROG#] on L2-GND - L3-SIG
    @(146.5261 mm, 106.7536 mm): Blind via [PROG#] on Top Layer - L2-GND
[holes_co_located]: Drilled holes co-located
    Local override; warning
    @(146.5261 mm, 106.7536 mm): Buried via [PROG#] on L3-SIG - L4-SIG
    @(146.5261 mm, 106.7536 mm): Buried via [PROG#] on L2-GND - L3-SIG
[holes_co_located]: Drilled holes co-located
    Local override; warning
    @(166.7761 mm, 99.3036 mm): Buried via [PROG#] on L3-SIG - L4-SIG
    @(166.7761 mm, 99.3036 mm): Buried via [PROG#] on L2-GND - L3-SIG
[holes_co_located]: Drilled holes co-located
    Local override; warning
    @(146.5261 mm, 106.7536 mm): Buried via [PROG#] on L4-SIG - L5-VCC3V3
    @(146.5261 mm, 106.7536 mm): Buried via [PROG#] on L3-SIG - L4-SIG
[holes_co_located]: Drilled holes co-located
    Local override; warning
    @(157.5261 mm, 99.9036 mm): Buried via [PROG#] on L4-SIG - L5-VCC3V3
    @(157.5261 mm, 99.9036 mm): Blind via [PROG#] on L5-VCC3V3 - Bottom Layer
[holes_co_located]: Drilled holes co-located
    Local override; warning
    @(162.3261 mm, 100.2536 mm): Blind via [PROG#] on L5-VCC3V3 - Bottom Layer
    @(162.3261 mm, 100.2536 mm): Buried via [PROG#] on L4-SIG - L5-VCC3V3
[holes_co_located]: Drilled holes co-located
    Local override; warning
    @(162.9761 mm, 100.2536 mm): Blind via [PROG#] on L5-VCC3V3 - Bottom Layer
    @(162.9761 mm, 100.2536 mm): Buried via [PROG#] on L4-SIG - L5-VCC3V3
[holes_co_located]: Drilled holes co-located
    Local override; warning
    @(164.5761 mm, 100.7036 mm): Blind via [PROG#] on L5-VCC3V3 - Bottom Layer
    @(164.5761 mm, 100.7036 mm): Buried via [PROG#] on L4-SIG - L5-VCC3V3
[holes_co_located]: Drilled holes co-located
    Local override; warning
    @(163.6261 mm, 98.3036 mm): Blind via [DONE] on Top Layer - L2-GND
    @(163.6261 mm, 98.3036 mm): Buried via [DONE] on L2-GND - L3-SIG
[holes_co_located]: Drilled holes co-located
    Local override; warning
    @(162.9761 mm, 99.0036 mm): Blind via [DONE] on Top Layer - L2-GND
    @(162.9761 mm, 99.0036 mm): Buried via [DONE] on L2-GND - L3-SIG
[hole_to_hole]: Drilled hole too close to other hole (board setup constraints min 0.2495 mm; actual 0.2405 mm)
    Rule: board setup constraints; warning
    @(162.6761 mm, 98.7536 mm): Blind via [CHAN5] on Top Layer - L2-GND
    @(162.9761 mm, 99.0036 mm): Blind via [DONE] on Top Layer - L2-GND
[hole_to_hole]: Drilled hole too close to other hole (board setup constraints min 0.2495 mm; actual 0.2405 mm)
    Rule: board setup constraints; warning
    @(162.9761 mm, 99.0036 mm): Blind via [DONE] on Top Layer - L2-GND
    @(162.6761 mm, 98.7536 mm): Buried via [CHAN5] on L2-GND - L3-SIG
[holes_co_located]: Drilled holes co-located
    Local override; warning
    @(172.7261 mm, 101.5036 mm): Blind via [DONE] on Top Layer - L2-GND
    @(172.7261 mm, 101.5036 mm): Buried via [DONE] on L2-GND - L3-SIG
[holes_co_located]: Drilled holes co-located
    Local override; warning
    @(151.9761 mm, 108.1536 mm): Blind via [DONE] on Top Layer - L2-GND
    @(151.9761 mm, 108.1536 mm): Buried via [DONE] on L2-GND - L3-SIG
[holes_co_located]: Drilled holes co-located
    Local override; warning
    @(150.0761 mm, 109.3536 mm): Blind via [DONE] on Top Layer - L2-GND
    @(150.0761 mm, 109.3536 mm): Buried via [DONE] on L2-GND - L3-SIG
[holes_co_located]: Drilled holes co-located
    Local override; warning
    @(161.0761 mm, 99.0536 mm): Blind via [DONE] on Top Layer - L2-GND
    @(161.0761 mm, 99.0536 mm): Buried via [DONE] on L2-GND - L3-SIG
[holes_co_located]: Drilled holes co-located
    Local override; warning
    @(159.0261 mm, 99.9036 mm): Blind via [DONE] on Top Layer - L2-GND
    @(159.0261 mm, 99.9036 mm): Buried via [DONE] on L2-GND - L3-SIG
[hole_to_hole]: Drilled hole too close to other hole (board setup constraints min 0.2495 mm; actual 0.2405 mm)
    Rule: board setup constraints; warning
    @(159.2761 mm, 100.2036 mm): Blind via [FPGA-CCLK] on Top Layer - L2-GND
    @(159.0261 mm, 99.9036 mm): Blind via [DONE] on Top Layer - L2-GND
[hole_to_hole]: Drilled hole too close to other hole (board setup constraints min 0.2495 mm; actual 0.2405 mm)
    Rule: board setup constraints; warning
    @(159.0261 mm, 99.9036 mm): Blind via [DONE] on Top Layer - L2-GND
    @(159.2761 mm, 100.2036 mm): Buried via [FPGA-CCLK] on L2-GND - L3-SIG
[holes_co_located]: Drilled holes co-located
    Local override; warning
    @(143.5261 mm, 108.8036 mm): Buried via [DONE] on L2-GND - L3-SIG
    @(143.5261 mm, 108.8036 mm): Blind via [DONE] on Top Layer - L2-GND
[holes_co_located]: Drilled holes co-located
    Local override; warning
    @(143.5261 mm, 108.8036 mm): Buried via [DONE] on L2-GND - L3-SIG
    @(143.5261 mm, 108.8036 mm): Buried via [DONE] on L3-SIG - L4-SIG
[holes_co_located]: Drilled holes co-located
    Local override; warning
    @(163.6261 mm, 98.3036 mm): Buried via [DONE] on L2-GND - L3-SIG
    @(163.6261 mm, 98.3036 mm): Buried via [DONE] on L3-SIG - L4-SIG
[hole_to_hole]: Drilled hole too close to other hole (board setup constraints min 0.2495 mm; actual 0.2405 mm)
    Rule: board setup constraints; warning
    @(159.2761 mm, 100.2036 mm): Blind via [FPGA-CCLK] on Top Layer - L2-GND
    @(159.0261 mm, 99.9036 mm): Buried via [DONE] on L2-GND - L3-SIG
[hole_to_hole]: Drilled hole too close to other hole (board setup constraints min 0.2495 mm; actual 0.2405 mm)
    Rule: board setup constraints; warning
    @(159.0261 mm, 99.9036 mm): Buried via [DONE] on L2-GND - L3-SIG
    @(159.2761 mm, 100.2036 mm): Buried via [FPGA-CCLK] on L2-GND - L3-SIG
[hole_to_hole]: Drilled hole too close to other hole (board setup constraints min 0.2495 mm; actual 0.2405 mm)
    Rule: board setup constraints; warning
    @(162.6761 mm, 98.7536 mm): Blind via [CHAN5] on Top Layer - L2-GND
    @(162.9761 mm, 99.0036 mm): Buried via [DONE] on L2-GND - L3-SIG
[hole_to_hole]: Drilled hole too close to other hole (board setup constraints min 0.2495 mm; actual 0.2405 mm)
    Rule: board setup constraints; warning
    @(162.6761 mm, 98.7536 mm): Buried via [CHAN5] on L2-GND - L3-SIG
    @(162.9761 mm, 99.0036 mm): Buried via [DONE] on L2-GND - L3-SIG
[holes_co_located]: Drilled holes co-located
    Local override; warning
    @(150.0761 mm, 109.3536 mm): Buried via [DONE] on L3-SIG - L4-SIG
    @(150.0761 mm, 109.3536 mm): Buried via [DONE] on L2-GND - L3-SIG
[holes_co_located]: Drilled holes co-located
    Local override; warning
    @(169.4261 mm, 99.8036 mm): Buried via [DONE] on L4-SIG - L5-VCC3V3
    @(169.4261 mm, 99.8036 mm): Buried via [DONE] on L3-SIG - L4-SIG
[holes_co_located]: Drilled holes co-located
    Local override; warning
    @(152.9261 mm, 107.3536 mm): Buried via [DONE] on L4-SIG - L5-VCC3V3
    @(152.9261 mm, 107.3536 mm): Buried via [DONE] on L3-SIG - L4-SIG
[holes_co_located]: Drilled holes co-located
    Local override; warning
    @(153.2261 mm, 106.1536 mm): Buried via [DONE] on L4-SIG - L5-VCC3V3
    @(153.2261 mm, 106.1536 mm): Blind via [DONE] on L5-VCC3V3 - Bottom Layer
[holes_co_located]: Drilled holes co-located
    Local override; warning
    @(169.4261 mm, 99.8036 mm): Buried via [DONE] on L4-SIG - L5-VCC3V3
    @(169.4261 mm, 99.8036 mm): Blind via [DONE] on L5-VCC3V3 - Bottom Layer
[holes_co_located]: Drilled holes co-located
    Local override; warning
    @(152.9261 mm, 107.3536 mm): Blind via [DONE] on L5-VCC3V3 - Bottom Layer
    @(152.9261 mm, 107.3536 mm): Buried via [DONE] on L4-SIG - L5-VCC3V3
[holes_co_located]: Drilled holes co-located
    Local override; warning
    @(167.1261 mm, 98.5036 mm): Blind via [DONE] on L5-VCC3V3 - Bottom Layer
    @(167.1261 mm, 98.5036 mm): Buried via [DONE] on L4-SIG - L5-VCC3V3
[holes_co_located]: Drilled holes co-located
    Local override; warning
    @(154.5761 mm, 102.5036 mm): Buried via [UART_FT_TXD] on L2-GND - L3-SIG
    @(154.5761 mm, 102.5036 mm): Blind via [UART_FT_TXD] on Top Layer - L2-GND
[holes_co_located]: Drilled holes co-located
    Local override; warning
    @(149.0261 mm, 101.7036 mm): Blind via [UART_FT_TXD] on Top Layer - L2-GND
    @(149.0261 mm, 101.7036 mm): Buried via [UART_FT_TXD] on L2-GND - L3-SIG
[holes_co_located]: Drilled holes co-located
    Local override; warning
    @(153.1761 mm, 101.5036 mm): Buried via [UART_FT_TXD] on L2-GND - L3-SIG
    @(153.1761 mm, 101.5036 mm): Blind via [UART_FT_TXD] on Top Layer - L2-GND
[holes_co_located]: Drilled holes co-located
    Local override; warning
    @(153.1761 mm, 101.5036 mm): Buried via [UART_FT_TXD] on L3-SIG - L4-SIG
    @(153.1761 mm, 101.5036 mm): Buried via [UART_FT_TXD] on L2-GND - L3-SIG
[holes_co_located]: Drilled holes co-located
    Local override; warning
    @(163.0261 mm, 105.8236 mm): Buried via [UART_FT_TXD] on L2-GND - L3-SIG
    @(163.0261 mm, 105.8236 mm): Buried via [UART_FT_TXD] on L3-SIG - L4-SIG
[holes_co_located]: Drilled holes co-located
    Local override; warning
    @(163.0261 mm, 105.8236 mm): Blind via [UART_FT_TXD] on Top Layer - L2-GND
    @(163.0261 mm, 105.8236 mm): Buried via [UART_FT_TXD] on L2-GND - L3-SIG
[holes_co_located]: Drilled holes co-located
    Local override; warning
    @(150.3761 mm, 101.3536 mm): Buried via [UART_FT_TXD] on L4-SIG - L5-VCC3V3
    @(150.3761 mm, 101.3536 mm): Blind via [UART_FT_TXD] on L5-VCC3V3 - Bottom Layer
[holes_co_located]: Drilled holes co-located
    Local override; warning
    @(148.4261 mm, 101.2536 mm): Blind via [UART_FT_TXD] on L5-VCC3V3 - Bottom Layer
    @(148.4261 mm, 101.2536 mm): Buried via [UART_FT_TXD] on L4-SIG - L5-VCC3V3
[holes_co_located]: Drilled holes co-located
    Local override; warning
    @(170.6261 mm, 98.1536 mm): Blind via [UART_FT_RXD] on Top Layer - L2-GND
    @(170.6261 mm, 98.1536 mm): Buried via [UART_FT_RXD] on L2-GND - L3-SIG
[holes_co_located]: Drilled holes co-located
    Local override; warning
    @(164.9261 mm, 104.2536 mm): Blind via [UART_FT_RXD] on Top Layer - L2-GND
    @(164.9261 mm, 104.2536 mm): Buried via [UART_FT_RXD] on L2-GND - L3-SIG
[holes_co_located]: Drilled holes co-located
    Local override; warning
    @(169.5261 mm, 98.6536 mm): Blind via [UART_FT_RXD] on Top Layer - L2-GND
    @(169.5261 mm, 98.6536 mm): Buried via [UART_FT_RXD] on L2-GND - L3-SIG
[holes_co_located]: Drilled holes co-located
    Local override; warning
    @(149.0761 mm, 104.3036 mm): Buried via [UART_FT_RXD] on L2-GND - L3-SIG
    @(149.0761 mm, 104.3036 mm): Blind via [UART_FT_RXD] on Top Layer - L2-GND
[holes_co_located]: Drilled holes co-located
    Local override; warning
    @(145.9761 mm, 102.0536 mm): Buried via [UART_FT_RXD] on L2-GND - L3-SIG
    @(145.9761 mm, 102.0536 mm): Blind via [UART_FT_RXD] on Top Layer - L2-GND
[holes_co_located]: Drilled holes co-located
    Local override; warning
    @(146.6761 mm, 102.2036 mm): Blind via [UART_FT_RXD] on Top Layer - L2-GND
    @(146.6761 mm, 102.2036 mm): Buried via [UART_FT_RXD] on L2-GND - L3-SIG
[holes_co_located]: Drilled holes co-located
    Local override; warning
    @(165.5261 mm, 103.6536 mm): Buried via [UART_FT_RXD] on L2-GND - L3-SIG
    @(165.5261 mm, 103.6536 mm): Blind via [UART_FT_RXD] on Top Layer - L2-GND
[holes_co_located]: Drilled holes co-located
    Local override; warning
    @(146.3761 mm, 102.8536 mm): Buried via [UART_FT_RXD] on L2-GND - L3-SIG
    @(146.3761 mm, 102.8536 mm): Blind via [UART_FT_RXD] on Top Layer - L2-GND
[holes_co_located]: Drilled holes co-located
    Local override; warning
    @(149.0761 mm, 104.3036 mm): Buried via [UART_FT_RXD] on L2-GND - L3-SIG
    @(149.0761 mm, 104.3036 mm): Buried via [UART_FT_RXD] on L3-SIG - L4-SIG
[holes_co_located]: Drilled holes co-located
    Local override; warning
    @(169.5261 mm, 98.6536 mm): Buried via [UART_FT_RXD] on L3-SIG - L4-SIG
    @(169.5261 mm, 98.6536 mm): Buried via [UART_FT_RXD] on L2-GND - L3-SIG
[holes_co_located]: Drilled holes co-located
    Local override; warning
    @(146.3761 mm, 102.8536 mm): Buried via [UART_FT_RXD] on L3-SIG - L4-SIG
    @(146.3761 mm, 102.8536 mm): Buried via [UART_FT_RXD] on L2-GND - L3-SIG
[holes_co_located]: Drilled holes co-located
    Local override; warning
    @(170.6261 mm, 98.1536 mm): Buried via [UART_FT_RXD] on L3-SIG - L4-SIG
    @(170.6261 mm, 98.1536 mm): Buried via [UART_FT_RXD] on L2-GND - L3-SIG
[holes_co_located]: Drilled holes co-located
    Local override; warning
    @(170.6261 mm, 98.1536 mm): Buried via [UART_FT_RXD] on L3-SIG - L4-SIG
    @(170.6261 mm, 98.1536 mm): Buried via [UART_FT_RXD] on L4-SIG - L5-VCC3V3
[holes_co_located]: Drilled holes co-located
    Local override; warning
    @(166.3261 mm, 102.6536 mm): Buried via [UART_FT_RXD] on L4-SIG - L5-VCC3V3
    @(166.3261 mm, 102.6536 mm): Buried via [UART_FT_RXD] on L3-SIG - L4-SIG
[holes_co_located]: Drilled holes co-located
    Local override; warning
    @(163.1761 mm, 100.6036 mm): Buried via [UART_FT_RXD] on L4-SIG - L5-VCC3V3
    @(163.1761 mm, 100.6036 mm): Blind via [UART_FT_RXD] on L5-VCC3V3 - Bottom Layer
[holes_co_located]: Drilled holes co-located
    Local override; warning
    @(148.0761 mm, 101.0536 mm): Buried via [UART_FT_RXD] on L4-SIG - L5-VCC3V3
    @(148.0761 mm, 101.0536 mm): Blind via [UART_FT_RXD] on L5-VCC3V3 - Bottom Layer
[holes_co_located]: Drilled holes co-located
    Local override; warning
    @(166.7261 mm, 101.5036 mm): Buried via [UART_FT_RXD] on L4-SIG - L5-VCC3V3
    @(166.7261 mm, 101.5036 mm): Blind via [UART_FT_RXD] on L5-VCC3V3 - Bottom Layer
[holes_co_located]: Drilled holes co-located
    Local override; warning
    @(166.3261 mm, 102.6536 mm): Blind via [UART_FT_RXD] on L5-VCC3V3 - Bottom Layer
    @(166.3261 mm, 102.6536 mm): Buried via [UART_FT_RXD] on L4-SIG - L5-VCC3V3
[holes_co_located]: Drilled holes co-located
    Local override; warning
    @(155.9761 mm, 100.4536 mm): Buried via [UART_FT_RTS#] on L2-GND - L3-SIG
    @(155.9761 mm, 100.4536 mm): Blind via [UART_FT_RTS#] on Top Layer - L2-GND
[holes_co_located]: Drilled holes co-located
    Local override; warning
    @(146.4261 mm, 100.8536 mm): Buried via [UART_FT_RTS#] on L2-GND - L3-SIG
    @(146.4261 mm, 100.8536 mm): Blind via [UART_FT_RTS#] on Top Layer - L2-GND
[holes_co_located]: Drilled holes co-located
    Local override; warning
    @(150.7761 mm, 99.5036 mm): Blind via [UART_FT_RTS#] on Top Layer - L2-GND
    @(150.7761 mm, 99.5036 mm): Buried via [UART_FT_RTS#] on L2-GND - L3-SIG
[holes_co_located]: Drilled holes co-located
    Local override; warning
    @(164.2261 mm, 106.5536 mm): Buried via [UART_FT_RTS#] on L2-GND - L3-SIG
    @(164.2261 mm, 106.5536 mm): Blind via [UART_FT_RTS#] on Top Layer - L2-GND
[holes_co_located]: Drilled holes co-located
    Local override; warning
    @(145.3761 mm, 102.6036 mm): Blind via [UART_FT_RTS#] on Top Layer - L2-GND
    @(145.3761 mm, 102.6036 mm): Buried via [UART_FT_RTS#] on L2-GND - L3-SIG
[holes_co_located]: Drilled holes co-located
    Local override; warning
    @(151.7761 mm, 104.9036 mm): Blind via [UART_FT_RTS#] on Top Layer - L2-GND
    @(151.7761 mm, 104.9036 mm): Buried via [UART_FT_RTS#] on L2-GND - L3-SIG
[holes_co_located]: Drilled holes co-located
    Local override; warning
    @(146.4261 mm, 100.8536 mm): Buried via [UART_FT_RTS#] on L2-GND - L3-SIG
    @(146.4261 mm, 100.8536 mm): Buried via [UART_FT_RTS#] on L3-SIG - L4-SIG
[holes_co_located]: Drilled holes co-located
    Local override; warning
    @(150.7761 mm, 99.5036 mm): Buried via [UART_FT_RTS#] on L3-SIG - L4-SIG
    @(150.7761 mm, 99.5036 mm): Buried via [UART_FT_RTS#] on L2-GND - L3-SIG
[holes_co_located]: Drilled holes co-located
    Local override; warning
    @(145.3761 mm, 102.6036 mm): Buried via [UART_FT_RTS#] on L2-GND - L3-SIG
    @(145.3761 mm, 102.6036 mm): Buried via [UART_FT_RTS#] on L3-SIG - L4-SIG
[holes_co_located]: Drilled holes co-located
    Local override; warning
    @(162.2261 mm, 102.0536 mm): Blind via [UART_FT_CTS#] on Top Layer - L2-GND
    @(162.2261 mm, 102.0536 mm): Buried via [UART_FT_CTS#] on L2-GND - L3-SIG
[holes_co_located]: Drilled holes co-located
    Local override; warning
    @(152.9761 mm, 102.4036 mm): Blind via [UART_FT_CTS#] on Top Layer - L2-GND
    @(152.9761 mm, 102.4036 mm): Buried via [UART_FT_CTS#] on L2-GND - L3-SIG
[holes_co_located]: Drilled holes co-located
    Local override; warning
    @(161.0261 mm, 100.7536 mm): Blind via [UART_FT_CTS#] on Top Layer - L2-GND
    @(161.0261 mm, 100.7536 mm): Buried via [UART_FT_CTS#] on L2-GND - L3-SIG
[holes_co_located]: Drilled holes co-located
    Local override; warning
    @(154.1761 mm, 101.5036 mm): Buried via [UART_FT_CTS#] on L2-GND - L3-SIG
    @(154.1761 mm, 101.5036 mm): Blind via [UART_FT_CTS#] on Top Layer - L2-GND
[holes_co_located]: Drilled holes co-located
    Local override; warning
    @(170.9761 mm, 100.1036 mm): Buried via [UART_FT_CTS#] on L4-SIG - L5-VCC3V3
    @(170.9761 mm, 100.1036 mm): Blind via [UART_FT_CTS#] on L5-VCC3V3 - Bottom Layer
[holes_co_located]: Drilled holes co-located
    Local override; warning
    @(165.1261 mm, 99.5536 mm): Buried via [UART_FT_CTS#] on L4-SIG - L5-VCC3V3
    @(165.1261 mm, 99.5536 mm): Blind via [UART_FT_CTS#] on L5-VCC3V3 - Bottom Layer
[holes_co_located]: Drilled holes co-located
    Local override; warning
    @(174.6761 mm, 100.3536 mm): Blind via [UART_FT_CTS#] on L5-VCC3V3 - Bottom Layer
    @(174.6761 mm, 100.3536 mm): Buried via [UART_FT_CTS#] on L4-SIG - L5-VCC3V3
[hole_to_hole]: Drilled hole too close to other hole (board setup constraints min 0.2495 mm; actual 0.2453 mm)
    Rule: board setup constraints; warning
    @(154.0011 mm, 111.1286 mm): Buried via [CHAN27] on L4-SIG - L5-VCC3V3
    @(153.7761 mm, 111.4536 mm): Buried via [CHAN28] on L4-SIG - L5-VCC3V3
[hole_to_hole]: Drilled hole too close to other hole (board setup constraints min 0.2495 mm; actual 0.2453 mm)
    Rule: board setup constraints; warning
    @(154.0011 mm, 111.1286 mm): Blind via [CHAN27] on L5-VCC3V3 - Bottom Layer
    @(153.7761 mm, 111.4536 mm): Buried via [CHAN28] on L4-SIG - L5-VCC3V3
[hole_to_hole]: Drilled hole too close to other hole (board setup constraints min 0.2495 mm; actual 0.2453 mm)
    Rule: board setup constraints; warning
    @(154.0011 mm, 111.1286 mm): Buried via [CHAN27] on L4-SIG - L5-VCC3V3
    @(153.7761 mm, 111.4536 mm): Blind via [CHAN28] on L5-VCC3V3 - Bottom Layer
[hole_to_hole]: Drilled hole too close to other hole (board setup constraints min 0.2495 mm; actual 0.2453 mm)
    Rule: board setup constraints; warning
    @(154.0011 mm, 111.1286 mm): Blind via [CHAN27] on L5-VCC3V3 - Bottom Layer
    @(153.7761 mm, 111.4536 mm): Blind via [CHAN28] on L5-VCC3V3 - Bottom Layer
[hole_to_hole]: Drilled hole too close to other hole (board setup constraints min 0.2495 mm; actual 0.2400 mm)
    Rule: board setup constraints; warning
    @(126.2761 mm, 115.8436 mm): Via [VBATT] on Top Layer - Bottom Layer
    @(126.2761 mm, 115.4036 mm): Via [VBATT] on Top Layer - Bottom Layer
[hole_to_hole]: Drilled hole too close to other hole (board setup constraints min 0.2495 mm; actual 0.2400 mm)
    Rule: board setup constraints; warning
    @(126.0161 mm, 106.7036 mm): Via [VU] on Top Layer - Bottom Layer
    @(125.5761 mm, 106.7036 mm): Via [VU] on Top Layer - Bottom Layer
[lib_footprint_mismatch]: Footprint 'MOLEX-105017-0001' does not match copy in library 'zulu_a7'
    Local override; warning
    @(146.5961 mm, 96.4451 mm): Footprint X1
[lib_footprint_mismatch]: Footprint '1X03-NOSILK' does not match copy in library 'zulu_a7'
    Local override; warning
    @(177.8761 mm, 113.9836 mm): Footprint JP4
[lib_footprint_mismatch]: Footprint '2X06' does not match copy in library 'zulu_a7'
    Local override; warning
    @(179.9761 mm, 105.0036 mm): Footprint J1
[lib_footprint_mismatch]: Footprint '1X03-NOSILK' does not match copy in library 'zulu_a7'
    Local override; warning
    @(177.8761 mm, 96.0236 mm): Footprint JP3
[lib_footprint_mismatch]: Footprint 'ZULU-DIP37' does not match copy in library 'zulu_a7'
    Local override; warning
    @(113.5761 mm, 117.7036 mm): Footprint X2
[lib_footprint_mismatch]: Footprint 'SOT23-5' does not match copy in library 'zulu_a7'
    Local override; warning
    @(126.1760 mm, 104.4136 mm): Footprint U7
[lib_footprint_mismatch]: Footprint 'SOT23-5' does not match copy in library 'zulu_a7'
    Local override; warning
    @(119.9841 mm, 102.2017 mm): Footprint U5

** Found 0 unconnected pads **

** Found 0 Footprint errors **

** Ignored checks **
    - Footprint has no courtyard defined
    - Track endpoint not centered on via
    - Tuning profile track geometries
    - Footprint doesn't match symbol's footprint filters
    - Footprint component type doesn't match footprint pads

** End of Report **
