ERC report (2026-10-06T10:13:57, Encoding UTF8)
Report includes: Errors, Warnings, Exclusions

***** Sheet /
[lib_symbol_mismatch]: Symbol 'C-GENERICC0201' doesn't match copy in library 'rcl'
    ; warning
    @(15.748 mm, 64.008 mm): Symbol C152 [C-GENERICC0201]
[lib_symbol_mismatch]: Symbol 'C-GENERICC0201' doesn't match copy in library 'rcl'
    ; warning
    @(23.368 mm, 64.008 mm): Symbol C153 [C-GENERICC0201]
[endpoint_off_grid]: Symbol pin or wire end off connection grid
    ; warning
    @(23.368 mm, 135.128 mm): Symbol #PWR092 Hidden pin  [VCC3V3, Power input, Line]
[endpoint_off_grid]: Symbol pin or wire end off connection grid
    ; warning
    @(23.368 mm, 136.398 mm): Horizontal Wire, length 7.62 mm
[endpoint_off_grid]: Symbol pin or wire end off connection grid
    ; warning
    @(23.368 mm, 136.398 mm): Vertical Wire, length 1.27 mm
[endpoint_off_grid]: Symbol pin or wire end off connection grid
    ; warning
    @(23.368 mm, 137.668 mm): Vertical Wire, length 1.27 mm
[endpoint_off_grid]: Symbol pin or wire end off connection grid
    ; warning
    @(23.368 mm, 142.748 mm): Symbol C133 Pin 1 [1, Passive, Line]
[endpoint_off_grid]: Symbol pin or wire end off connection grid
    ; warning
    @(23.368 mm, 144.018 mm): Horizontal Wire, length 7.62 mm
[endpoint_off_grid]: Symbol pin or wire end off connection grid
    ; warning
    @(23.368 mm, 144.018 mm): Vertical Wire, length 1.27 mm
[endpoint_off_grid]: Symbol pin or wire end off connection grid
    ; warning
    @(23.368 mm, 145.288 mm): Symbol #PWR067 Hidden pin  [GND, Power input, Line]
[endpoint_off_grid]: Symbol pin or wire end off connection grid
    ; warning
    @(23.368 mm, 145.288 mm): Vertical Wire, length 1.27 mm
[endpoint_off_grid]: Symbol pin or wire end off connection grid
    ; warning
    @(25.908 mm, 52.578 mm): Vertical Wire, length 8.89 mm
[endpoint_off_grid]: Symbol pin or wire end off connection grid
    ; warning
    @(25.908 mm, 61.468 mm): Symbol C152 Pin 2 [2, Passive, Line]
[endpoint_off_grid]: Symbol pin or wire end off connection grid
    ; warning
    @(25.908 mm, 69.088 mm): Symbol #PWR087 Hidden pin  [GND, Power input, Line]
[endpoint_off_grid]: Symbol pin or wire end off connection grid
    ; warning
    @(25.908 mm, 69.088 mm): Vertical Wire, length 2.54 mm
[lib_symbol_mismatch]: Symbol 'C-GENERICC0201' doesn't match copy in library 'rcl'
    ; warning
    @(30.988 mm, 64.008 mm): Symbol C154 [C-GENERICC0201]
[endpoint_off_grid]: Symbol pin or wire end off connection grid
    ; warning
    @(33.528 mm, 52.578 mm): Horizontal Wire, length 7.62 mm
[endpoint_off_grid]: Symbol pin or wire end off connection grid
    ; warning
    @(33.528 mm, 61.468 mm): Vertical Wire, length 8.89 mm
[endpoint_off_grid]: Symbol pin or wire end off connection grid
    ; warning
    @(33.528 mm, 66.548 mm): Symbol C153 Pin 1 [1, Passive, Line]
[endpoint_off_grid]: Symbol pin or wire end off connection grid
    ; warning
    @(33.528 mm, 69.088 mm): Symbol #PWR072 Hidden pin  [GND, Power input, Line]
[endpoint_off_grid]: Symbol pin or wire end off connection grid
    ; warning
    @(33.528 mm, 69.088 mm): Vertical Wire, length 2.54 mm
[endpoint_off_grid]: Symbol pin or wire end off connection grid
    ; warning
    @(41.148 mm, 52.578 mm): Horizontal Wire, length 7.62 mm
[endpoint_off_grid]: Symbol pin or wire end off connection grid
    ; warning
    @(41.148 mm, 61.468 mm): Vertical Wire, length 8.89 mm
[endpoint_off_grid]: Symbol pin or wire end off connection grid
    ; warning
    @(41.148 mm, 66.548 mm): Symbol C154 Pin 1 [1, Passive, Line]
[endpoint_off_grid]: Symbol pin or wire end off connection grid
    ; warning
    @(41.148 mm, 69.088 mm): Symbol #PWR081 Hidden pin  [GND, Power input, Line]
[endpoint_off_grid]: Symbol pin or wire end off connection grid
    ; warning
    @(41.148 mm, 69.088 mm): Vertical Wire, length 2.54 mm
[endpoint_off_grid]: Symbol pin or wire end off connection grid
    ; warning
    @(47.498 mm, 28.448 mm): Symbol #PWR080 Hidden pin  [VCC3V3, Power input, Line]
[endpoint_off_grid]: Symbol pin or wire end off connection grid
    ; warning
    @(47.498 mm, 29.718 mm): Vertical Wire, length 3.81 mm
[endpoint_off_grid]: Symbol pin or wire end off connection grid
    ; warning
    @(47.498 mm, 29.718 mm): Vertical Wire, length 1.27 mm
[endpoint_off_grid]: Symbol pin or wire end off connection grid
    ; warning
    @(47.498 mm, 29.718 mm): Horizontal Wire, length 2.54 mm
[endpoint_off_grid]: Symbol pin or wire end off connection grid
    ; warning
    @(47.498 mm, 33.528 mm): Horizontal Wire, length 2.54 mm
[endpoint_off_grid]: Symbol pin or wire end off connection grid
    ; warning
    @(47.498 mm, 216.408 mm): Horizontal Wire, length 7.62 mm
[endpoint_off_grid]: Symbol pin or wire end off connection grid
    ; warning
    @(47.498 mm, 218.948 mm): Horizontal Wire, length 7.62 mm
[endpoint_off_grid]: Symbol pin or wire end off connection grid
    ; warning
    @(47.498 mm, 221.488 mm): Horizontal Wire, length 7.62 mm
[endpoint_off_grid]: Symbol pin or wire end off connection grid
    ; warning
    @(47.498 mm, 221.488 mm): Symbol #PWR064 Hidden pin  [GND, Power input, Line]
[endpoint_off_grid]: Symbol pin or wire end off connection grid
    ; warning
    @(47.498 mm, 230.378 mm): Horizontal Wire, length 7.62 mm
[endpoint_off_grid]: Symbol pin or wire end off connection grid
    ; warning
    @(47.498 mm, 232.918 mm): Horizontal Wire, length 7.62 mm
[endpoint_off_grid]: Symbol pin or wire end off connection grid
    ; warning
    @(47.498 mm, 235.458 mm): Symbol #PWR070 Hidden pin  [VCC3V3, Power input, Line]
[endpoint_off_grid]: Symbol pin or wire end off connection grid
    ; warning
    @(47.498 mm, 235.458 mm): Horizontal Wire, length 7.62 mm
[endpoint_off_grid]: Symbol pin or wire end off connection grid
    ; warning
    @(50.038 mm, 98.298 mm): Horizontal Wire, length 10.16 mm
[unconnected_wire_endpoint]: Unconnected wire endpoint
    ; warning
    @(50.038 mm, 98.298 mm): Horizontal Wire, length 10.16 mm
[endpoint_off_grid]: Symbol pin or wire end off connection grid
    ; warning
    @(54.102 mm, 98.298 mm): Symbol #PWR071 Hidden pin  [VCC3V3, Power input, Line]
[endpoint_off_grid]: Symbol pin or wire end off connection grid
    ; warning
    @(55.118 mm, 218.948 mm): Symbol JP3 Pin 2 [2, Passive, Line]
[endpoint_off_grid]: Symbol pin or wire end off connection grid
    ; warning
    @(55.118 mm, 230.378 mm): Symbol JP4 Pin 1 [1, Passive, Line]
[endpoint_off_grid]: Symbol pin or wire end off connection grid
    ; warning
    @(58.928 mm, 71.628 mm): Symbol #PWR075 Hidden pin  [VCC3V3, Power input, Line]
[endpoint_off_grid]: Symbol pin or wire end off connection grid
    ; warning
    @(58.928 mm, 72.898 mm): Horizontal Wire, length 29.21 mm
[endpoint_off_grid]: Symbol pin or wire end off connection grid
    ; warning
    @(58.928 mm, 72.898 mm): Vertical Wire, length 1.27 mm
[endpoint_off_grid]: Symbol pin or wire end off connection grid
    ; warning
    @(58.928 mm, 77.978 mm): Vertical Wire, length 5.08 mm
[endpoint_off_grid]: Symbol pin or wire end off connection grid
    ; warning
    @(58.928 mm, 83.058 mm): Symbol C134 Pin 1 [1, Passive, Line]
[endpoint_off_grid]: Symbol pin or wire end off connection grid
    ; warning
    @(58.928 mm, 84.328 mm): Vertical Wire, length 1.27 mm
[endpoint_off_grid]: Symbol pin or wire end off connection grid
    ; warning
    @(58.928 mm, 84.328 mm): Symbol #PWR077 Hidden pin  [GND, Power input, Line]
[endpoint_off_grid]: Symbol pin or wire end off connection grid
    ; warning
    @(60.198 mm, 29.718 mm): Symbol L5 Pin 1 [1, Passive, Line]
[endpoint_off_grid]: Symbol pin or wire end off connection grid
    ; warning
    @(60.198 mm, 29.718 mm): Horizontal Wire, length 3.81 mm
[endpoint_off_grid]: Symbol pin or wire end off connection grid
    ; warning
    @(60.198 mm, 33.517 mm): Horizontal Wire, length 17.201 mm
[endpoint_off_grid]: Symbol pin or wire end off connection grid
    ; warning
    @(60.198 mm, 33.528 mm): Symbol L4 Pin 1 [1, Passive, Line]
[endpoint_off_grid]: Symbol pin or wire end off connection grid
    ; warning
    @(60.198 mm, 33.528 mm): Vertical Wire, length 0.011 mm
[endpoint_off_grid]: Symbol pin or wire end off connection grid
    ; warning
    @(60.198 mm, 98.298 mm): Symbol R19 Pin 2 [2, Passive, Line]
[endpoint_off_grid]: Symbol pin or wire end off connection grid
    ; warning
    @(61.468 mm, 136.398 mm): Symbol U10 Pin 1 [CS, Bidirectional, Line]
[endpoint_off_grid]: Symbol pin or wire end off connection grid
    ; warning
    @(61.468 mm, 136.398 mm): Horizontal Wire, length 15.24 mm
[endpoint_off_grid]: Symbol pin or wire end off connection grid
    ; warning
    @(61.468 mm, 138.938 mm): Horizontal Wire, length 10.16 mm
[endpoint_off_grid]: Symbol pin or wire end off connection grid
    ; warning
    @(61.468 mm, 141.478 mm): Horizontal Wire, length 17.78 mm
[endpoint_off_grid]: Symbol pin or wire end off connection grid
    ; warning
    @(61.468 mm, 144.018 mm): Horizontal Wire, length 5.08 mm
[endpoint_off_grid]: Symbol pin or wire end off connection grid
    ; warning
    @(64.008 mm, 29.718 mm): Horizontal Wire, length 39.37 mm
[endpoint_off_grid]: Symbol pin or wire end off connection grid
    ; warning
    @(64.008 mm, 36.068 mm): Vertical Wire, length 6.35 mm
[lib_symbol_mismatch]: Symbol 'C-GENERICC0201' doesn't match copy in library 'rcl'
    ; warning
    @(64.008 mm, 38.608 mm): Symbol C41 [C-GENERICC0201]
[endpoint_off_grid]: Symbol pin or wire end off connection grid
    ; warning
    @(64.008 mm, 41.148 mm): Symbol C41 Pin 1 [1, Passive, Line]
[endpoint_off_grid]: Symbol pin or wire end off connection grid
    ; warning
    @(64.008 mm, 43.688 mm): Symbol #PWR069 Hidden pin  [GND, Power input, Line]
[endpoint_off_grid]: Symbol pin or wire end off connection grid
    ; warning
    @(64.008 mm, 43.688 mm): Vertical Wire, length 2.54 mm
[endpoint_off_grid]: Symbol pin or wire end off connection grid
    ; warning
    @(65.278 mm, 98.298 mm): Horizontal Wire, length 22.86 mm
[endpoint_off_grid]: Symbol pin or wire end off connection grid
    ; warning
    @(66.548 mm, 126.238 mm): Horizontal Wire, length 5.08 mm
[endpoint_off_grid]: Symbol pin or wire end off connection grid
    ; warning
    @(66.548 mm, 128.778 mm): Vertical Wire, length 2.54 mm
[endpoint_off_grid]: Symbol pin or wire end off connection grid
    ; warning
    @(66.548 mm, 133.858 mm): Symbol R97 Pin 1 [1, Passive, Line]
[endpoint_off_grid]: Symbol pin or wire end off connection grid
    ; warning
    @(66.548 mm, 144.018 mm): Symbol R101 Pin 1 [1, Passive, Line]
[endpoint_off_grid]: Symbol pin or wire end off connection grid
    ; warning
    @(66.548 mm, 144.018 mm): Vertical Wire, length 10.16 mm
[endpoint_off_grid]: Symbol pin or wire end off connection grid
    ; warning
    @(70.358 mm, 52.578 mm): Horizontal Wire, length 29.21 mm
[endpoint_off_grid]: Symbol pin or wire end off connection grid
    ; warning
    @(70.358 mm, 75.438 mm): Vertical Wire, length 22.86 mm
[endpoint_off_grid]: Symbol pin or wire end off connection grid
    ; warning
    @(70.358 mm, 75.438 mm): Horizontal Wire, length 17.78 mm
[endpoint_off_grid]: Symbol pin or wire end off connection grid
    ; warning
    @(70.358 mm, 77.978 mm): Vertical Wire, length 2.54 mm
[endpoint_off_grid]: Symbol pin or wire end off connection grid
    ; warning
    @(70.358 mm, 83.058 mm): Symbol C139 Pin 1 [1, Passive, Line]
[endpoint_off_grid]: Symbol pin or wire end off connection grid
    ; warning
    @(70.358 mm, 84.328 mm): Vertical Wire, length 1.27 mm
[endpoint_off_grid]: Symbol pin or wire end off connection grid
    ; warning
    @(70.358 mm, 84.328 mm): Symbol #PWR079 Hidden pin  [GND, Power input, Line]
[endpoint_off_grid]: Symbol pin or wire end off connection grid
    ; warning
    @(71.628 mm, 123.698 mm): Symbol #PWR065 Hidden pin  [VCC3V3, Power input, Line]
[endpoint_off_grid]: Symbol pin or wire end off connection grid
    ; warning
    @(71.628 mm, 126.238 mm): Horizontal Wire, length 5.08 mm
[endpoint_off_grid]: Symbol pin or wire end off connection grid
    ; warning
    @(71.628 mm, 126.238 mm): Vertical Wire, length 2.54 mm
[endpoint_off_grid]: Symbol pin or wire end off connection grid
    ; warning
    @(71.628 mm, 128.778 mm): Vertical Wire, length 2.54 mm
[endpoint_off_grid]: Symbol pin or wire end off connection grid
    ; warning
    @(71.628 mm, 128.778 mm): Symbol R96 Pin 2 [2, Passive, Line]
[endpoint_off_grid]: Symbol pin or wire end off connection grid
    ; warning
    @(71.628 mm, 138.938 mm): Horizontal Wire, length 16.51 mm
[endpoint_off_grid]: Symbol pin or wire end off connection grid
    ; warning
    @(71.628 mm, 138.938 mm): Vertical Wire, length 5.08 mm
[endpoint_off_grid]: Symbol pin or wire end off connection grid
    ; warning
    @(71.628 mm, 144.018 mm): Horizontal Wire, length 7.62 mm
[endpoint_off_grid]: Symbol pin or wire end off connection grid
    ; warning
    @(72.898 mm, 103.378 mm): Horizontal Wire, length 5.08 mm
[endpoint_off_grid]: Symbol pin or wire end off connection grid
    ; warning
    @(72.898 mm, 110.072 mm): Vertical Wire, length 6.694 mm
[endpoint_off_grid]: Symbol pin or wire end off connection grid
    ; warning
    @(72.928 mm, 110.072 mm): Horizontal Wire, length 0.03 mm
[endpoint_off_grid]: Symbol pin or wire end off connection grid
    ; warning
    @(72.928 mm, 110.072 mm): Symbol #PWR076 Hidden pin  [GND, Power input, Line]
[endpoint_off_grid]: Symbol pin or wire end off connection grid
    ; warning
    @(76.708 mm, 126.238 mm): Vertical Wire, length 2.54 mm
[endpoint_off_grid]: Symbol pin or wire end off connection grid
    ; warning
    @(76.708 mm, 128.778 mm): Symbol R98 Pin 2 [2, Passive, Line]
[endpoint_off_grid]: Symbol pin or wire end off connection grid
    ; warning
    @(76.708 mm, 136.398 mm): Vertical Wire, length 2.54 mm
[endpoint_off_grid]: Symbol pin or wire end off connection grid
    ; warning
    @(76.708 mm, 136.398 mm): Horizontal Wire, length 11.43 mm
[endpoint_off_grid]: Symbol pin or wire end off connection grid
    ; warning
    @(77.357 mm, 33.528 mm): Horizontal Wire, length 0.042 mm
[endpoint_off_grid]: Symbol pin or wire end off connection grid
    ; warning
    @(77.357 mm, 35.876 mm): Symbol C40 Pin 2 [2, Passive, Line]
[endpoint_off_grid]: Symbol pin or wire end off connection grid
    ; warning
    @(77.357 mm, 35.876 mm): Vertical Wire, length 2.348 mm
[endpoint_off_grid]: Symbol pin or wire end off connection grid
    ; warning
    @(77.357 mm, 43.496 mm): Vertical Wire, length 2.54 mm
[endpoint_off_grid]: Symbol pin or wire end off connection grid
    ; warning
    @(77.357 mm, 43.496 mm): Symbol #PWR083 Hidden pin  [GND, Power input, Line]
[endpoint_off_grid]: Symbol pin or wire end off connection grid
    ; warning
    @(77.399 mm, 33.517 mm): Vertical Wire, length 0.011 mm
[endpoint_off_grid]: Symbol pin or wire end off connection grid
    ; warning
    @(77.399 mm, 33.517 mm): Horizontal Wire, length 0.012 mm
[endpoint_off_grid]: Symbol pin or wire end off connection grid
    ; warning
    @(77.399 mm, 33.528 mm): Horizontal Wire, length 22.169 mm
[unconnected_wire_endpoint]: Unconnected wire endpoint
    ; warning
    @(77.399 mm, 33.517 mm): Horizontal Wire, length 0.012 mm
[endpoint_off_grid]: Symbol pin or wire end off connection grid
    ; warning
    @(79.248 mm, 141.478 mm): Horizontal Wire, length 8.89 mm
[endpoint_off_grid]: Symbol pin or wire end off connection grid
    ; warning
    @(79.248 mm, 144.018 mm): Vertical Wire, length 2.54 mm
[endpoint_off_grid]: Symbol pin or wire end off connection grid
    ; warning
    @(80.518 mm, 250.698 mm): Symbol #PWR082 Hidden pin  [VCC3V3, Power input, Line]
[endpoint_off_grid]: Symbol pin or wire end off connection grid
    ; warning
    @(80.518 mm, 250.698 mm): Horizontal Wire, length 2.54 mm
[endpoint_off_grid]: Symbol pin or wire end off connection grid
    ; warning
    @(83.058 mm, 103.378 mm): Horizontal Wire, length 5.08 mm
[endpoint_off_grid]: Symbol pin or wire end off connection grid
    ; warning
    @(83.058 mm, 103.378 mm): Symbol R18 Pin 2 [2, Passive, Line]
[endpoint_off_grid]: Symbol pin or wire end off connection grid
    ; warning
    @(85.598 mm, 90.678 mm): Horizontal Wire, length 2.54 mm
[endpoint_off_grid]: Symbol pin or wire end off connection grid
    ; warning
    @(85.598 mm, 93.218 mm): Horizontal Wire, length 2.54 mm
[endpoint_off_grid]: Symbol pin or wire end off connection grid
    ; warning
    @(85.598 mm, 149.098 mm): Horizontal Wire, length 2.54 mm
[endpoint_off_grid]: Symbol pin or wire end off connection grid
    ; warning
    @(85.598 mm, 154.178 mm): Horizontal Wire, length 1.27 mm
[unconnected_wire_endpoint]: Unconnected wire endpoint
    ; warning
    @(85.598 mm, 154.178 mm): Horizontal Wire, length 1.27 mm
[endpoint_off_grid]: Symbol pin or wire end off connection grid
    ; warning
    @(85.598 mm, 260.858 mm): Vertical Wire, length 2.54 mm
[endpoint_off_grid]: Symbol pin or wire end off connection grid
    ; warning
    @(85.598 mm, 260.858 mm): Symbol #PWR085 Hidden pin  [GND, Power input, Line]
[endpoint_off_grid]: Symbol pin or wire end off connection grid
    ; warning
    @(86.868 mm, 154.178 mm): Horizontal Wire, length 1.27 mm
[endpoint_off_grid]: Symbol pin or wire end off connection grid
    ; warning
    @(86.868 mm, 174.498 mm): Vertical Wire, length 20.32 mm
[endpoint_off_grid]: Symbol pin or wire end off connection grid
    ; warning
    @(86.868 mm, 174.498 mm): Horizontal Wire, length 11.43 mm
[endpoint_off_grid]: Symbol pin or wire end off connection grid
    ; warning
    @(86.868 mm, 175.768 mm): Symbol #PWR073 Hidden pin  [GND, Power input, Line]
[endpoint_off_grid]: Symbol pin or wire end off connection grid
    ; warning
    @(86.868 mm, 175.768 mm): Vertical Wire, length 1.27 mm
[endpoint_off_grid]: Symbol pin or wire end off connection grid
    ; warning
    @(90.678 mm, 258.318 mm): Vertical Wire, length 5.08 mm
[endpoint_off_grid]: Symbol pin or wire end off connection grid
    ; warning
    @(90.678 mm, 258.318 mm): Symbol Q1 Pin 4 [4, Passive, Line]
[endpoint_off_grid]: Symbol pin or wire end off connection grid
    ; warning
    @(90.678 mm, 258.318 mm): Horizontal Wire, length 7.62 mm
[endpoint_off_grid]: Symbol pin or wire end off connection grid
    ; warning
    @(90.678 mm, 263.398 mm): Symbol #PWR068 Hidden pin  [VCC3V3, Power input, Line]
[endpoint_off_grid]: Symbol pin or wire end off connection grid
    ; warning
    @(93.218 mm, 250.698 mm): Horizontal Wire, length 7.62 mm
[endpoint_off_grid]: Symbol pin or wire end off connection grid
    ; warning
    @(98.298 mm, 174.498 mm): Vertical Wire, length 2.54 mm
[endpoint_off_grid]: Symbol pin or wire end off connection grid
    ; warning
    @(98.298 mm, 174.498 mm): Horizontal Wire, length 5.08 mm
[endpoint_off_grid]: Symbol pin or wire end off connection grid
    ; warning
    @(98.298 mm, 258.318 mm): Symbol C38 Pin 2 [2, Passive, Line]
[endpoint_off_grid]: Symbol pin or wire end off connection grid
    ; warning
    @(98.298 mm, 265.938 mm): Vertical Wire, length 2.54 mm
[endpoint_off_grid]: Symbol pin or wire end off connection grid
    ; warning
    @(98.298 mm, 265.938 mm): Symbol #PWR078 Hidden pin  [GND, Power input, Line]
[endpoint_off_grid]: Symbol pin or wire end off connection grid
    ; warning
    @(99.568 mm, 33.528 mm): Vertical Wire, length 21.59 mm
[endpoint_off_grid]: Symbol pin or wire end off connection grid
    ; warning
    @(100.838 mm, 245.618 mm): Horizontal Wire, length 5.08 mm
[endpoint_off_grid]: Symbol pin or wire end off connection grid
    ; warning
    @(100.838 mm, 250.698 mm): Vertical Wire, length 5.08 mm
[endpoint_off_grid]: Symbol pin or wire end off connection grid
    ; warning
    @(100.838 mm, 250.698 mm): Vertical Wire, length 5.08 mm
[endpoint_off_grid]: Symbol pin or wire end off connection grid
    ; warning
    @(100.838 mm, 255.778 mm): Horizontal Wire, length 5.08 mm
[endpoint_off_grid]: Symbol pin or wire end off connection grid
    ; warning
    @(103.378 mm, 29.718 mm): Vertical Wire, length 25.40 mm
[endpoint_off_grid]: Symbol pin or wire end off connection grid
    ; warning
    @(103.378 mm, 174.498 mm): Horizontal Wire, length 3.81 mm
[endpoint_off_grid]: Symbol pin or wire end off connection grid
    ; warning
    @(103.378 mm, 174.498 mm): Vertical Wire, length 2.54 mm
[endpoint_off_grid]: Symbol pin or wire end off connection grid
    ; warning
    @(105.918 mm, 245.618 mm): Symbol R24 Pin 1 [1, Passive, Line]
[endpoint_off_grid]: Symbol pin or wire end off connection grid
    ; warning
    @(107.188 mm, 174.498 mm): Horizontal Wire, length 3.81 mm
[endpoint_off_grid]: Symbol pin or wire end off connection grid
    ; warning
    @(107.188 mm, 174.498 mm): Vertical Wire, length 2.54 mm
[endpoint_off_grid]: Symbol pin or wire end off connection grid
    ; warning
    @(109.728 mm, 52.578 mm): Horizontal Wire, length 39.37 mm
[endpoint_off_grid]: Symbol pin or wire end off connection grid
    ; warning
    @(109.728 mm, 55.118 mm): Vertical Wire, length 2.54 mm
[endpoint_off_grid]: Symbol pin or wire end off connection grid
    ; warning
    @(110.998 mm, 174.498 mm): Vertical Wire, length 2.54 mm
[endpoint_off_grid]: Symbol pin or wire end off connection grid
    ; warning
    @(110.998 mm, 174.498 mm): Horizontal Wire, length 3.81 mm
[endpoint_off_grid]: Symbol pin or wire end off connection grid
    ; warning
    @(110.998 mm, 245.618 mm): Horizontal Wire, length 2.54 mm
[endpoint_off_grid]: Symbol pin or wire end off connection grid
    ; warning
    @(110.998 mm, 255.778 mm): Horizontal Wire, length 2.54 mm
[endpoint_off_grid]: Symbol pin or wire end off connection grid
    ; warning
    @(110.998 mm, 255.778 mm): Symbol R25 Pin 2 [2, Passive, Line]
[endpoint_off_grid]: Symbol pin or wire end off connection grid
    ; warning
    @(113.538 mm, 52.578 mm): Horizontal Wire, length 3.81 mm
[endpoint_off_grid]: Symbol pin or wire end off connection grid
    ; warning
    @(113.538 mm, 55.118 mm): Vertical Wire, length 2.54 mm
[endpoint_off_grid]: Symbol pin or wire end off connection grid
    ; warning
    @(114.808 mm, 174.498 mm): Horizontal Wire, length 3.81 mm
[endpoint_off_grid]: Symbol pin or wire end off connection grid
    ; warning
    @(114.808 mm, 174.498 mm): Vertical Wire, length 2.54 mm
[endpoint_off_grid]: Symbol pin or wire end off connection grid
    ; warning
    @(117.348 mm, 52.578 mm): Horizontal Wire, length 3.81 mm
[endpoint_off_grid]: Symbol pin or wire end off connection grid
    ; warning
    @(117.348 mm, 55.118 mm): Vertical Wire, length 2.54 mm
[endpoint_off_grid]: Symbol pin or wire end off connection grid
    ; warning
    @(118.618 mm, 174.498 mm): Horizontal Wire, length 3.81 mm
[endpoint_off_grid]: Symbol pin or wire end off connection grid
    ; warning
    @(118.618 mm, 174.498 mm): Vertical Wire, length 2.54 mm
[endpoint_off_grid]: Symbol pin or wire end off connection grid
    ; warning
    @(122.428 mm, 174.498 mm): Vertical Wire, length 2.54 mm
[endpoint_off_grid]: Symbol pin or wire end off connection grid
    ; warning
    @(122.428 mm, 174.498 mm): Horizontal Wire, length 3.81 mm
[endpoint_off_grid]: Symbol pin or wire end off connection grid
    ; warning
    @(123.698 mm, 42.418 mm): Horizontal Wire, length 3.81 mm
[endpoint_off_grid]: Symbol pin or wire end off connection grid
    ; warning
    @(123.698 mm, 55.118 mm): Vertical Wire, length 12.70 mm
[endpoint_off_grid]: Symbol pin or wire end off connection grid
    ; warning
    @(126.238 mm, 174.498 mm): Horizontal Wire, length 3.81 mm
[endpoint_off_grid]: Symbol pin or wire end off connection grid
    ; warning
    @(126.238 mm, 174.498 mm): Vertical Wire, length 2.54 mm
[endpoint_off_grid]: Symbol pin or wire end off connection grid
    ; warning
    @(127.508 mm, 42.418 mm): Horizontal Wire, length 3.81 mm
[endpoint_off_grid]: Symbol pin or wire end off connection grid
    ; warning
    @(127.508 mm, 55.118 mm): Vertical Wire, length 12.70 mm
[endpoint_off_grid]: Symbol pin or wire end off connection grid
    ; warning
    @(130.048 mm, 173.228 mm): Symbol #PWR074 Hidden pin  [GND, Power input, Line]
[endpoint_off_grid]: Symbol pin or wire end off connection grid
    ; warning
    @(130.048 mm, 174.498 mm): Vertical Wire, length 2.54 mm
[endpoint_off_grid]: Symbol pin or wire end off connection grid
    ; warning
    @(131.318 mm, 42.418 mm): Horizontal Wire, length 3.81 mm
[endpoint_off_grid]: Symbol pin or wire end off connection grid
    ; warning
    @(131.318 mm, 55.118 mm): Vertical Wire, length 12.70 mm
[endpoint_off_grid]: Symbol pin or wire end off connection grid
    ; warning
    @(135.128 mm, 42.418 mm): Horizontal Wire, length 2.54 mm
[endpoint_off_grid]: Symbol pin or wire end off connection grid
    ; warning
    @(135.128 mm, 55.118 mm): Vertical Wire, length 12.70 mm
[endpoint_off_grid]: Symbol pin or wire end off connection grid
    ; warning
    @(137.668 mm, 39.878 mm): Symbol #PWR090 Hidden pin  [VCC3V3, Power input, Line]
[endpoint_off_grid]: Symbol pin or wire end off connection grid
    ; warning
    @(137.668 mm, 39.878 mm): Vertical Wire, length 2.54 mm
[endpoint_off_grid]: Symbol pin or wire end off connection grid
    ; warning
    @(137.668 mm, 42.418 mm): Horizontal Wire, length 2.54 mm
[endpoint_off_grid]: Symbol pin or wire end off connection grid
    ; warning
    @(140.208 mm, 42.418 mm): Horizontal Wire, length 5.08 mm
[endpoint_off_grid]: Symbol pin or wire end off connection grid
    ; warning
    @(140.208 mm, 44.958 mm): Vertical Wire, length 2.54 mm
[endpoint_off_grid]: Symbol pin or wire end off connection grid
    ; warning
    @(140.208 mm, 50.038 mm): Vertical Wire, length 2.54 mm
[endpoint_off_grid]: Symbol pin or wire end off connection grid
    ; warning
    @(140.208 mm, 50.038 mm): Symbol C135 Pin 1 [1, Passive, Line]
[endpoint_off_grid]: Symbol pin or wire end off connection grid
    ; warning
    @(140.208 mm, 52.578 mm): Horizontal Wire, length 5.08 mm
[endpoint_off_grid]: Symbol pin or wire end off connection grid
    ; warning
    @(145.288 mm, 42.418 mm): Horizontal Wire, length 7.62 mm
[endpoint_off_grid]: Symbol pin or wire end off connection grid
    ; warning
    @(145.288 mm, 44.958 mm): Symbol C136 Pin 2 [2, Passive, Line]
[endpoint_off_grid]: Symbol pin or wire end off connection grid
    ; warning
    @(145.288 mm, 44.958 mm): Vertical Wire, length 2.54 mm
[endpoint_off_grid]: Symbol pin or wire end off connection grid
    ; warning
    @(145.288 mm, 52.578 mm): Vertical Wire, length 2.54 mm
[endpoint_off_grid]: Symbol pin or wire end off connection grid
    ; warning
    @(145.288 mm, 52.578 mm): Horizontal Wire, length 7.62 mm
[endpoint_off_grid]: Symbol pin or wire end off connection grid
    ; warning
    @(145.288 mm, 202.438 mm): Horizontal Wire, length 5.08 mm
[endpoint_off_grid]: Symbol pin or wire end off connection grid
    ; warning
    @(145.288 mm, 207.518 mm): Horizontal Wire, length 5.08 mm
[endpoint_off_grid]: Symbol pin or wire end off connection grid
    ; warning
    @(145.288 mm, 212.598 mm): Horizontal Wire, length 5.08 mm
[endpoint_off_grid]: Symbol pin or wire end off connection grid
    ; warning
    @(145.288 mm, 217.678 mm): Horizontal Wire, length 5.08 mm
[endpoint_off_grid]: Symbol pin or wire end off connection grid
    ; warning
    @(145.288 mm, 222.758 mm): Horizontal Wire, length 5.08 mm
[endpoint_off_grid]: Symbol pin or wire end off connection grid
    ; warning
    @(145.288 mm, 227.838 mm): Horizontal Wire, length 5.08 mm
[endpoint_off_grid]: Symbol pin or wire end off connection grid
    ; warning
    @(150.368 mm, 202.438 mm): Symbol R4 Pin 1 [1, Passive, Line]
[endpoint_off_grid]: Symbol pin or wire end off connection grid
    ; warning
    @(150.368 mm, 207.518 mm): Symbol R4 Pin 2 [1, Passive, Line]
[endpoint_off_grid]: Symbol pin or wire end off connection grid
    ; warning
    @(150.368 mm, 212.598 mm): Symbol R4 Pin 3 [1, Passive, Line]
[endpoint_off_grid]: Symbol pin or wire end off connection grid
    ; warning
    @(150.368 mm, 222.758 mm): Symbol R4 Pin 5 [1, Passive, Line]
[endpoint_off_grid]: Symbol pin or wire end off connection grid
    ; warning
    @(150.368 mm, 227.838 mm): Symbol R4 Pin 6 [1, Passive, Line]
[endpoint_off_grid]: Symbol pin or wire end off connection grid
    ; warning
    @(152.908 mm, 42.418 mm): Horizontal Wire, length 7.62 mm
[endpoint_off_grid]: Symbol pin or wire end off connection grid
    ; warning
    @(152.908 mm, 44.958 mm): Vertical Wire, length 2.54 mm
[endpoint_off_grid]: Symbol pin or wire end off connection grid
    ; warning
    @(152.908 mm, 50.038 mm): Symbol C138 Pin 1 [1, Passive, Line]
[endpoint_off_grid]: Symbol pin or wire end off connection grid
    ; warning
    @(152.908 mm, 52.578 mm): Horizontal Wire, length 7.62 mm
[endpoint_off_grid]: Symbol pin or wire end off connection grid
    ; warning
    @(152.908 mm, 52.578 mm): Vertical Wire, length 2.54 mm
[endpoint_off_grid]: Symbol pin or wire end off connection grid
    ; warning
    @(154.178 mm, 65.278 mm): Horizontal Wire, length 13.97 mm
[endpoint_off_grid]: Symbol pin or wire end off connection grid
    ; warning
    @(154.178 mm, 67.818 mm): Horizontal Wire, length 21.59 mm
[endpoint_off_grid]: Symbol pin or wire end off connection grid
    ; warning
    @(154.178 mm, 70.358 mm): Horizontal Wire, length 29.21 mm
[endpoint_off_grid]: Symbol pin or wire end off connection grid
    ; warning
    @(154.178 mm, 72.898 mm): Horizontal Wire, length 36.83 mm
[endpoint_off_grid]: Symbol pin or wire end off connection grid
    ; warning
    @(154.178 mm, 75.438 mm): Horizontal Wire, length 44.45 mm
[endpoint_off_grid]: Symbol pin or wire end off connection grid
    ; warning
    @(154.178 mm, 77.978 mm): Horizontal Wire, length 13.97 mm
[endpoint_off_grid]: Symbol pin or wire end off connection grid
    ; warning
    @(154.178 mm, 110.998 mm): Horizontal Wire, length 21.59 mm
[endpoint_off_grid]: Symbol pin or wire end off connection grid
    ; warning
    @(154.178 mm, 113.538 mm): Horizontal Wire, length 64.77 mm
[endpoint_off_grid]: Symbol pin or wire end off connection grid
    ; warning
    @(154.178 mm, 116.078 mm): Horizontal Wire, length 2.54 mm
[endpoint_off_grid]: Symbol pin or wire end off connection grid
    ; warning
    @(154.178 mm, 118.618 mm): Horizontal Wire, length 57.15 mm
[endpoint_off_grid]: Symbol pin or wire end off connection grid
    ; warning
    @(154.178 mm, 121.158 mm): Horizontal Wire, length 2.54 mm
[endpoint_off_grid]: Symbol pin or wire end off connection grid
    ; warning
    @(154.178 mm, 123.698 mm): Symbol U2 Pin 44 [BDBUS5, Bidirectional, Line]
[endpoint_off_grid]: Symbol pin or wire end off connection grid
    ; warning
    @(154.178 mm, 156.718 mm): Horizontal Wire, length 2.54 mm
[endpoint_off_grid]: Symbol pin or wire end off connection grid
    ; warning
    @(160.528 mm, 42.418 mm): Vertical Wire, length 2.54 mm
[endpoint_off_grid]: Symbol pin or wire end off connection grid
    ; warning
    @(160.528 mm, 44.958 mm): Symbol C137 Pin 2 [2, Passive, Line]
[endpoint_off_grid]: Symbol pin or wire end off connection grid
    ; warning
    @(160.528 mm, 52.578 mm): Symbol #PWR084 Hidden pin  [GND, Power input, Line]
[endpoint_off_grid]: Symbol pin or wire end off connection grid
    ; warning
    @(160.528 mm, 52.578 mm): Vertical Wire, length 2.54 mm
[endpoint_off_grid]: Symbol pin or wire end off connection grid
    ; warning
    @(160.528 mm, 53.848 mm): Vertical Wire, length 1.27 mm
[unconnected_wire_endpoint]: Unconnected wire endpoint
    ; warning
    @(160.528 mm, 53.848 mm): Vertical Wire, length 1.27 mm
[endpoint_off_grid]: Symbol pin or wire end off connection grid
    ; warning
    @(160.528 mm, 202.438 mm): Horizontal Wire, length 29.21 mm
[endpoint_off_grid]: Symbol pin or wire end off connection grid
    ; warning
    @(160.528 mm, 207.518 mm): Horizontal Wire, length 52.07 mm
[endpoint_off_grid]: Symbol pin or wire end off connection grid
    ; warning
    @(160.528 mm, 212.598 mm): Horizontal Wire, length 36.83 mm
[endpoint_off_grid]: Symbol pin or wire end off connection grid
    ; warning
    @(160.528 mm, 217.678 mm): Horizontal Wire, length 36.83 mm
[endpoint_off_grid]: Symbol pin or wire end off connection grid
    ; warning
    @(160.528 mm, 217.678 mm): Symbol R4 Pin 13 [2, Passive, Line]
[endpoint_off_grid]: Symbol pin or wire end off connection grid
    ; warning
    @(160.528 mm, 222.758 mm): Horizontal Wire, length 36.83 mm
[endpoint_off_grid]: Symbol pin or wire end off connection grid
    ; warning
    @(160.528 mm, 227.838 mm): Horizontal Wire, length 13.97 mm
[unconnected_wire_endpoint]: Unconnected wire endpoint
    ; warning
    @(154.178 mm, 65.278 mm): Horizontal Wire, length 13.97 mm
[unconnected_wire_endpoint]: Unconnected wire endpoint
    ; warning
    @(154.178 mm, 77.978 mm): Horizontal Wire, length 13.97 mm
[endpoint_off_grid]: Symbol pin or wire end off connection grid
    ; warning
    @(174.498 mm, 227.838 mm): Horizontal Wire, length 22.86 mm
[endpoint_off_grid]: Symbol pin or wire end off connection grid
    ; warning
    @(174.498 mm, 230.378 mm): Symbol R5 Pin 2 [2, Passive, Line]
[endpoint_off_grid]: Symbol pin or wire end off connection grid
    ; warning
    @(174.498 mm, 230.378 mm): Vertical Wire, length 2.54 mm
[endpoint_off_grid]: Symbol pin or wire end off connection grid
    ; warning
    @(174.498 mm, 243.078 mm): Symbol #PWR086 Hidden pin  [GND, Power input, Line]
[endpoint_off_grid]: Symbol pin or wire end off connection grid
    ; warning
    @(174.498 mm, 243.078 mm): Vertical Wire, length 2.54 mm
[endpoint_off_grid]: Symbol pin or wire end off connection grid
    ; warning
    @(175.768 mm, 42.418 mm): Horizontal Wire, length 7.62 mm
[endpoint_off_grid]: Symbol pin or wire end off connection grid
    ; warning
    @(175.768 mm, 47.498 mm): Symbol R90 Pin 2 [2, Passive, Line]
[endpoint_off_grid]: Symbol pin or wire end off connection grid
    ; warning
    @(175.768 mm, 47.498 mm): Vertical Wire, length 5.08 mm
[endpoint_off_grid]: Symbol pin or wire end off connection grid
    ; warning
    @(175.768 mm, 67.818 mm): Vertical Wire, length 15.24 mm
[unconnected_wire_endpoint]: Unconnected wire endpoint
    ; warning
    @(154.178 mm, 110.998 mm): Horizontal Wire, length 21.59 mm
[endpoint_off_grid]: Symbol pin or wire end off connection grid
    ; warning
    @(180.848 mm, 166.878 mm): Symbol #PWR066 Hidden pin  [VCC3V3, Power input, Line]
[endpoint_off_grid]: Symbol pin or wire end off connection grid
    ; warning
    @(180.848 mm, 169.418 mm): Symbol R1 Pin 4 [2, Passive, Line]
[endpoint_off_grid]: Symbol pin or wire end off connection grid
    ; warning
    @(180.848 mm, 169.418 mm): Vertical Wire, length 2.54 mm
[endpoint_off_grid]: Symbol pin or wire end off connection grid
    ; warning
    @(180.848 mm, 179.578 mm): Vertical Wire, length 2.54 mm
[lib_symbol_mismatch]: Symbol 'RES2742' doesn't match copy in library 'ctambe'
    ; warning
    @(180.848 mm, 179.578 mm): Symbol R1 [RES2742]
[endpoint_off_grid]: Symbol pin or wire end off connection grid
    ; warning
    @(180.848 mm, 182.118 mm): Horizontal Wire, length 16.51 mm
[endpoint_off_grid]: Symbol pin or wire end off connection grid
    ; warning
    @(183.388 mm, 42.418 mm): Horizontal Wire, length 5.08 mm
[endpoint_off_grid]: Symbol pin or wire end off connection grid
    ; warning
    @(183.388 mm, 47.498 mm): Vertical Wire, length 5.08 mm
[endpoint_off_grid]: Symbol pin or wire end off connection grid
    ; warning
    @(183.388 mm, 52.578 mm): Symbol R91 Pin 1 [1, Passive, Line]
[endpoint_off_grid]: Symbol pin or wire end off connection grid
    ; warning
    @(183.388 mm, 70.358 mm): Vertical Wire, length 17.78 mm
[endpoint_off_grid]: Symbol pin or wire end off connection grid
    ; warning
    @(188.468 mm, 41.148 mm): Symbol #PWR091 Hidden pin  [VCC3V3, Power input, Line]
[endpoint_off_grid]: Symbol pin or wire end off connection grid
    ; warning
    @(188.468 mm, 42.418 mm): Vertical Wire, length 1.27 mm
[endpoint_off_grid]: Symbol pin or wire end off connection grid
    ; warning
    @(188.468 mm, 42.418 mm): Horizontal Wire, length 2.54 mm
[endpoint_off_grid]: Symbol pin or wire end off connection grid
    ; warning
    @(189.738 mm, 189.738 mm): Symbol #PWR089 Hidden pin  [VCC3V3, Power input, Line]
[endpoint_off_grid]: Symbol pin or wire end off connection grid
    ; warning
    @(189.738 mm, 192.278 mm): Vertical Wire, length 2.54 mm
[endpoint_off_grid]: Symbol pin or wire end off connection grid
    ; warning
    @(189.738 mm, 192.278 mm): Symbol R1 Pin 3 [2, Passive, Line]
[endpoint_off_grid]: Symbol pin or wire end off connection grid
    ; warning
    @(189.738 mm, 202.438 mm): Horizontal Wire, length 7.62 mm
[endpoint_off_grid]: Symbol pin or wire end off connection grid
    ; warning
    @(191.008 mm, 42.418 mm): Horizontal Wire, length 7.62 mm
[endpoint_off_grid]: Symbol pin or wire end off connection grid
    ; warning
    @(191.008 mm, 47.498 mm): Symbol R92 Pin 2 [2, Passive, Line]
[endpoint_off_grid]: Symbol pin or wire end off connection grid
    ; warning
    @(191.008 mm, 47.498 mm): Vertical Wire, length 5.08 mm
[endpoint_off_grid]: Symbol pin or wire end off connection grid
    ; warning
    @(191.008 mm, 72.898 mm): Vertical Wire, length 20.32 mm
[endpoint_off_grid]: Symbol pin or wire end off connection grid
    ; warning
    @(198.628 mm, 42.418 mm): Horizontal Wire, length 12.70 mm
[endpoint_off_grid]: Symbol pin or wire end off connection grid
    ; warning
    @(198.628 mm, 47.498 mm): Symbol R99 Pin 2 [2, Passive, Line]
[endpoint_off_grid]: Symbol pin or wire end off connection grid
    ; warning
    @(198.628 mm, 47.498 mm): Vertical Wire, length 5.08 mm
[endpoint_off_grid]: Symbol pin or wire end off connection grid
    ; warning
    @(198.628 mm, 75.438 mm): Vertical Wire, length 22.86 mm
[endpoint_off_grid]: Symbol pin or wire end off connection grid
    ; warning
    @(211.328 mm, 42.418 mm): Horizontal Wire, length 7.62 mm
[endpoint_off_grid]: Symbol pin or wire end off connection grid
    ; warning
    @(211.328 mm, 47.498 mm): Vertical Wire, length 5.08 mm
[endpoint_off_grid]: Symbol pin or wire end off connection grid
    ; warning
    @(211.328 mm, 52.578 mm): Symbol R93 Pin 1 [1, Passive, Line]
[endpoint_off_grid]: Symbol pin or wire end off connection grid
    ; warning
    @(211.328 mm, 118.618 mm): Vertical Wire, length 66.04 mm
[endpoint_off_grid]: Symbol pin or wire end off connection grid
    ; warning
    @(212.598 mm, 182.118 mm): Symbol #PWR088 Hidden pin  [VCC3V3, Power input, Line]
[endpoint_off_grid]: Symbol pin or wire end off connection grid
    ; warning
    @(212.598 mm, 189.738 mm): Symbol R4 Pin 8 [1, Passive, Line]
[endpoint_off_grid]: Symbol pin or wire end off connection grid
    ; warning
    @(212.598 mm, 189.738 mm): Vertical Wire, length 7.62 mm
[endpoint_off_grid]: Symbol pin or wire end off connection grid
    ; warning
    @(212.598 mm, 207.518 mm): Vertical Wire, length 7.62 mm
[endpoint_off_grid]: Symbol pin or wire end off connection grid
    ; warning
    @(218.948 mm, 42.418 mm): Vertical Wire, length 5.08 mm
[endpoint_off_grid]: Symbol pin or wire end off connection grid
    ; warning
    @(218.948 mm, 47.498 mm): Symbol R94 Pin 2 [2, Passive, Line]
[endpoint_off_grid]: Symbol pin or wire end off connection grid
    ; warning
    @(218.948 mm, 113.538 mm): Vertical Wire, length 60.96 mm
[endpoint_off_grid]: Symbol pin or wire end off connection grid
    ; warning
    @(222.758 mm, 199.898 mm): Vertical Wire, length 10.16 mm
[endpoint_off_grid]: Symbol pin or wire end off connection grid
    ; warning
    @(222.758 mm, 199.898 mm): Symbol R4 Pin 10 [2, Passive, Line]
[endpoint_off_grid]: Symbol pin or wire end off connection grid
    ; warning
    @(27.94 mm, 60.706 mm): Symbol #PWR026 Hidden pin  [VU, Power input, Line]
[endpoint_off_grid]: Symbol pin or wire end off connection grid
    ; warning
    @(27.94 mm, 65.786 mm): Vertical Wire, length 5.08 mm
[endpoint_off_grid]: Symbol pin or wire end off connection grid
    ; warning
    @(27.94 mm, 65.786 mm): Symbol R108 Pin 2 [2, Passive, Line]
[endpoint_off_grid]: Symbol pin or wire end off connection grid
    ; warning
    @(27.94 mm, 73.406 mm): Symbol LD4 Pin A [A, Passive, Line]
[endpoint_off_grid]: Symbol pin or wire end off connection grid
    ; warning
    @(27.94 mm, 73.406 mm): Vertical Wire, length 2.54 mm
[endpoint_off_grid]: Symbol pin or wire end off connection grid
    ; warning
    @(27.94 mm, 86.106 mm): Vertical Wire, length 2.54 mm
[endpoint_off_grid]: Symbol pin or wire end off connection grid
    ; warning
    @(38.10 mm, 55.626 mm): Symbol #PWR023 Hidden pin  [VU, Power input, Line]
[endpoint_off_grid]: Symbol pin or wire end off connection grid
    ; warning
    @(38.10 mm, 60.706 mm): Vertical Wire, length 5.08 mm
[endpoint_off_grid]: Symbol pin or wire end off connection grid
    ; warning
    @(38.10 mm, 60.706 mm): Symbol R107 Pin 2 [2, Passive, Line]
[endpoint_off_grid]: Symbol pin or wire end off connection grid
    ; warning
    @(38.10 mm, 68.326 mm): Vertical Wire, length 2.54 mm
[endpoint_off_grid]: Symbol pin or wire end off connection grid
    ; warning
    @(38.10 mm, 78.486 mm): Symbol LD3 Pin K [K, Passive, Line]
[endpoint_off_grid]: Symbol pin or wire end off connection grid
    ; warning
    @(38.10 mm, 81.026 mm): Vertical Wire, length 2.54 mm
[endpoint_off_grid]: Symbol pin or wire end off connection grid
    ; warning
    @(40.64 mm, 27.178 mm): Horizontal Wire, length 6.35 mm
[endpoint_off_grid]: Symbol pin or wire end off connection grid
    ; warning
    @(40.64 mm, 50.546 mm): Vertical Wire, length 23.368 mm
[endpoint_off_grid]: Symbol pin or wire end off connection grid
    ; warning
    @(43.18 mm, 29.718 mm): Horizontal Wire, length 3.81 mm
[endpoint_off_grid]: Symbol pin or wire end off connection grid
    ; warning
    @(43.18 mm, 32.258 mm): Horizontal Wire, length 3.81 mm
[endpoint_off_grid]: Symbol pin or wire end off connection grid
    ; warning
    @(45.72 mm, 37.338 mm): Horizontal Wire, length 1.27 mm
[endpoint_off_grid]: Symbol pin or wire end off connection grid
    ; warning
    @(45.72 mm, 43.688 mm): Symbol #PWR003 Hidden pin  [GND, Power input, Line]
[endpoint_off_grid]: Symbol pin or wire end off connection grid
    ; warning
    @(45.72 mm, 43.688 mm): Vertical Wire, length 6.35 mm
[endpoint_off_grid]: Symbol pin or wire end off connection grid
    ; warning
    @(46.99 mm, 34.798 mm): Symbol X1 Pin 4 [4, Input, Line]
[endpoint_off_grid]: Symbol pin or wire end off connection grid
    ; warning
    @(53.34 mm, 50.546 mm): Vertical Wire, length 2.54 mm
[endpoint_off_grid]: Symbol pin or wire end off connection grid
    ; warning
    @(53.34 mm, 58.166 mm): Symbol C150 Pin 1 [1, Passive, Line]
[endpoint_off_grid]: Symbol pin or wire end off connection grid
    ; warning
    @(53.34 mm, 58.166 mm): Vertical Wire, length 5.08 mm
[endpoint_off_grid]: Symbol pin or wire end off connection grid
    ; warning
    @(53.34 mm, 63.246 mm): Symbol #PWR013 Hidden pin  [GND, Power input, Line]
[endpoint_off_grid]: Symbol pin or wire end off connection grid
    ; warning
    @(60.96 mm, 24.638 mm): Vertical Wire, length 19.05 mm
[endpoint_off_grid]: Symbol pin or wire end off connection grid
    ; warning
    @(60.96 mm, 43.688 mm): Horizontal Wire, length 15.24 mm
[endpoint_off_grid]: Symbol pin or wire end off connection grid
    ; warning
    @(60.96 mm, 58.166 mm): Symbol #PWR010 Hidden pin  [VU, Power input, Line]
[endpoint_off_grid]: Symbol pin or wire end off connection grid
    ; warning
    @(63.50 mm, 65.786 mm): Vertical Wire, length 10.16 mm
[endpoint_off_grid]: Symbol pin or wire end off connection grid
    ; warning
    @(63.50 mm, 75.946 mm): Symbol #PWR021 Hidden pin  [GND, Power input, Line]
[endpoint_off_grid]: Symbol pin or wire end off connection grid
    ; warning
    @(63.50 mm, 101.346 mm): Vertical Wire, length 10.16 mm
[endpoint_off_grid]: Symbol pin or wire end off connection grid
    ; warning
    @(63.50 mm, 111.506 mm): Symbol #PWR008 Hidden pin  [GND, Power input, Line]
[endpoint_off_grid]: Symbol pin or wire end off connection grid
    ; warning
    @(68.58 mm, 50.546 mm): Horizontal Wire, length 27.94 mm
[endpoint_off_grid]: Symbol pin or wire end off connection grid
    ; warning
    @(68.58 mm, 58.166 mm): Horizontal Wire, length 7.62 mm
[endpoint_off_grid]: Symbol pin or wire end off connection grid
    ; warning
    @(68.58 mm, 65.786 mm): Horizontal Wire, length 5.08 mm
[endpoint_off_grid]: Symbol pin or wire end off connection grid
    ; warning
    @(68.58 mm, 65.786 mm): Symbol U8 Pin 4 [CE, Input, Line]
[endpoint_off_grid]: Symbol pin or wire end off connection grid
    ; warning
    @(68.58 mm, 70.866 mm): Horizontal Wire, length 5.08 mm
[endpoint_off_grid]: Symbol pin or wire end off connection grid
    ; warning
    @(68.58 mm, 81.026 mm): Horizontal Wire, length 30.48 mm
[endpoint_off_grid]: Symbol pin or wire end off connection grid
    ; warning
    @(68.58 mm, 86.106 mm): Horizontal Wire, length 40.64 mm
[endpoint_off_grid]: Symbol pin or wire end off connection grid
    ; warning
    @(68.58 mm, 101.346 mm): Horizontal Wire, length 5.08 mm
[endpoint_off_grid]: Symbol pin or wire end off connection grid
    ; warning
    @(68.58 mm, 106.426 mm): Horizontal Wire, length 5.08 mm
[endpoint_off_grid]: Symbol pin or wire end off connection grid
    ; warning
    @(102.87 mm, 172.466 mm): Horizontal Wire, length 7.62 mm
[endpoint_off_grid]: Symbol pin or wire end off connection grid
    ; warning
    @(102.87 mm, 172.466 mm): Symbol C147 Pin 2 [2, Passive, Line]
[endpoint_off_grid]: Symbol pin or wire end off connection grid
    ; warning
    @(102.87 mm, 177.546 mm): Symbol #PWR005 Hidden pin  [GND, Power input, Line]
[endpoint_off_grid]: Symbol pin or wire end off connection grid
    ; warning
    @(102.87 mm, 200.406 mm): Horizontal Wire, length 7.62 mm
[endpoint_off_grid]: Symbol pin or wire end off connection grid
    ; warning
    @(102.87 mm, 205.486 mm): Symbol #PWR006 Hidden pin  [GND, Power input, Line]
[endpoint_off_grid]: Symbol pin or wire end off connection grid
    ; warning
    @(102.87 mm, 205.486 mm): Symbol C148 Pin 1 [1, Passive, Line]
[endpoint_off_grid]: Symbol pin or wire end off connection grid
    ; warning
    @(102.87 mm, 228.346 mm): Horizontal Wire, length 7.62 mm
[endpoint_off_grid]: Symbol pin or wire end off connection grid
    ; warning
    @(102.87 mm, 233.426 mm): Symbol #PWR017 Hidden pin  [GND, Power input, Line]
[endpoint_off_grid]: Symbol pin or wire end off connection grid
    ; warning
    @(102.87 mm, 233.426 mm): Symbol C149 Pin 1 [1, Passive, Line]
[endpoint_off_grid]: Symbol pin or wire end off connection grid
    ; warning
    @(104.648 mm, 172.466 mm): Symbol #PWR028 Hidden pin  [VU, Power input, Line]
[endpoint_off_grid]: Symbol pin or wire end off connection grid
    ; warning
    @(104.648 mm, 200.406 mm): Symbol #PWR009 Hidden pin  [VU, Power input, Line]
[endpoint_off_grid]: Symbol pin or wire end off connection grid
    ; warning
    @(104.648 mm, 228.346 mm): Symbol #PWR020 Hidden pin  [VU, Power input, Line]
[endpoint_off_grid]: Symbol pin or wire end off connection grid
    ; warning
    @(110.49 mm, 172.466 mm): Symbol U5 Pin 1 [VIN, Power input, Line]
[endpoint_off_grid]: Symbol pin or wire end off connection grid
    ; warning
    @(110.49 mm, 177.546 mm): Vertical Wire, length 5.08 mm
[endpoint_off_grid]: Symbol pin or wire end off connection grid
    ; warning
    @(110.49 mm, 205.486 mm): Vertical Wire, length 5.08 mm
[endpoint_off_grid]: Symbol pin or wire end off connection grid
    ; warning
    @(110.49 mm, 233.426 mm): Vertical Wire, length 5.08 mm
[endpoint_off_grid]: Symbol pin or wire end off connection grid
    ; warning
    @(128.27 mm, 187.706 mm): Symbol #PWR018 Hidden pin  [GND, Power input, Line]
[endpoint_off_grid]: Symbol pin or wire end off connection grid
    ; warning
    @(128.27 mm, 215.646 mm): Symbol #PWR011 Hidden pin  [GND, Power input, Line]
[endpoint_off_grid]: Symbol pin or wire end off connection grid
    ; warning
    @(128.27 mm, 243.586 mm): Symbol #PWR016 Hidden pin  [GND, Power input, Line]
[endpoint_off_grid]: Symbol pin or wire end off connection grid
    ; warning
    @(128.27 mm, 243.586 mm): Symbol U7 Pin 2 [GND, Power input, Line]
[endpoint_off_grid]: Symbol pin or wire end off connection grid
    ; warning
    @(129.54 mm, 50.546 mm): Horizontal Wire, length 27.94 mm
[endpoint_off_grid]: Symbol pin or wire end off connection grid
    ; warning
    @(129.54 mm, 55.626 mm): Horizontal Wire, length 7.62 mm
[endpoint_off_grid]: Symbol pin or wire end off connection grid
    ; warning
    @(129.54 mm, 65.786 mm): Horizontal Wire, length 40.64 mm
[endpoint_off_grid]: Symbol pin or wire end off connection grid
    ; warning
    @(129.54 mm, 70.866 mm): Vertical Wire, length 5.08 mm
[endpoint_off_grid]: Symbol pin or wire end off connection grid
    ; warning
    @(129.54 mm, 86.106 mm): Horizontal Wire, length 63.50 mm
[endpoint_off_grid]: Symbol pin or wire end off connection grid
    ; warning
    @(129.54 mm, 91.186 mm): Horizontal Wire, length 50.80 mm
[endpoint_off_grid]: Symbol pin or wire end off connection grid
    ; warning
    @(129.54 mm, 96.266 mm): Horizontal Wire, length 38.10 mm
[endpoint_off_grid]: Symbol pin or wire end off connection grid
    ; warning
    @(129.54 mm, 101.346 mm): Horizontal Wire, length 25.40 mm
[endpoint_off_grid]: Symbol pin or wire end off connection grid
    ; warning
    @(129.54 mm, 106.426 mm): Horizontal Wire, length 12.70 mm
[endpoint_off_grid]: Symbol pin or wire end off connection grid
    ; warning
    @(134.62 mm, 65.786 mm): Symbol #PWR007 Hidden pin  [VBATT, Power input, Line]
[endpoint_off_grid]: Symbol pin or wire end off connection grid
    ; warning
    @(137.16 mm, 55.626 mm): Vertical Wire, length 5.08 mm
[endpoint_off_grid]: Symbol pin or wire end off connection grid
    ; warning
    @(139.70 mm, 50.546 mm): Symbol #PWR015 Hidden pin  [VU, Power input, Line]
[endpoint_off_grid]: Symbol pin or wire end off connection grid
    ; warning
    @(142.24 mm, 106.426 mm): Vertical Wire, length 2.54 mm
[endpoint_off_grid]: Symbol pin or wire end off connection grid
    ; warning
    @(142.24 mm, 114.046 mm): Symbol R105 Pin 1 [1, Passive, Line]
[endpoint_off_grid]: Symbol pin or wire end off connection grid
    ; warning
    @(142.24 mm, 114.046 mm): Vertical Wire, length 5.08 mm
[endpoint_off_grid]: Symbol pin or wire end off connection grid
    ; warning
    @(142.24 mm, 119.126 mm): Horizontal Wire, length 50.80 mm
[endpoint_off_grid]: Symbol pin or wire end off connection grid
    ; warning
    @(146.05 mm, 172.466 mm): Horizontal Wire, length 2.54 mm
[endpoint_off_grid]: Symbol pin or wire end off connection grid
    ; warning
    @(146.05 mm, 177.546 mm): Horizontal Wire, length 19.05 mm
[endpoint_off_grid]: Symbol pin or wire end off connection grid
    ; warning
    @(146.05 mm, 200.406 mm): Horizontal Wire, length 2.54 mm
[endpoint_off_grid]: Symbol pin or wire end off connection grid
    ; warning
    @(146.05 mm, 205.486 mm): Horizontal Wire, length 19.05 mm
[endpoint_off_grid]: Symbol pin or wire end off connection grid
    ; warning
    @(146.05 mm, 205.486 mm): Symbol U6 Pin 4 [VOUT, Input, Line]
[endpoint_off_grid]: Symbol pin or wire end off connection grid
    ; warning
    @(146.05 mm, 228.346 mm): Horizontal Wire, length 2.54 mm
[endpoint_off_grid]: Symbol pin or wire end off connection grid
    ; warning
    @(146.05 mm, 233.426 mm): Horizontal Wire, length 19.05 mm
[endpoint_off_grid]: Symbol pin or wire end off connection grid
    ; warning
    @(147.32 mm, 65.786 mm): Vertical Wire, length 2.54 mm
[endpoint_off_grid]: Symbol pin or wire end off connection grid
    ; warning
    @(147.32 mm, 73.406 mm): Symbol C151 Pin 1 [1, Passive, Line]
[endpoint_off_grid]: Symbol pin or wire end off connection grid
    ; warning
    @(147.32 mm, 73.406 mm): Vertical Wire, length 5.08 mm
[endpoint_off_grid]: Symbol pin or wire end off connection grid
    ; warning
    @(147.32 mm, 78.486 mm): Symbol #PWR025 Hidden pin  [GND, Power input, Line]
[endpoint_off_grid]: Symbol pin or wire end off connection grid
    ; warning
    @(148.59 mm, 172.466 mm): Symbol L1 Pin 1 [1, Passive, Line]
[endpoint_off_grid]: Symbol pin or wire end off connection grid
    ; warning
    @(148.59 mm, 200.406 mm): Symbol L2 Pin 1 [1, Passive, Line]
[endpoint_off_grid]: Symbol pin or wire end off connection grid
    ; warning
    @(148.59 mm, 228.346 mm): Symbol L3 Pin 1 [1, Passive, Line]
[endpoint_off_grid]: Symbol pin or wire end off connection grid
    ; warning
    @(154.94 mm, 101.346 mm): Vertical Wire, length 2.54 mm
[endpoint_off_grid]: Symbol pin or wire end off connection grid
    ; warning
    @(154.94 mm, 103.886 mm): Symbol R104 Pin 2 [2, Passive, Line]
[endpoint_off_grid]: Symbol pin or wire end off connection grid
    ; warning
    @(154.94 mm, 108.966 mm): Vertical Wire, length 10.16 mm
[endpoint_off_grid]: Symbol pin or wire end off connection grid
    ; warning
    @(157.48 mm, 55.626 mm): Vertical Wire, length 2.54 mm
[endpoint_off_grid]: Symbol pin or wire end off connection grid
    ; warning
    @(157.48 mm, 55.626 mm): Symbol C78 Pin 1 [1, Passive, Line]
[endpoint_off_grid]: Symbol pin or wire end off connection grid
    ; warning
    @(157.48 mm, 58.166 mm): Symbol #PWR002 Hidden pin  [GND, Power input, Line]
[endpoint_off_grid]: Symbol pin or wire end off connection grid
    ; warning
    @(158.75 mm, 172.466 mm): Horizontal Wire, length 19.05 mm
[endpoint_off_grid]: Symbol pin or wire end off connection grid
    ; warning
    @(158.75 mm, 200.406 mm): Horizontal Wire, length 19.05 mm
[endpoint_off_grid]: Symbol pin or wire end off connection grid
    ; warning
    @(158.75 mm, 228.346 mm): Horizontal Wire, length 19.05 mm
[endpoint_off_grid]: Symbol pin or wire end off connection grid
    ; warning
    @(165.10 mm, 70.866 mm): Vertical Wire, length 7.62 mm
[endpoint_off_grid]: Symbol pin or wire end off connection grid
    ; warning
    @(165.10 mm, 78.486 mm): Symbol #PWR027 Hidden pin  [GND, Power input, Line]
[endpoint_off_grid]: Symbol pin or wire end off connection grid
    ; warning
    @(165.10 mm, 177.546 mm): Vertical Wire, length 5.08 mm
[endpoint_off_grid]: Symbol pin or wire end off connection grid
    ; warning
    @(165.10 mm, 205.486 mm): Vertical Wire, length 5.08 mm
[endpoint_off_grid]: Symbol pin or wire end off connection grid
    ; warning
    @(165.10 mm, 233.426 mm): Vertical Wire, length 5.08 mm
[endpoint_off_grid]: Symbol pin or wire end off connection grid
    ; warning
    @(167.64 mm, 96.266 mm): Vertical Wire, length 2.54 mm
[endpoint_off_grid]: Symbol pin or wire end off connection grid
    ; warning
    @(167.64 mm, 98.806 mm): Symbol R103 Pin 2 [2, Passive, Line]
[endpoint_off_grid]: Symbol pin or wire end off connection grid
    ; warning
    @(167.64 mm, 103.886 mm): Vertical Wire, length 15.24 mm
[endpoint_off_grid]: Symbol pin or wire end off connection grid
    ; warning
    @(167.64 mm, 119.126 mm): Vertical Wire, length 2.54 mm
[endpoint_off_grid]: Symbol pin or wire end off connection grid
    ; warning
    @(167.64 mm, 121.666 mm): Symbol #PWR019 Hidden pin  [GND, Power input, Line]
[endpoint_off_grid]: Symbol pin or wire end off connection grid
    ; warning
    @(170.18 mm, 65.786 mm): Symbol X4 Pin 1 [BAT+, Passive, Line]
[endpoint_off_grid]: Symbol pin or wire end off connection grid
    ; warning
    @(170.18 mm, 70.866 mm): Horizontal Wire, length 5.08 mm
[endpoint_off_grid]: Symbol pin or wire end off connection grid
    ; warning
    @(172.72 mm, 177.546 mm): Symbol #PWR024 Hidden pin  [GND, Power input, Line]
[endpoint_off_grid]: Symbol pin or wire end off connection grid
    ; warning
    @(172.72 mm, 177.546 mm): Symbol C80 Pin 1 [1, Passive, Line]
[endpoint_off_grid]: Symbol pin or wire end off connection grid
    ; warning
    @(172.72 mm, 205.486 mm): Symbol #PWR022 Hidden pin  [GND, Power input, Line]
[endpoint_off_grid]: Symbol pin or wire end off connection grid
    ; warning
    @(172.72 mm, 205.486 mm): Symbol C82 Pin 1 [1, Passive, Line]
[endpoint_off_grid]: Symbol pin or wire end off connection grid
    ; warning
    @(172.72 mm, 228.346 mm): Symbol C84 Pin 2 [2, Passive, Line]
[endpoint_off_grid]: Symbol pin or wire end off connection grid
    ; warning
    @(172.72 mm, 233.426 mm): Symbol #PWR029 Hidden pin  [GND, Power input, Line]
[endpoint_off_grid]: Symbol pin or wire end off connection grid
    ; warning
    @(177.80 mm, 172.466 mm): Symbol #PWR012 Hidden pin  [VCC3V3, Power input, Line]
[endpoint_off_grid]: Symbol pin or wire end off connection grid
    ; warning
    @(177.80 mm, 200.406 mm): Symbol #PWR014 Hidden pin  [VCC1V8, Power input, Line]
[endpoint_off_grid]: Symbol pin or wire end off connection grid
    ; warning
    @(177.80 mm, 228.346 mm): Symbol #PWR001 Hidden pin  [VCC1V0, Power input, Line]
[endpoint_off_grid]: Symbol pin or wire end off connection grid
    ; warning
    @(180.34 mm, 91.186 mm): Vertical Wire, length 2.54 mm
[endpoint_off_grid]: Symbol pin or wire end off connection grid
    ; warning
    @(180.34 mm, 93.726 mm): Symbol R102 Pin 2 [2, Passive, Line]
[endpoint_off_grid]: Symbol pin or wire end off connection grid
    ; warning
    @(180.34 mm, 98.806 mm): Vertical Wire, length 20.32 mm
[endpoint_off_grid]: Symbol pin or wire end off connection grid
    ; warning
    @(193.04 mm, 86.106 mm): Vertical Wire, length 2.54 mm
[endpoint_off_grid]: Symbol pin or wire end off connection grid
    ; warning
    @(193.04 mm, 88.646 mm): Symbol R106 Pin 2 [2, Passive, Line]
[endpoint_off_grid]: Symbol pin or wire end off connection grid
    ; warning
    @(193.04 mm, 93.726 mm): Vertical Wire, length 25.40 mm
[endpoint_off_grid]: Symbol pin or wire end off connection grid
    ; warning
    @(214.63 mm, 221.488 mm): Symbol #PWR004 Hidden pin  [VCC3V3, Power input, Line]
[endpoint_off_grid]: Symbol pin or wire end off connection grid
    ; warning
    @(214.63 mm, 221.488 mm): Symbol LD5 Pin A [A, Passive, Line]
[endpoint_off_grid]: Symbol pin or wire end off connection grid
    ; warning
    @(214.63 mm, 236.728 mm): Vertical Wire, length 5.08 mm
[endpoint_off_grid]: Symbol pin or wire end off connection grid
    ; warning
    @(214.63 mm, 241.808 mm): Symbol R78 Pin 1 [1, Passive, Line]
[endpoint_off_grid]: Symbol pin or wire end off connection grid
    ; warning
    @(57.15 mm, 228.854 mm): Symbol #PWR097 Hidden pin  [GND, Power input, Line]
[endpoint_off_grid]: Symbol pin or wire end off connection grid
    ; warning
    @(57.15 mm, 228.854 mm): Horizontal Wire, length 2.54 mm
[endpoint_off_grid]: Symbol pin or wire end off connection grid
    ; warning
    @(57.15 mm, 231.394 mm): Horizontal Wire, length 2.54 mm
[endpoint_off_grid]: Symbol pin or wire end off connection grid
    ; warning
    @(57.15 mm, 233.934 mm): Symbol #PWR098 Hidden pin  [GND, Power input, Line]
[endpoint_off_grid]: Symbol pin or wire end off connection grid
    ; warning
    @(57.15 mm, 233.934 mm): Horizontal Wire, length 2.54 mm
[endpoint_off_grid]: Symbol pin or wire end off connection grid
    ; warning
    @(57.15 mm, 236.474 mm): Symbol #PWR093 Hidden pin  [GND, Power input, Line]
[endpoint_off_grid]: Symbol pin or wire end off connection grid
    ; warning
    @(57.15 mm, 236.474 mm): Horizontal Wire, length 2.54 mm
[endpoint_off_grid]: Symbol pin or wire end off connection grid
    ; warning
    @(59.69 mm, 45.974 mm): Horizontal Wire, length 2.54 mm
[endpoint_off_grid]: Symbol pin or wire end off connection grid
    ; warning
    @(59.69 mm, 48.514 mm): Horizontal Wire, length 2.54 mm
[unconnected_wire_endpoint]: Unconnected wire endpoint
    ; warning
    @(59.69 mm, 48.514 mm): Horizontal Wire, length 2.54 mm
[endpoint_off_grid]: Symbol pin or wire end off connection grid
    ; warning
    @(59.69 mm, 51.054 mm): Horizontal Wire, length 2.54 mm
[endpoint_off_grid]: Symbol pin or wire end off connection grid
    ; warning
    @(59.69 mm, 53.594 mm): Horizontal Wire, length 2.54 mm
[endpoint_off_grid]: Symbol pin or wire end off connection grid
    ; warning
    @(59.69 mm, 228.854 mm): Symbol U1 Pin B4 [1, Input, Line]
[endpoint_off_grid]: Symbol pin or wire end off connection grid
    ; warning
    @(59.69 mm, 231.394 mm): Symbol U1 Pin A4 [1, Input, Line]
[endpoint_off_grid]: Symbol pin or wire end off connection grid
    ; warning
    @(59.69 mm, 233.934 mm): Symbol U1 Pin B6 [1, Input, Line]
[endpoint_off_grid]: Symbol pin or wire end off connection grid
    ; warning
    @(59.69 mm, 236.474 mm): Symbol U1 Pin A6 [1, Input, Line]
[endpoint_off_grid]: Symbol pin or wire end off connection grid
    ; warning
    @(62.23 mm, 45.974 mm): Symbol U1 Pin V10 [1, Input, Line]
[endpoint_off_grid]: Symbol pin or wire end off connection grid
    ; warning
    @(62.23 mm, 48.514 mm): Symbol U1 Pin U11 [1, Input, Line]
[endpoint_off_grid]: Symbol pin or wire end off connection grid
    ; warning
    @(62.23 mm, 51.054 mm): Symbol U1 Pin U12 [1, Input, Line]
[endpoint_off_grid]: Symbol pin or wire end off connection grid
    ; warning
    @(62.23 mm, 53.594 mm): Symbol U1 Pin P17 [1, Input, Line]
[endpoint_off_grid]: Symbol pin or wire end off connection grid
    ; warning
    @(62.23 mm, 78.994 mm): Horizontal Wire, length 2.54 mm
[endpoint_off_grid]: Symbol pin or wire end off connection grid
    ; warning
    @(64.77 mm, 78.994 mm): Symbol U1 Pin P18 [1, Bidirectional, Line]
[endpoint_off_grid]: Symbol pin or wire end off connection grid
    ; warning
    @(64.77 mm, 81.534 mm): Horizontal Wire, length 2.54 mm
[endpoint_off_grid]: Symbol pin or wire end off connection grid
    ; warning
    @(64.77 mm, 84.074 mm): Horizontal Wire, length 2.54 mm
[endpoint_off_grid]: Symbol pin or wire end off connection grid
    ; warning
    @(64.77 mm, 86.614 mm): Horizontal Wire, length 2.54 mm
[endpoint_off_grid]: Symbol pin or wire end off connection grid
    ; warning
    @(64.77 mm, 89.154 mm): Horizontal Wire, length 2.54 mm
[endpoint_off_grid]: Symbol pin or wire end off connection grid
    ; warning
    @(64.77 mm, 91.694 mm): Horizontal Wire, length 2.54 mm
[endpoint_off_grid]: Symbol pin or wire end off connection grid
    ; warning
    @(64.77 mm, 94.234 mm): Horizontal Wire, length 2.54 mm
[endpoint_off_grid]: Symbol pin or wire end off connection grid
    ; warning
    @(64.77 mm, 96.774 mm): Horizontal Wire, length 2.54 mm
[endpoint_off_grid]: Symbol pin or wire end off connection grid
    ; warning
    @(64.77 mm, 99.314 mm): Horizontal Wire, length 2.54 mm
[endpoint_off_grid]: Symbol pin or wire end off connection grid
    ; warning
    @(64.77 mm, 101.854 mm): Horizontal Wire, length 2.54 mm
[endpoint_off_grid]: Symbol pin or wire end off connection grid
    ; warning
    @(64.77 mm, 104.394 mm): Horizontal Wire, length 2.54 mm
[endpoint_off_grid]: Symbol pin or wire end off connection grid
    ; warning
    @(64.77 mm, 106.934 mm): Horizontal Wire, length 2.54 mm
[endpoint_off_grid]: Symbol pin or wire end off connection grid
    ; warning
    @(64.77 mm, 109.474 mm): Horizontal Wire, length 2.54 mm
[endpoint_off_grid]: Symbol pin or wire end off connection grid
    ; warning
    @(64.77 mm, 114.554 mm): Horizontal Wire, length 2.54 mm
[endpoint_off_grid]: Symbol pin or wire end off connection grid
    ; warning
    @(64.77 mm, 117.094 mm): Horizontal Wire, length 2.54 mm
[endpoint_off_grid]: Symbol pin or wire end off connection grid
    ; warning
    @(64.77 mm, 119.634 mm): Horizontal Wire, length 2.54 mm
[endpoint_off_grid]: Symbol pin or wire end off connection grid
    ; warning
    @(64.77 mm, 122.174 mm): Horizontal Wire, length 2.54 mm
[endpoint_off_grid]: Symbol pin or wire end off connection grid
    ; warning
    @(64.77 mm, 124.714 mm): Horizontal Wire, length 2.54 mm
[endpoint_off_grid]: Symbol pin or wire end off connection grid
    ; warning
    @(64.77 mm, 127.254 mm): Horizontal Wire, length 2.54 mm
[endpoint_off_grid]: Symbol pin or wire end off connection grid
    ; warning
    @(64.77 mm, 129.794 mm): Horizontal Wire, length 2.54 mm
[endpoint_off_grid]: Symbol pin or wire end off connection grid
    ; warning
    @(64.77 mm, 132.334 mm): Horizontal Wire, length 2.54 mm
[endpoint_off_grid]: Symbol pin or wire end off connection grid
    ; warning
    @(64.77 mm, 134.874 mm): Horizontal Wire, length 2.54 mm
[endpoint_off_grid]: Symbol pin or wire end off connection grid
    ; warning
    @(64.77 mm, 137.414 mm): Horizontal Wire, length 2.54 mm
[endpoint_off_grid]: Symbol pin or wire end off connection grid
    ; warning
    @(64.77 mm, 139.954 mm): Horizontal Wire, length 2.54 mm
[endpoint_off_grid]: Symbol pin or wire end off connection grid
    ; warning
    @(64.77 mm, 142.494 mm): Horizontal Wire, length 2.54 mm
[endpoint_off_grid]: Symbol pin or wire end off connection grid
    ; warning
    @(64.77 mm, 145.034 mm): Horizontal Wire, length 2.54 mm
[endpoint_off_grid]: Symbol pin or wire end off connection grid
    ; warning
    @(64.77 mm, 147.574 mm): Horizontal Wire, length 2.54 mm
[endpoint_off_grid]: Symbol pin or wire end off connection grid
    ; warning
    @(64.77 mm, 150.114 mm): Horizontal Wire, length 2.54 mm
[endpoint_off_grid]: Symbol pin or wire end off connection grid
    ; warning
    @(64.77 mm, 152.654 mm): Horizontal Wire, length 2.54 mm
[endpoint_off_grid]: Symbol pin or wire end off connection grid
    ; warning
    @(67.31 mm, 81.534 mm): Symbol U1 Pin B18 [1, Bidirectional, Line]
[endpoint_off_grid]: Symbol pin or wire end off connection grid
    ; warning
    @(67.31 mm, 84.074 mm): Symbol U1 Pin A18 [1, Bidirectional, Line]
[endpoint_off_grid]: Symbol pin or wire end off connection grid
    ; warning
    @(67.31 mm, 86.614 mm): Symbol U1 Pin B17 [1, Bidirectional, Line]
[endpoint_off_grid]: Symbol pin or wire end off connection grid
    ; warning
    @(67.31 mm, 89.154 mm): Symbol U1 Pin A17 [1, Bidirectional, Line]
[endpoint_off_grid]: Symbol pin or wire end off connection grid
    ; warning
    @(67.31 mm, 91.694 mm): Symbol U1 Pin C16 [1, Bidirectional, Line]
[endpoint_off_grid]: Symbol pin or wire end off connection grid
    ; warning
    @(67.31 mm, 94.234 mm): Symbol U1 Pin D17 [1, Bidirectional, Line]
[endpoint_off_grid]: Symbol pin or wire end off connection grid
    ; warning
    @(67.31 mm, 96.774 mm): Symbol U1 Pin H17 [1, Bidirectional, Line]
[endpoint_off_grid]: Symbol pin or wire end off connection grid
    ; warning
    @(67.31 mm, 99.314 mm): Symbol U1 Pin H19 [1, Bidirectional, Line]
[endpoint_off_grid]: Symbol pin or wire end off connection grid
    ; warning
    @(67.31 mm, 101.854 mm): Symbol U1 Pin J18 [1, Bidirectional, Line]
[endpoint_off_grid]: Symbol pin or wire end off connection grid
    ; warning
    @(67.31 mm, 104.394 mm): Symbol U1 Pin J17 [1, Bidirectional, Line]
[endpoint_off_grid]: Symbol pin or wire end off connection grid
    ; warning
    @(67.31 mm, 106.934 mm): Symbol U1 Pin J19 [1, Bidirectional, Line]
[endpoint_off_grid]: Symbol pin or wire end off connection grid
    ; warning
    @(67.31 mm, 109.474 mm): Symbol U1 Pin K17 [1, Bidirectional, Line]
[endpoint_off_grid]: Symbol pin or wire end off connection grid
    ; warning
    @(67.31 mm, 114.554 mm): Symbol U1 Pin W19 [1, Bidirectional, Line]
[endpoint_off_grid]: Symbol pin or wire end off connection grid
    ; warning
    @(67.31 mm, 117.094 mm): Symbol U1 Pin W18 [1, Bidirectional, Line]
[endpoint_off_grid]: Symbol pin or wire end off connection grid
    ; warning
    @(67.31 mm, 119.634 mm): Symbol U1 Pin W17 [1, Bidirectional, Line]
[endpoint_off_grid]: Symbol pin or wire end off connection grid
    ; warning
    @(67.31 mm, 122.174 mm): Symbol U1 Pin V17 [1, Bidirectional, Line]
[endpoint_off_grid]: Symbol pin or wire end off connection grid
    ; warning
    @(67.31 mm, 124.714 mm): Symbol U1 Pin W16 [1, Bidirectional, Line]
[endpoint_off_grid]: Symbol pin or wire end off connection grid
    ; warning
    @(67.31 mm, 127.254 mm): Symbol U1 Pin U16 [1, Bidirectional, Line]
[endpoint_off_grid]: Symbol pin or wire end off connection grid
    ; warning
    @(67.31 mm, 129.794 mm): Symbol U1 Pin V16 [1, Bidirectional, Line]
[endpoint_off_grid]: Symbol pin or wire end off connection grid
    ; warning
    @(67.31 mm, 132.334 mm): Symbol U1 Pin W15 [1, Bidirectional, Line]
[endpoint_off_grid]: Symbol pin or wire end off connection grid
    ; warning
    @(67.31 mm, 134.874 mm): Symbol U1 Pin V15 [1, Bidirectional, Line]
[endpoint_off_grid]: Symbol pin or wire end off connection grid
    ; warning
    @(67.31 mm, 137.414 mm): Symbol U1 Pin U15 [1, Bidirectional, Line]
[endpoint_off_grid]: Symbol pin or wire end off connection grid
    ; warning
    @(67.31 mm, 139.954 mm): Symbol U1 Pin W14 [1, Bidirectional, Line]
[endpoint_off_grid]: Symbol pin or wire end off connection grid
    ; warning
    @(67.31 mm, 142.494 mm): Symbol U1 Pin V14 [1, Bidirectional, Line]
[endpoint_off_grid]: Symbol pin or wire end off connection grid
    ; warning
    @(67.31 mm, 145.034 mm): Symbol U1 Pin U14 [1, Bidirectional, Line]
[endpoint_off_grid]: Symbol pin or wire end off connection grid
    ; warning
    @(67.31 mm, 147.574 mm): Symbol U1 Pin W13 [1, Bidirectional, Line]
[endpoint_off_grid]: Symbol pin or wire end off connection grid
    ; warning
    @(67.31 mm, 150.114 mm): Symbol U1 Pin V13 [1, Bidirectional, Line]
[endpoint_off_grid]: Symbol pin or wire end off connection grid
    ; warning
    @(67.31 mm, 152.654 mm): Symbol U1 Pin T18 [1, Bidirectional, Line]
[endpoint_off_grid]: Symbol pin or wire end off connection grid
    ; warning
    @(69.85 mm, 20.574 mm): Horizontal Wire, length 2.54 mm
[endpoint_off_grid]: Symbol pin or wire end off connection grid
    ; warning
    @(69.85 mm, 23.114 mm): Horizontal Wire, length 2.54 mm
[endpoint_off_grid]: Symbol pin or wire end off connection grid
    ; warning
    @(69.85 mm, 25.654 mm): Horizontal Wire, length 2.54 mm
[endpoint_off_grid]: Symbol pin or wire end off connection grid
    ; warning
    @(69.85 mm, 28.194 mm): Horizontal Wire, length 2.54 mm
[endpoint_off_grid]: Symbol pin or wire end off connection grid
    ; warning
    @(69.85 mm, 30.734 mm): Horizontal Wire, length 2.54 mm
[endpoint_off_grid]: Symbol pin or wire end off connection grid
    ; warning
    @(72.39 mm, 20.574 mm): Symbol U1 Pin V12 [1, Input, Line]
[endpoint_off_grid]: Symbol pin or wire end off connection grid
    ; warning
    @(72.39 mm, 23.114 mm): Symbol U1 Pin W11 [1, Input, Line]
[endpoint_off_grid]: Symbol pin or wire end off connection grid
    ; warning
    @(72.39 mm, 25.654 mm): Symbol U1 Pin U10 [1, Input, Line]
[endpoint_off_grid]: Symbol pin or wire end off connection grid
    ; warning
    @(72.39 mm, 28.194 mm): Symbol U1 Pin V11 [1, Input, Line]
[endpoint_off_grid]: Symbol pin or wire end off connection grid
    ; warning
    @(72.39 mm, 30.734 mm): Horizontal Wire, length 7.62 mm
[endpoint_off_grid]: Symbol pin or wire end off connection grid
    ; warning
    @(72.39 mm, 30.734 mm): Symbol U1 Pin E18 [1, Input, Line]
[endpoint_off_grid]: Symbol pin or wire end off connection grid
    ; warning
    @(80.01 mm, 33.274 mm): Vertical Wire, length 2.54 mm
[endpoint_off_grid]: Symbol pin or wire end off connection grid
    ; warning
    @(80.01 mm, 38.354 mm): Symbol R23 Pin 1 [1, Passive, Line]
[endpoint_off_grid]: Symbol pin or wire end off connection grid
    ; warning
    @(80.01 mm, 40.894 mm): Vertical Wire, length 2.54 mm
[unconnected_wire_endpoint]: Unconnected wire endpoint
    ; warning
    @(80.01 mm, 40.894 mm): Vertical Wire, length 2.54 mm
[endpoint_off_grid]: Symbol pin or wire end off connection grid
    ; warning
    @(104.14 mm, 24.384 mm): Horizontal Wire, length 2.54 mm
[endpoint_off_grid]: Symbol pin or wire end off connection grid
    ; warning
    @(104.14 mm, 32.004 mm): Horizontal Wire, length 2.54 mm
[endpoint_off_grid]: Symbol pin or wire end off connection grid
    ; warning
    @(104.14 mm, 39.624 mm): Symbol #PWR095 Hidden pin  [VCC3V3, Power input, Line]
[endpoint_off_grid]: Symbol pin or wire end off connection grid
    ; warning
    @(104.14 mm, 39.624 mm): Horizontal Wire, length 2.54 mm
[endpoint_off_grid]: Symbol pin or wire end off connection grid
    ; warning
    @(106.68 mm, 24.384 mm): Symbol R22 Pin 2 [2, Passive, Line]
[endpoint_off_grid]: Symbol pin or wire end off connection grid
    ; warning
    @(106.68 mm, 32.004 mm): Symbol R21 Pin 2 [2, Passive, Line]
[endpoint_off_grid]: Symbol pin or wire end off connection grid
    ; warning
    @(106.68 mm, 39.624 mm): Symbol R20 Pin 2 [2, Passive, Line]
[endpoint_off_grid]: Symbol pin or wire end off connection grid
    ; warning
    @(111.76 mm, 24.384 mm): Horizontal Wire, length 2.54 mm
[endpoint_off_grid]: Symbol pin or wire end off connection grid
    ; warning
    @(111.76 mm, 32.004 mm): Horizontal Wire, length 2.54 mm
[endpoint_off_grid]: Symbol pin or wire end off connection grid
    ; warning
    @(111.76 mm, 39.624 mm): Horizontal Wire, length 2.54 mm
[unconnected_wire_endpoint]: Unconnected wire endpoint
    ; warning
    @(111.76 mm, 24.384 mm): Horizontal Wire, length 2.54 mm
[unconnected_wire_endpoint]: Unconnected wire endpoint
    ; warning
    @(111.76 mm, 32.004 mm): Horizontal Wire, length 2.54 mm
[unconnected_wire_endpoint]: Unconnected wire endpoint
    ; warning
    @(111.76 mm, 39.624 mm): Horizontal Wire, length 2.54 mm
[endpoint_off_grid]: Symbol pin or wire end off connection grid
    ; warning
    @(115.57 mm, 245.364 mm): Horizontal Wire, length 5.08 mm
[lib_symbol_mismatch]: Symbol 'INDUCTOR' doesn't match copy in library 'ctambe'
    ; warning
    @(115.57 mm, 250.444 mm): Symbol L6 [INDUCTOR]
[endpoint_off_grid]: Symbol pin or wire end off connection grid
    ; warning
    @(115.57 mm, 255.524 mm): Symbol L6 Pin 1 [1, Passive, Line]
[endpoint_off_grid]: Symbol pin or wire end off connection grid
    ; warning
    @(115.57 mm, 259.334 mm): Vertical Wire, length 3.81 mm
[endpoint_off_grid]: Symbol pin or wire end off connection grid
    ; warning
    @(115.57 mm, 259.334 mm): Symbol #PWR094 Hidden pin  [GND, Power input, Line]
[endpoint_off_grid]: Symbol pin or wire end off connection grid
    ; warning
    @(118.11 mm, 273.304 mm): Horizontal Wire, length 5.08 mm
[lib_symbol_mismatch]: Symbol 'INDUCTOR' doesn't match copy in library 'ctambe'
    ; warning
    @(118.11 mm, 278.384 mm): Symbol L7 [INDUCTOR]
[endpoint_off_grid]: Symbol pin or wire end off connection grid
    ; warning
    @(118.11 mm, 283.464 mm): Symbol L7 Pin 1 [1, Passive, Line]
[endpoint_off_grid]: Symbol pin or wire end off connection grid
    ; warning
    @(118.11 mm, 286.004 mm): Vertical Wire, length 2.54 mm
[unconnected_wire_endpoint]: Unconnected wire endpoint
    ; warning
    @(118.11 mm, 286.004 mm): Vertical Wire, length 2.54 mm
[endpoint_off_grid]: Symbol pin or wire end off connection grid
    ; warning
    @(120.65 mm, 245.364 mm): Symbol U1 Pin C12 [1, Input, Line]
[endpoint_off_grid]: Symbol pin or wire end off connection grid
    ; warning
    @(120.904 mm, 273.304 mm): Symbol #PWR096 Hidden pin  [VCCADC, Power input, Line]
[endpoint_off_grid]: Symbol pin or wire end off connection grid
    ; warning
    @(123.19 mm, 273.304 mm): Symbol U1 Pin C13 [1, Input, Line]
[endpoint_off_grid]: Symbol pin or wire end off connection grid
    ; warning
    @(123.19 mm, 273.304 mm): Horizontal Wire, length 6.35 mm
[endpoint_off_grid]: Symbol pin or wire end off connection grid
    ; warning
    @(129.54 mm, 273.304 mm): Horizontal Wire, length 6.35 mm
[endpoint_off_grid]: Symbol pin or wire end off connection grid
    ; warning
    @(129.54 mm, 280.924 mm): Symbol C123 Pin 2 [2, Passive, Line]
[endpoint_off_grid]: Symbol pin or wire end off connection grid
    ; warning
    @(129.54 mm, 283.464 mm): Vertical Wire, length 2.54 mm
[endpoint_off_grid]: Symbol pin or wire end off connection grid
    ; warning
    @(135.89 mm, 273.304 mm): Symbol C124 Pin 1 [1, Passive, Line]
[endpoint_off_grid]: Symbol pin or wire end off connection grid
    ; warning
    @(135.89 mm, 284.734 mm): Vertical Wire, length 3.81 mm
[endpoint_off_grid]: Symbol pin or wire end off connection grid
    ; warning
    @(135.89 mm, 284.734 mm): Symbol #PWR099 Hidden pin  [GNDADC, Power input, Line]
[endpoint_off_grid]: Symbol pin or wire end off connection grid
    ; warning
    @(148.59 mm, 63.754 mm): Horizontal Wire, length 2.54 mm
[endpoint_off_grid]: Symbol pin or wire end off connection grid
    ; warning
    @(151.13 mm, 63.754 mm): Symbol U1 Pin L17 [1, Input, Line]
[endpoint_off_grid]: Symbol pin or wire end off connection grid
    ; warning
    @(151.13 mm, 84.074 mm): Horizontal Wire, length 2.54 mm
[endpoint_off_grid]: Symbol pin or wire end off connection grid
    ; warning
    @(151.13 mm, 86.614 mm): Horizontal Wire, length 2.54 mm
[endpoint_off_grid]: Symbol pin or wire end off connection grid
    ; warning
    @(151.13 mm, 89.154 mm): Horizontal Wire, length 2.54 mm
[endpoint_off_grid]: Symbol pin or wire end off connection grid
    ; warning
    @(151.13 mm, 91.694 mm): Horizontal Wire, length 2.54 mm
[endpoint_off_grid]: Symbol pin or wire end off connection grid
    ; warning
    @(151.13 mm, 94.234 mm): Horizontal Wire, length 2.54 mm
[endpoint_off_grid]: Symbol pin or wire end off connection grid
    ; warning
    @(151.13 mm, 96.774 mm): Horizontal Wire, length 2.54 mm
[endpoint_off_grid]: Symbol pin or wire end off connection grid
    ; warning
    @(151.13 mm, 101.854 mm): Horizontal Wire, length 2.54 mm
[endpoint_off_grid]: Symbol pin or wire end off connection grid
    ; warning
    @(151.13 mm, 104.394 mm): Horizontal Wire, length 2.54 mm
[endpoint_off_grid]: Symbol pin or wire end off connection grid
    ; warning
    @(151.13 mm, 106.934 mm): Horizontal Wire, length 2.54 mm
[endpoint_off_grid]: Symbol pin or wire end off connection grid
    ; warning
    @(151.13 mm, 109.474 mm): Horizontal Wire, length 2.54 mm
[endpoint_off_grid]: Symbol pin or wire end off connection grid
    ; warning
    @(151.13 mm, 112.014 mm): Horizontal Wire, length 2.54 mm
[endpoint_off_grid]: Symbol pin or wire end off connection grid
    ; warning
    @(151.13 mm, 114.554 mm): Horizontal Wire, length 2.54 mm
[endpoint_off_grid]: Symbol pin or wire end off connection grid
    ; warning
    @(153.67 mm, 84.074 mm): Symbol U1 Pin C11 [1, Bidirectional, Line]
[endpoint_off_grid]: Symbol pin or wire end off connection grid
    ; warning
    @(153.67 mm, 86.614 mm): Symbol U1 Pin D18 [1, Bidirectional, Line]
[endpoint_off_grid]: Symbol pin or wire end off connection grid
    ; warning
    @(153.67 mm, 89.154 mm): Symbol U1 Pin D19 [1, Bidirectional, Line]
[endpoint_off_grid]: Symbol pin or wire end off connection grid
    ; warning
    @(153.67 mm, 91.694 mm): Symbol U1 Pin K19 [1, Bidirectional, Line]
[endpoint_off_grid]: Symbol pin or wire end off connection grid
    ; warning
    @(153.67 mm, 94.234 mm): Symbol U1 Pin G18 [1, Bidirectional, Line]
[endpoint_off_grid]: Symbol pin or wire end off connection grid
    ; warning
    @(153.67 mm, 96.774 mm): Symbol U1 Pin F18 [1, Bidirectional, Line]
[endpoint_off_grid]: Symbol pin or wire end off connection grid
    ; warning
    @(153.67 mm, 101.854 mm): Symbol U1 Pin U8 [1, Bidirectional, Line]
[endpoint_off_grid]: Symbol pin or wire end off connection grid
    ; warning
    @(153.67 mm, 104.394 mm): Symbol U1 Pin U7 [1, Bidirectional, Line]
[endpoint_off_grid]: Symbol pin or wire end off connection grid
    ; warning
    @(153.67 mm, 106.934 mm): Symbol U1 Pin C15 [1, Bidirectional, Line]
[endpoint_off_grid]: Symbol pin or wire end off connection grid
    ; warning
    @(153.67 mm, 109.474 mm): Symbol U1 Pin B15 [1, Bidirectional, Line]
[endpoint_off_grid]: Symbol pin or wire end off connection grid
    ; warning
    @(153.67 mm, 112.014 mm): Symbol U1 Pin L3 [1, Bidirectional, Line]
[endpoint_off_grid]: Symbol pin or wire end off connection grid
    ; warning
    @(153.67 mm, 114.554 mm): Symbol U1 Pin A16 [1, Bidirectional, Line]
[endpoint_off_grid]: Symbol pin or wire end off connection grid
    ; warning
    @(181.61 mm, 165.354 mm): Horizontal Wire, length 2.54 mm
[endpoint_off_grid]: Symbol pin or wire end off connection grid
    ; warning
    @(181.61 mm, 167.894 mm): Horizontal Wire, length 2.54 mm
[endpoint_off_grid]: Symbol pin or wire end off connection grid
    ; warning
    @(181.61 mm, 170.434 mm): Horizontal Wire, length 2.54 mm
[endpoint_off_grid]: Symbol pin or wire end off connection grid
    ; warning
    @(181.61 mm, 172.974 mm): Horizontal Wire, length 2.54 mm
[endpoint_off_grid]: Symbol pin or wire end off connection grid
    ; warning
    @(181.61 mm, 175.514 mm): Horizontal Wire, length 2.54 mm
[endpoint_off_grid]: Symbol pin or wire end off connection grid
    ; warning
    @(181.61 mm, 178.054 mm): Horizontal Wire, length 2.54 mm
[endpoint_off_grid]: Symbol pin or wire end off connection grid
    ; warning
    @(181.61 mm, 180.594 mm): Horizontal Wire, length 2.54 mm
[endpoint_off_grid]: Symbol pin or wire end off connection grid
    ; warning
    @(181.61 mm, 183.134 mm): Horizontal Wire, length 2.54 mm
[endpoint_off_grid]: Symbol pin or wire end off connection grid
    ; warning
    @(181.61 mm, 185.674 mm): Horizontal Wire, length 2.54 mm
[endpoint_off_grid]: Symbol pin or wire end off connection grid
    ; warning
    @(181.61 mm, 188.214 mm): Horizontal Wire, length 2.54 mm
[endpoint_off_grid]: Symbol pin or wire end off connection grid
    ; warning
    @(181.61 mm, 190.754 mm): Horizontal Wire, length 2.54 mm
[endpoint_off_grid]: Symbol pin or wire end off connection grid
    ; warning
    @(181.61 mm, 193.294 mm): Horizontal Wire, length 2.54 mm
[endpoint_off_grid]: Symbol pin or wire end off connection grid
    ; warning
    @(181.61 mm, 195.834 mm): Horizontal Wire, length 2.54 mm
[endpoint_off_grid]: Symbol pin or wire end off connection grid
    ; warning
    @(181.61 mm, 198.374 mm): Horizontal Wire, length 2.54 mm
[endpoint_off_grid]: Symbol pin or wire end off connection grid
    ; warning
    @(181.61 mm, 200.914 mm): Horizontal Wire, length 2.54 mm
[endpoint_off_grid]: Symbol pin or wire end off connection grid
    ; warning
    @(181.61 mm, 203.454 mm): Horizontal Wire, length 2.54 mm
[endpoint_off_grid]: Symbol pin or wire end off connection grid
    ; warning
    @(181.61 mm, 205.994 mm): Horizontal Wire, length 2.54 mm
[endpoint_off_grid]: Symbol pin or wire end off connection grid
    ; warning
    @(181.61 mm, 208.534 mm): Horizontal Wire, length 2.54 mm
[endpoint_off_grid]: Symbol pin or wire end off connection grid
    ; warning
    @(181.61 mm, 211.074 mm): Horizontal Wire, length 2.54 mm
[unconnected_wire_endpoint]: Unconnected wire endpoint
    ; warning
    @(181.61 mm, 211.074 mm): Horizontal Wire, length 2.54 mm
[endpoint_off_grid]: Symbol pin or wire end off connection grid
    ; warning
    @(181.61 mm, 213.614 mm): Horizontal Wire, length 2.54 mm
[endpoint_off_grid]: Symbol pin or wire end off connection grid
    ; warning
    @(181.61 mm, 216.154 mm): Horizontal Wire, length 2.54 mm
[unconnected_wire_endpoint]: Unconnected wire endpoint
    ; warning
    @(181.61 mm, 216.154 mm): Horizontal Wire, length 2.54 mm
[endpoint_off_grid]: Symbol pin or wire end off connection grid
    ; warning
    @(181.61 mm, 218.694 mm): Horizontal Wire, length 2.54 mm
[endpoint_off_grid]: Symbol pin or wire end off connection grid
    ; warning
    @(181.61 mm, 221.234 mm): Horizontal Wire, length 2.54 mm
[endpoint_off_grid]: Symbol pin or wire end off connection grid
    ; warning
    @(181.61 mm, 223.774 mm): Horizontal Wire, length 2.54 mm
[endpoint_off_grid]: Symbol pin or wire end off connection grid
    ; warning
    @(181.61 mm, 226.314 mm): Horizontal Wire, length 2.54 mm
[endpoint_off_grid]: Symbol pin or wire end off connection grid
    ; warning
    @(181.61 mm, 228.854 mm): Horizontal Wire, length 2.54 mm
[endpoint_off_grid]: Symbol pin or wire end off connection grid
    ; warning
    @(181.61 mm, 231.394 mm): Horizontal Wire, length 2.54 mm
[endpoint_off_grid]: Symbol pin or wire end off connection grid
    ; warning
    @(181.61 mm, 233.934 mm): Horizontal Wire, length 2.54 mm
[endpoint_off_grid]: Symbol pin or wire end off connection grid
    ; warning
    @(181.61 mm, 236.474 mm): Horizontal Wire, length 2.54 mm
[endpoint_off_grid]: Symbol pin or wire end off connection grid
    ; warning
    @(181.61 mm, 239.014 mm): Horizontal Wire, length 2.54 mm
[endpoint_off_grid]: Symbol pin or wire end off connection grid
    ; warning
    @(181.61 mm, 241.554 mm): Horizontal Wire, length 2.54 mm
[endpoint_off_grid]: Symbol pin or wire end off connection grid
    ; warning
    @(181.61 mm, 244.094 mm): Horizontal Wire, length 2.54 mm
[endpoint_off_grid]: Symbol pin or wire end off connection grid
    ; warning
    @(181.61 mm, 246.634 mm): Horizontal Wire, length 2.54 mm
[endpoint_off_grid]: Symbol pin or wire end off connection grid
    ; warning
    @(181.61 mm, 249.174 mm): Horizontal Wire, length 2.54 mm
[endpoint_off_grid]: Symbol pin or wire end off connection grid
    ; warning
    @(181.61 mm, 251.714 mm): Horizontal Wire, length 2.54 mm
[endpoint_off_grid]: Symbol pin or wire end off connection grid
    ; warning
    @(181.61 mm, 254.254 mm): Horizontal Wire, length 2.54 mm
[endpoint_off_grid]: Symbol pin or wire end off connection grid
    ; warning
    @(181.61 mm, 256.794 mm): Horizontal Wire, length 2.54 mm
[endpoint_off_grid]: Symbol pin or wire end off connection grid
    ; warning
    @(181.61 mm, 259.334 mm): Horizontal Wire, length 2.54 mm
[endpoint_off_grid]: Symbol pin or wire end off connection grid
    ; warning
    @(181.61 mm, 261.874 mm): Horizontal Wire, length 2.54 mm
[endpoint_off_grid]: Symbol pin or wire end off connection grid
    ; warning
    @(184.15 mm, 165.354 mm): Symbol U1 Pin U2 [1, Bidirectional, Line]
[endpoint_off_grid]: Symbol pin or wire end off connection grid
    ; warning
    @(184.15 mm, 167.894 mm): Symbol U1 Pin T3 [1, Bidirectional, Line]
[endpoint_off_grid]: Symbol pin or wire end off connection grid
    ; warning
    @(184.15 mm, 170.434 mm): Symbol U1 Pin T2 [1, Bidirectional, Line]
[endpoint_off_grid]: Symbol pin or wire end off connection grid
    ; warning
    @(184.15 mm, 172.974 mm): Symbol U1 Pin T1 [1, Bidirectional, Line]
[endpoint_off_grid]: Symbol pin or wire end off connection grid
    ; warning
    @(184.15 mm, 175.514 mm): Symbol U1 Pin R3 [1, Bidirectional, Line]
[endpoint_off_grid]: Symbol pin or wire end off connection grid
    ; warning
    @(184.15 mm, 178.054 mm): Symbol U1 Pin R2 [1, Bidirectional, Line]
[endpoint_off_grid]: Symbol pin or wire end off connection grid
    ; warning
    @(184.15 mm, 180.594 mm): Symbol U1 Pin P3 [1, Bidirectional, Line]
[endpoint_off_grid]: Symbol pin or wire end off connection grid
    ; warning
    @(184.15 mm, 183.134 mm): Symbol U1 Pin P1 [1, Bidirectional, Line]
[endpoint_off_grid]: Symbol pin or wire end off connection grid
    ; warning
    @(184.15 mm, 185.674 mm): Symbol U1 Pin N3 [1, Bidirectional, Line]
[endpoint_off_grid]: Symbol pin or wire end off connection grid
    ; warning
    @(184.15 mm, 188.214 mm): Symbol U1 Pin N2 [1, Bidirectional, Line]
[endpoint_off_grid]: Symbol pin or wire end off connection grid
    ; warning
    @(184.15 mm, 190.754 mm): Symbol U1 Pin U3 [1, Bidirectional, Line]
[endpoint_off_grid]: Symbol pin or wire end off connection grid
    ; warning
    @(184.15 mm, 193.294 mm): Symbol U1 Pin N1 [1, Bidirectional, Line]
[endpoint_off_grid]: Symbol pin or wire end off connection grid
    ; warning
    @(184.15 mm, 195.834 mm): Symbol U1 Pin M3 [1, Bidirectional, Line]
[endpoint_off_grid]: Symbol pin or wire end off connection grid
    ; warning
    @(184.15 mm, 198.374 mm): Symbol U1 Pin V2 [1, Bidirectional, Line]
[endpoint_off_grid]: Symbol pin or wire end off connection grid
    ; warning
    @(184.15 mm, 200.914 mm): Symbol U1 Pin U1 [1, Bidirectional, Line]
[endpoint_off_grid]: Symbol pin or wire end off connection grid
    ; warning
    @(184.15 mm, 203.454 mm): Symbol U1 Pin W3 [1, Bidirectional, Line]
[endpoint_off_grid]: Symbol pin or wire end off connection grid
    ; warning
    @(184.15 mm, 205.994 mm): Symbol U1 Pin V3 [1, Bidirectional, Line]
[endpoint_off_grid]: Symbol pin or wire end off connection grid
    ; warning
    @(184.15 mm, 208.534 mm): Symbol U1 Pin V4 [1, Bidirectional, Line]
[endpoint_off_grid]: Symbol pin or wire end off connection grid
    ; warning
    @(184.15 mm, 211.074 mm): Symbol U1 Pin W2 [1, Bidirectional, Line]
[endpoint_off_grid]: Symbol pin or wire end off connection grid
    ; warning
    @(184.15 mm, 213.614 mm): Symbol U1 Pin M2 [1, Bidirectional, Line]
[endpoint_off_grid]: Symbol pin or wire end off connection grid
    ; warning
    @(184.15 mm, 216.154 mm): Symbol U1 Pin M1 [1, Bidirectional, Line]
[endpoint_off_grid]: Symbol pin or wire end off connection grid
    ; warning
    @(184.15 mm, 218.694 mm): Symbol U1 Pin W4 [1, Bidirectional, Line]
[endpoint_off_grid]: Symbol pin or wire end off connection grid
    ; warning
    @(184.15 mm, 221.234 mm): Symbol U1 Pin L2 [1, Bidirectional, Line]
[endpoint_off_grid]: Symbol pin or wire end off connection grid
    ; warning
    @(184.15 mm, 223.774 mm): Symbol U1 Pin V8 [1, Bidirectional, Line]
[endpoint_off_grid]: Symbol pin or wire end off connection grid
    ; warning
    @(184.15 mm, 226.314 mm): Symbol U1 Pin V7 [1, Bidirectional, Line]
[endpoint_off_grid]: Symbol pin or wire end off connection grid
    ; warning
    @(184.15 mm, 228.854 mm): Symbol U1 Pin W7 [1, Bidirectional, Line]
[endpoint_off_grid]: Symbol pin or wire end off connection grid
    ; warning
    @(184.15 mm, 231.394 mm): Symbol U1 Pin W6 [1, Bidirectional, Line]
[endpoint_off_grid]: Symbol pin or wire end off connection grid
    ; warning
    @(184.15 mm, 233.934 mm): Symbol U1 Pin U5 [1, Bidirectional, Line]
[endpoint_off_grid]: Symbol pin or wire end off connection grid
    ; warning
    @(184.15 mm, 236.474 mm): Symbol U1 Pin W5 [1, Bidirectional, Line]
[endpoint_off_grid]: Symbol pin or wire end off connection grid
    ; warning
    @(184.15 mm, 239.014 mm): Symbol U1 Pin V5 [1, Bidirectional, Line]
[endpoint_off_grid]: Symbol pin or wire end off connection grid
    ; warning
    @(184.15 mm, 241.554 mm): Symbol U1 Pin U4 [1, Bidirectional, Line]
[endpoint_off_grid]: Symbol pin or wire end off connection grid
    ; warning
    @(184.15 mm, 244.094 mm): Symbol U1 Pin L1 [1, Bidirectional, Line]
[endpoint_off_grid]: Symbol pin or wire end off connection grid
    ; warning
    @(184.15 mm, 246.634 mm): Symbol U1 Pin K3 [1, Bidirectional, Line]
[endpoint_off_grid]: Symbol pin or wire end off connection grid
    ; warning
    @(184.15 mm, 249.174 mm): Symbol U1 Pin K2 [1, Bidirectional, Line]
[endpoint_off_grid]: Symbol pin or wire end off connection grid
    ; warning
    @(184.15 mm, 251.714 mm): Symbol U1 Pin J1 [1, Bidirectional, Line]
[endpoint_off_grid]: Symbol pin or wire end off connection grid
    ; warning
    @(184.15 mm, 254.254 mm): Symbol U1 Pin J3 [1, Bidirectional, Line]
[endpoint_off_grid]: Symbol pin or wire end off connection grid
    ; warning
    @(184.15 mm, 256.794 mm): Symbol U1 Pin H1 [1, Bidirectional, Line]
[endpoint_off_grid]: Symbol pin or wire end off connection grid
    ; warning
    @(184.15 mm, 259.334 mm): Symbol U1 Pin A14 [1, Bidirectional, Line]
[endpoint_off_grid]: Symbol pin or wire end off connection grid
    ; warning
    @(184.15 mm, 261.874 mm): Symbol U1 Pin A15 [1, Bidirectional, Line]
[endpoint_off_grid]: Symbol pin or wire end off connection grid
    ; warning
    @(187.96 mm, 274.574 mm): Horizontal Wire, length 2.54 mm
[endpoint_off_grid]: Symbol pin or wire end off connection grid
    ; warning
    @(187.96 mm, 277.114 mm): Horizontal Wire, length 2.54 mm
[endpoint_off_grid]: Symbol pin or wire end off connection grid
    ; warning
    @(187.96 mm, 279.654 mm): Horizontal Wire, length 2.54 mm
[endpoint_off_grid]: Symbol pin or wire end off connection grid
    ; warning
    @(187.96 mm, 282.194 mm): Horizontal Wire, length 2.54 mm
[endpoint_off_grid]: Symbol pin or wire end off connection grid
    ; warning
    @(187.96 mm, 284.734 mm): Horizontal Wire, length 2.54 mm
[endpoint_off_grid]: Symbol pin or wire end off connection grid
    ; warning
    @(187.96 mm, 287.274 mm): Horizontal Wire, length 2.54 mm
[endpoint_off_grid]: Symbol pin or wire end off connection grid
    ; warning
    @(187.96 mm, 289.814 mm): Horizontal Wire, length 2.54 mm
[endpoint_off_grid]: Symbol pin or wire end off connection grid
    ; warning
    @(190.50 mm, 274.574 mm): Symbol U1 Pin N19 [1, Input, Line]
[endpoint_off_grid]: Symbol pin or wire end off connection grid
    ; warning
    @(190.50 mm, 277.114 mm): Symbol U1 Pin P19 [1, Input, Line]
[endpoint_off_grid]: Symbol pin or wire end off connection grid
    ; warning
    @(190.50 mm, 279.654 mm): Symbol U1 Pin R18 [1, Input, Line]
[endpoint_off_grid]: Symbol pin or wire end off connection grid
    ; warning
    @(190.50 mm, 282.194 mm): Symbol U1 Pin N18 [1, Input, Line]
[endpoint_off_grid]: Symbol pin or wire end off connection grid
    ; warning
    @(190.50 mm, 284.734 mm): Symbol U1 Pin M19 [1, Input, Line]
[endpoint_off_grid]: Symbol pin or wire end off connection grid
    ; warning
    @(190.50 mm, 287.274 mm): Symbol U1 Pin N17 [1, Input, Line]
[endpoint_off_grid]: Symbol pin or wire end off connection grid
    ; warning
    @(190.50 mm, 289.814 mm): Symbol U1 Pin R19 [1, Input, Line]
[lib_symbol_mismatch]: Symbol 'XC7A35T-CPG236-1CPG236C' doesn't match copy in library 'ctambe'
    ; warning
    @(194.31 mm, 165.354 mm): Symbol U1 [XC7A35T-CPG236-1CPG236C]
[lib_symbol_mismatch]: Symbol 'XC7A35T-CPG236-1CPG236C' doesn't match copy in library 'ctambe'
    ; warning
    @(194.31 mm, 167.894 mm): Symbol U1 [XC7A35T-CPG236-1CPG236C]
[lib_symbol_mismatch]: Symbol 'XC7A35T-CPG236-1CPG236C' doesn't match copy in library 'ctambe'
    ; warning
    @(194.31 mm, 170.434 mm): Symbol U1 [XC7A35T-CPG236-1CPG236C]
[lib_symbol_mismatch]: Symbol 'XC7A35T-CPG236-1CPG236C' doesn't match copy in library 'ctambe'
    ; warning
    @(194.31 mm, 172.974 mm): Symbol U1 [XC7A35T-CPG236-1CPG236C]
[lib_symbol_mismatch]: Symbol 'XC7A35T-CPG236-1CPG236C' doesn't match copy in library 'ctambe'
    ; warning
    @(194.31 mm, 175.514 mm): Symbol U1 [XC7A35T-CPG236-1CPG236C]
[lib_symbol_mismatch]: Symbol 'XC7A35T-CPG236-1CPG236C' doesn't match copy in library 'ctambe'
    ; warning
    @(194.31 mm, 178.054 mm): Symbol U1 [XC7A35T-CPG236-1CPG236C]
[lib_symbol_mismatch]: Symbol 'XC7A35T-CPG236-1CPG236C' doesn't match copy in library 'ctambe'
    ; warning
    @(194.31 mm, 180.594 mm): Symbol U1 [XC7A35T-CPG236-1CPG236C]
[lib_symbol_mismatch]: Symbol 'XC7A35T-CPG236-1CPG236C' doesn't match copy in library 'ctambe'
    ; warning
    @(194.31 mm, 183.134 mm): Symbol U1 [XC7A35T-CPG236-1CPG236C]
[lib_symbol_mismatch]: Symbol 'XC7A35T-CPG236-1CPG236C' doesn't match copy in library 'ctambe'
    ; warning
    @(194.31 mm, 185.674 mm): Symbol U1 [XC7A35T-CPG236-1CPG236C]
[lib_symbol_mismatch]: Symbol 'XC7A35T-CPG236-1CPG236C' doesn't match copy in library 'ctambe'
    ; warning
    @(194.31 mm, 188.214 mm): Symbol U1 [XC7A35T-CPG236-1CPG236C]
[lib_symbol_mismatch]: Symbol 'XC7A35T-CPG236-1CPG236C' doesn't match copy in library 'ctambe'
    ; warning
    @(194.31 mm, 190.754 mm): Symbol U1 [XC7A35T-CPG236-1CPG236C]
[lib_symbol_mismatch]: Symbol 'XC7A35T-CPG236-1CPG236C' doesn't match copy in library 'ctambe'
    ; warning
    @(194.31 mm, 193.294 mm): Symbol U1 [XC7A35T-CPG236-1CPG236C]
[lib_symbol_mismatch]: Symbol 'XC7A35T-CPG236-1CPG236C' doesn't match copy in library 'ctambe'
    ; warning
    @(194.31 mm, 195.834 mm): Symbol U1 [XC7A35T-CPG236-1CPG236C]
[lib_symbol_mismatch]: Symbol 'XC7A35T-CPG236-1CPG236C' doesn't match copy in library 'ctambe'
    ; warning
    @(194.31 mm, 198.374 mm): Symbol U1 [XC7A35T-CPG236-1CPG236C]
[lib_symbol_mismatch]: Symbol 'XC7A35T-CPG236-1CPG236C' doesn't match copy in library 'ctambe'
    ; warning
    @(194.31 mm, 200.914 mm): Symbol U1 [XC7A35T-CPG236-1CPG236C]
[lib_symbol_mismatch]: Symbol 'XC7A35T-CPG236-1CPG236C' doesn't match copy in library 'ctambe'
    ; warning
    @(194.31 mm, 203.454 mm): Symbol U1 [XC7A35T-CPG236-1CPG236C]
[lib_symbol_mismatch]: Symbol 'XC7A35T-CPG236-1CPG236C' doesn't match copy in library 'ctambe'
    ; warning
    @(194.31 mm, 205.994 mm): Symbol U1 [XC7A35T-CPG236-1CPG236C]
[lib_symbol_mismatch]: Symbol 'XC7A35T-CPG236-1CPG236C' doesn't match copy in library 'ctambe'
    ; warning
    @(194.31 mm, 208.534 mm): Symbol U1 [XC7A35T-CPG236-1CPG236C]
[lib_symbol_mismatch]: Symbol 'XC7A35T-CPG236-1CPG236C' doesn't match copy in library 'ctambe'
    ; warning
    @(194.31 mm, 211.074 mm): Symbol U1 [XC7A35T-CPG236-1CPG236C]
[lib_symbol_mismatch]: Symbol 'XC7A35T-CPG236-1CPG236C' doesn't match copy in library 'ctambe'
    ; warning
    @(194.31 mm, 213.614 mm): Symbol U1 [XC7A35T-CPG236-1CPG236C]
[lib_symbol_mismatch]: Symbol 'XC7A35T-CPG236-1CPG236C' doesn't match copy in library 'ctambe'
    ; warning
    @(194.31 mm, 216.154 mm): Symbol U1 [XC7A35T-CPG236-1CPG236C]
[lib_symbol_mismatch]: Symbol 'XC7A35T-CPG236-1CPG236C' doesn't match copy in library 'ctambe'
    ; warning
    @(194.31 mm, 218.694 mm): Symbol U1 [XC7A35T-CPG236-1CPG236C]
[lib_symbol_mismatch]: Symbol 'XC7A35T-CPG236-1CPG236C' doesn't match copy in library 'ctambe'
    ; warning
    @(194.31 mm, 221.234 mm): Symbol U1 [XC7A35T-CPG236-1CPG236C]
[lib_symbol_mismatch]: Symbol 'XC7A35T-CPG236-1CPG236C' doesn't match copy in library 'ctambe'
    ; warning
    @(194.31 mm, 223.774 mm): Symbol U1 [XC7A35T-CPG236-1CPG236C]
[lib_symbol_mismatch]: Symbol 'XC7A35T-CPG236-1CPG236C' doesn't match copy in library 'ctambe'
    ; warning
    @(194.31 mm, 226.314 mm): Symbol U1 [XC7A35T-CPG236-1CPG236C]
[lib_symbol_mismatch]: Symbol 'XC7A35T-CPG236-1CPG236C' doesn't match copy in library 'ctambe'
    ; warning
    @(194.31 mm, 228.854 mm): Symbol U1 [XC7A35T-CPG236-1CPG236C]
[lib_symbol_mismatch]: Symbol 'XC7A35T-CPG236-1CPG236C' doesn't match copy in library 'ctambe'
    ; warning
    @(194.31 mm, 231.394 mm): Symbol U1 [XC7A35T-CPG236-1CPG236C]
[lib_symbol_mismatch]: Symbol 'XC7A35T-CPG236-1CPG236C' doesn't match copy in library 'ctambe'
    ; warning
    @(194.31 mm, 233.934 mm): Symbol U1 [XC7A35T-CPG236-1CPG236C]
[lib_symbol_mismatch]: Symbol 'XC7A35T-CPG236-1CPG236C' doesn't match copy in library 'ctambe'
    ; warning
    @(194.31 mm, 236.474 mm): Symbol U1 [XC7A35T-CPG236-1CPG236C]
[lib_symbol_mismatch]: Symbol 'XC7A35T-CPG236-1CPG236C' doesn't match copy in library 'ctambe'
    ; warning
    @(194.31 mm, 239.014 mm): Symbol U1 [XC7A35T-CPG236-1CPG236C]
[lib_symbol_mismatch]: Symbol 'XC7A35T-CPG236-1CPG236C' doesn't match copy in library 'ctambe'
    ; warning
    @(194.31 mm, 241.554 mm): Symbol U1 [XC7A35T-CPG236-1CPG236C]
[lib_symbol_mismatch]: Symbol 'XC7A35T-CPG236-1CPG236C' doesn't match copy in library 'ctambe'
    ; warning
    @(194.31 mm, 244.094 mm): Symbol U1 [XC7A35T-CPG236-1CPG236C]
[lib_symbol_mismatch]: Symbol 'XC7A35T-CPG236-1CPG236C' doesn't match copy in library 'ctambe'
    ; warning
    @(194.31 mm, 246.634 mm): Symbol U1 [XC7A35T-CPG236-1CPG236C]
[lib_symbol_mismatch]: Symbol 'XC7A35T-CPG236-1CPG236C' doesn't match copy in library 'ctambe'
    ; warning
    @(194.31 mm, 249.174 mm): Symbol U1 [XC7A35T-CPG236-1CPG236C]
[lib_symbol_mismatch]: Symbol 'XC7A35T-CPG236-1CPG236C' doesn't match copy in library 'ctambe'
    ; warning
    @(194.31 mm, 251.714 mm): Symbol U1 [XC7A35T-CPG236-1CPG236C]
[lib_symbol_mismatch]: Symbol 'XC7A35T-CPG236-1CPG236C' doesn't match copy in library 'ctambe'
    ; warning
    @(194.31 mm, 254.254 mm): Symbol U1 [XC7A35T-CPG236-1CPG236C]
[lib_symbol_mismatch]: Symbol 'XC7A35T-CPG236-1CPG236C' doesn't match copy in library 'ctambe'
    ; warning
    @(194.31 mm, 256.794 mm): Symbol U1 [XC7A35T-CPG236-1CPG236C]
[lib_symbol_mismatch]: Symbol 'XC7A35T-CPG236-1CPG236C' doesn't match copy in library 'ctambe'
    ; warning
    @(194.31 mm, 259.334 mm): Symbol U1 [XC7A35T-CPG236-1CPG236C]
[lib_symbol_mismatch]: Symbol 'XC7A35T-CPG236-1CPG236C' doesn't match copy in library 'ctambe'
    ; warning
    @(194.31 mm, 261.874 mm): Symbol U1 [XC7A35T-CPG236-1CPG236C]
[endpoint_off_grid]: Symbol pin or wire end off connection grid
    ; warning
    @(212.09 mm, 53.594 mm): Horizontal Wire, length 2.54 mm
[endpoint_off_grid]: Symbol pin or wire end off connection grid
    ; warning
    @(212.09 mm, 56.134 mm): Horizontal Wire, length 2.54 mm
[endpoint_off_grid]: Symbol pin or wire end off connection grid
    ; warning
    @(212.09 mm, 58.674 mm): Horizontal Wire, length 2.54 mm
[endpoint_off_grid]: Symbol pin or wire end off connection grid
    ; warning
    @(212.09 mm, 61.214 mm): Horizontal Wire, length 2.54 mm
[endpoint_off_grid]: Symbol pin or wire end off connection grid
    ; warning
    @(214.63 mm, 53.594 mm): Symbol U1 Pin C8 [1, Input, Line]
[endpoint_off_grid]: Symbol pin or wire end off connection grid
    ; warning
    @(214.63 mm, 56.134 mm): Symbol U1 Pin W9 [1, Input, Line]
[endpoint_off_grid]: Symbol pin or wire end off connection grid
    ; warning
    @(214.63 mm, 58.674 mm): Symbol U1 Pin W10 [1, Input, Line]
[endpoint_off_grid]: Symbol pin or wire end off connection grid
    ; warning
    @(214.63 mm, 61.214 mm): Symbol U1 Pin W8 [1, Input, Line]
[endpoint_off_grid]: Symbol pin or wire end off connection grid
    ; warning
    @(236.22 mm, 89.154 mm): Horizontal Wire, length 1.27 mm
[endpoint_off_grid]: Symbol pin or wire end off connection grid
    ; warning
    @(236.22 mm, 91.694 mm): Horizontal Wire, length 1.27 mm
[endpoint_off_grid]: Symbol pin or wire end off connection grid
    ; warning
    @(236.22 mm, 95.504 mm): Horizontal Wire, length 1.27 mm
[endpoint_off_grid]: Symbol pin or wire end off connection grid
    ; warning
    @(236.22 mm, 98.044 mm): Horizontal Wire, length 1.27 mm
[endpoint_off_grid]: Symbol pin or wire end off connection grid
    ; warning
    @(237.49 mm, 89.154 mm): Symbol U1 Pin G3 [1, Input, Line]
[endpoint_off_grid]: Symbol pin or wire end off connection grid
    ; warning
    @(237.49 mm, 91.694 mm): Symbol U1 Pin G2 [1, Input, Line]
[endpoint_off_grid]: Symbol pin or wire end off connection grid
    ; warning
    @(237.49 mm, 95.504 mm): Symbol U1 Pin H2 [1, Input, Line]
[endpoint_off_grid]: Symbol pin or wire end off connection grid
    ; warning
    @(237.49 mm, 98.044 mm): Symbol U1 Pin J2 [1, Input, Line]
[endpoint_off_grid]: Symbol pin or wire end off connection grid
    ; warning
    @(237.49 mm, 137.414 mm): Horizontal Wire, length 2.54 mm
[endpoint_off_grid]: Symbol pin or wire end off connection grid
    ; warning
    @(237.49 mm, 139.954 mm): Horizontal Wire, length 2.54 mm
[endpoint_off_grid]: Symbol pin or wire end off connection grid
    ; warning
    @(237.49 mm, 189.484 mm): Symbol U1 Pin A12 [1, Input, Line]
[endpoint_off_grid]: Symbol pin or wire end off connection grid
    ; warning
    @(237.49 mm, 189.484 mm): Horizontal Wire, length 6.35 mm
[endpoint_off_grid]: Symbol pin or wire end off connection grid
    ; warning
    @(237.49 mm, 192.024 mm): Symbol U1 Pin B13 [1, Input, Line]
[endpoint_off_grid]: Symbol pin or wire end off connection grid
    ; warning
    @(237.49 mm, 192.024 mm): Horizontal Wire, length 6.35 mm
[endpoint_off_grid]: Symbol pin or wire end off connection grid
    ; warning
    @(237.49 mm, 194.564 mm): Symbol U1 Pin B12 [1, Input, Line]
[endpoint_off_grid]: Symbol pin or wire end off connection grid
    ; warning
    @(237.49 mm, 194.564 mm): Horizontal Wire, length 6.35 mm
[endpoint_off_grid]: Symbol pin or wire end off connection grid
    ; warning
    @(237.49 mm, 197.104 mm): Symbol U1 Pin A13 [1, Input, Line]
[endpoint_off_grid]: Symbol pin or wire end off connection grid
    ; warning
    @(237.49 mm, 197.104 mm): Horizontal Wire, length 6.35 mm
[endpoint_off_grid]: Symbol pin or wire end off connection grid
    ; warning
    @(237.49 mm, 202.184 mm): Horizontal Wire, length 6.35 mm
[endpoint_off_grid]: Symbol pin or wire end off connection grid
    ; warning
    @(237.49 mm, 202.184 mm): Symbol U1 Pin A11 [1, Input, Line]
[endpoint_off_grid]: Symbol pin or wire end off connection grid
    ; warning
    @(237.49 mm, 204.724 mm): Horizontal Wire, length 6.35 mm
[endpoint_off_grid]: Symbol pin or wire end off connection grid
    ; warning
    @(237.49 mm, 204.724 mm): Symbol U1 Pin B11 [1, Input, Line]
[endpoint_off_grid]: Symbol pin or wire end off connection grid
    ; warning
    @(237.49 mm, 237.744 mm): Horizontal Wire, length 2.54 mm
[endpoint_off_grid]: Symbol pin or wire end off connection grid
    ; warning
    @(237.49 mm, 240.284 mm): Horizontal Wire, length 2.54 mm
[endpoint_off_grid]: Symbol pin or wire end off connection grid
    ; warning
    @(237.49 mm, 242.824 mm): Horizontal Wire, length 2.54 mm
[endpoint_off_grid]: Symbol pin or wire end off connection grid
    ; warning
    @(237.49 mm, 245.364 mm): Horizontal Wire, length 2.54 mm
[endpoint_off_grid]: Symbol pin or wire end off connection grid
    ; warning
    @(237.49 mm, 247.904 mm): Horizontal Wire, length 2.54 mm
[endpoint_off_grid]: Symbol pin or wire end off connection grid
    ; warning
    @(237.49 mm, 250.444 mm): Horizontal Wire, length 2.54 mm
[endpoint_off_grid]: Symbol pin or wire end off connection grid
    ; warning
    @(237.49 mm, 252.984 mm): Horizontal Wire, length 2.54 mm
[endpoint_off_grid]: Symbol pin or wire end off connection grid
    ; warning
    @(237.49 mm, 255.524 mm): Horizontal Wire, length 2.54 mm
[endpoint_off_grid]: Symbol pin or wire end off connection grid
    ; warning
    @(240.03 mm, 137.414 mm): Symbol U1 Pin K18 [1, Bidirectional, Line]
[endpoint_off_grid]: Symbol pin or wire end off connection grid
    ; warning
    @(240.03 mm, 139.954 mm): Symbol U1 Pin G19 [1, Bidirectional, Line]
[endpoint_off_grid]: Symbol pin or wire end off connection grid
    ; warning
    @(240.03 mm, 146.304 mm): Horizontal Wire, length 2.54 mm
[endpoint_off_grid]: Symbol pin or wire end off connection grid
    ; warning
    @(240.03 mm, 148.844 mm): Horizontal Wire, length 2.54 mm
[endpoint_off_grid]: Symbol pin or wire end off connection grid
    ; warning
    @(240.03 mm, 151.384 mm): Horizontal Wire, length 2.54 mm
[endpoint_off_grid]: Symbol pin or wire end off connection grid
    ; warning
    @(240.03 mm, 214.884 mm): Symbol U1 Pin D2 [1, Input, Line]
[endpoint_off_grid]: Symbol pin or wire end off connection grid
    ; warning
    @(240.03 mm, 217.424 mm): Symbol U1 Pin D1 [1, Input, Line]
[endpoint_off_grid]: Symbol pin or wire end off connection grid
    ; warning
    @(240.03 mm, 219.964 mm): Symbol U1 Pin B2 [1, Input, Line]
[endpoint_off_grid]: Symbol pin or wire end off connection grid
    ; warning
    @(240.03 mm, 222.504 mm): Symbol U1 Pin B8 [1, Input, Line]
[endpoint_off_grid]: Symbol pin or wire end off connection grid
    ; warning
    @(240.03 mm, 225.044 mm): Symbol U1 Pin A8 [1, Input, Line]
[endpoint_off_grid]: Symbol pin or wire end off connection grid
    ; warning
    @(240.03 mm, 227.584 mm): Symbol U1 Pin B10 [1, Input, Line]
[endpoint_off_grid]: Symbol pin or wire end off connection grid
    ; warning
    @(240.03 mm, 230.124 mm): Symbol U1 Pin A10 [1, Input, Line]
[endpoint_off_grid]: Symbol pin or wire end off connection grid
    ; warning
    @(240.03 mm, 232.664 mm): Symbol U1 Pin A2 [1, Input, Line]
[endpoint_off_grid]: Symbol pin or wire end off connection grid
    ; warning
    @(240.03 mm, 237.744 mm): Symbol U1 Pin U18 [1, Input, Line]
[endpoint_off_grid]: Symbol pin or wire end off connection grid
    ; warning
    @(240.03 mm, 240.284 mm): Symbol U1 Pin U19 [1, Input, Line]
[endpoint_off_grid]: Symbol pin or wire end off connection grid
    ; warning
    @(240.03 mm, 242.824 mm): Symbol U1 Pin G17 [1, Input, Line]
[endpoint_off_grid]: Symbol pin or wire end off connection grid
    ; warning
    @(240.03 mm, 245.364 mm): Symbol U1 Pin C17 [1, Input, Line]
[endpoint_off_grid]: Symbol pin or wire end off connection grid
    ; warning
    @(240.03 mm, 247.904 mm): Symbol U1 Pin T17 [1, Input, Line]
[endpoint_off_grid]: Symbol pin or wire end off connection grid
    ; warning
    @(240.03 mm, 250.444 mm): Symbol U1 Pin E19 [1, Input, Line]
[endpoint_off_grid]: Symbol pin or wire end off connection grid
    ; warning
    @(240.03 mm, 252.984 mm): Symbol U1 Pin V19 [1, Input, Line]
[endpoint_off_grid]: Symbol pin or wire end off connection grid
    ; warning
    @(240.03 mm, 255.524 mm): Symbol U1 Pin U17 [1, Bidirectional, Line]
[endpoint_off_grid]: Symbol pin or wire end off connection grid
    ; warning
    @(242.57 mm, 146.304 mm): Symbol U1 Pin L18 [1, Input, Line]
[endpoint_off_grid]: Symbol pin or wire end off connection grid
    ; warning
    @(242.57 mm, 148.844 mm): Symbol U1 Pin M18 [1, Input, Line]
[endpoint_off_grid]: Symbol pin or wire end off connection grid
    ; warning
    @(242.57 mm, 151.384 mm): Symbol U1 Pin B16 [1, Output, Line]
[lib_symbol_mismatch]: Symbol 'XC7A35T-CPG236-1CPG236C' doesn't match copy in library 'ctambe'
    ; warning
    @(247.65 mm, 189.484 mm): Symbol U1 [XC7A35T-CPG236-1CPG236C]
[lib_symbol_mismatch]: Symbol 'XC7A35T-CPG236-1CPG236C' doesn't match copy in library 'ctambe'
    ; warning
    @(247.65 mm, 192.024 mm): Symbol U1 [XC7A35T-CPG236-1CPG236C]
[lib_symbol_mismatch]: Symbol 'XC7A35T-CPG236-1CPG236C' doesn't match copy in library 'ctambe'
    ; warning
    @(247.65 mm, 194.564 mm): Symbol U1 [XC7A35T-CPG236-1CPG236C]
[lib_symbol_mismatch]: Symbol 'XC7A35T-CPG236-1CPG236C' doesn't match copy in library 'ctambe'
    ; warning
    @(247.65 mm, 197.104 mm): Symbol U1 [XC7A35T-CPG236-1CPG236C]
[lib_symbol_mismatch]: Symbol 'XC7A35T-CPG236-1CPG236C' doesn't match copy in library 'ctambe'
    ; warning
    @(247.65 mm, 202.184 mm): Symbol U1 [XC7A35T-CPG236-1CPG236C]
[lib_symbol_mismatch]: Symbol 'XC7A35T-CPG236-1CPG236C' doesn't match copy in library 'ctambe'
    ; warning
    @(247.65 mm, 204.724 mm): Symbol U1 [XC7A35T-CPG236-1CPG236C]
[lib_symbol_mismatch]: Symbol 'XC7A35T-CPG236-1CPG236C' doesn't match copy in library 'ctambe'
    ; warning
    @(250.19 mm, 137.414 mm): Symbol U1 [XC7A35T-CPG236-1CPG236C]
[lib_symbol_mismatch]: Symbol 'XC7A35T-CPG236-1CPG236C' doesn't match copy in library 'ctambe'
    ; warning
    @(250.19 mm, 139.954 mm): Symbol U1 [XC7A35T-CPG236-1CPG236C]
[lib_symbol_mismatch]: Symbol 'XC7A35T-CPG236-1CPG236C' doesn't match copy in library 'ctambe'
    ; warning
    @(250.19 mm, 214.884 mm): Symbol U1 [XC7A35T-CPG236-1CPG236C]
[lib_symbol_mismatch]: Symbol 'XC7A35T-CPG236-1CPG236C' doesn't match copy in library 'ctambe'
    ; warning
    @(250.19 mm, 217.424 mm): Symbol U1 [XC7A35T-CPG236-1CPG236C]
[lib_symbol_mismatch]: Symbol 'XC7A35T-CPG236-1CPG236C' doesn't match copy in library 'ctambe'
    ; warning
    @(250.19 mm, 219.964 mm): Symbol U1 [XC7A35T-CPG236-1CPG236C]
[lib_symbol_mismatch]: Symbol 'XC7A35T-CPG236-1CPG236C' doesn't match copy in library 'ctambe'
    ; warning
    @(250.19 mm, 222.504 mm): Symbol U1 [XC7A35T-CPG236-1CPG236C]
[lib_symbol_mismatch]: Symbol 'XC7A35T-CPG236-1CPG236C' doesn't match copy in library 'ctambe'
    ; warning
    @(250.19 mm, 225.044 mm): Symbol U1 [XC7A35T-CPG236-1CPG236C]
[lib_symbol_mismatch]: Symbol 'XC7A35T-CPG236-1CPG236C' doesn't match copy in library 'ctambe'
    ; warning
    @(250.19 mm, 227.584 mm): Symbol U1 [XC7A35T-CPG236-1CPG236C]
[lib_symbol_mismatch]: Symbol 'XC7A35T-CPG236-1CPG236C' doesn't match copy in library 'ctambe'
    ; warning
    @(250.19 mm, 230.124 mm): Symbol U1 [XC7A35T-CPG236-1CPG236C]
[lib_symbol_mismatch]: Symbol 'XC7A35T-CPG236-1CPG236C' doesn't match copy in library 'ctambe'
    ; warning
    @(250.19 mm, 232.664 mm): Symbol U1 [XC7A35T-CPG236-1CPG236C]
[lib_symbol_mismatch]: Symbol 'XC7A35T-CPG236-1CPG236C' doesn't match copy in library 'ctambe'
    ; warning
    @(250.19 mm, 237.744 mm): Symbol U1 [XC7A35T-CPG236-1CPG236C]
[lib_symbol_mismatch]: Symbol 'XC7A35T-CPG236-1CPG236C' doesn't match copy in library 'ctambe'
    ; warning
    @(250.19 mm, 240.284 mm): Symbol U1 [XC7A35T-CPG236-1CPG236C]
[lib_symbol_mismatch]: Symbol 'XC7A35T-CPG236-1CPG236C' doesn't match copy in library 'ctambe'
    ; warning
    @(250.19 mm, 242.824 mm): Symbol U1 [XC7A35T-CPG236-1CPG236C]
[lib_symbol_mismatch]: Symbol 'XC7A35T-CPG236-1CPG236C' doesn't match copy in library 'ctambe'
    ; warning
    @(250.19 mm, 245.364 mm): Symbol U1 [XC7A35T-CPG236-1CPG236C]
[lib_symbol_mismatch]: Symbol 'XC7A35T-CPG236-1CPG236C' doesn't match copy in library 'ctambe'
    ; warning
    @(250.19 mm, 247.904 mm): Symbol U1 [XC7A35T-CPG236-1CPG236C]
[lib_symbol_mismatch]: Symbol 'XC7A35T-CPG236-1CPG236C' doesn't match copy in library 'ctambe'
    ; warning
    @(250.19 mm, 250.444 mm): Symbol U1 [XC7A35T-CPG236-1CPG236C]
[lib_symbol_mismatch]: Symbol 'XC7A35T-CPG236-1CPG236C' doesn't match copy in library 'ctambe'
    ; warning
    @(250.19 mm, 252.984 mm): Symbol U1 [XC7A35T-CPG236-1CPG236C]
[lib_symbol_mismatch]: Symbol 'XC7A35T-CPG236-1CPG236C' doesn't match copy in library 'ctambe'
    ; warning
    @(250.19 mm, 255.524 mm): Symbol U1 [XC7A35T-CPG236-1CPG236C]
[lib_symbol_mismatch]: Symbol 'XC7A35T-CPG236-1CPG236C' doesn't match copy in library 'ctambe'
    ; warning
    @(252.73 mm, 146.304 mm): Symbol U1 [XC7A35T-CPG236-1CPG236C]
[lib_symbol_mismatch]: Symbol 'XC7A35T-CPG236-1CPG236C' doesn't match copy in library 'ctambe'
    ; warning
    @(252.73 mm, 148.844 mm): Symbol U1 [XC7A35T-CPG236-1CPG236C]
[lib_symbol_mismatch]: Symbol 'XC7A35T-CPG236-1CPG236C' doesn't match copy in library 'ctambe'
    ; warning
    @(252.73 mm, 151.384 mm): Symbol U1 [XC7A35T-CPG236-1CPG236C]
[endpoint_off_grid]: Symbol pin or wire end off connection grid
    ; warning
    @(39.37 mm, 49.276 mm): Horizontal Wire, length 7.62 mm
[endpoint_off_grid]: Symbol pin or wire end off connection grid
    ; warning
    @(39.37 mm, 51.816 mm): Horizontal Wire, length 7.62 mm
[endpoint_off_grid]: Symbol pin or wire end off connection grid
    ; warning
    @(39.37 mm, 54.356 mm): Horizontal Wire, length 7.62 mm
[endpoint_off_grid]: Symbol pin or wire end off connection grid
    ; warning
    @(39.37 mm, 56.896 mm): Horizontal Wire, length 7.62 mm
[endpoint_off_grid]: Symbol pin or wire end off connection grid
    ; warning
    @(39.37 mm, 59.436 mm): Horizontal Wire, length 7.62 mm
[endpoint_off_grid]: Symbol pin or wire end off connection grid
    ; warning
    @(39.37 mm, 61.976 mm): Horizontal Wire, length 7.62 mm
[endpoint_off_grid]: Symbol pin or wire end off connection grid
    ; warning
    @(39.37 mm, 64.516 mm): Horizontal Wire, length 7.62 mm
[endpoint_off_grid]: Symbol pin or wire end off connection grid
    ; warning
    @(39.37 mm, 67.056 mm): Horizontal Wire, length 7.62 mm
[endpoint_off_grid]: Symbol pin or wire end off connection grid
    ; warning
    @(39.37 mm, 69.596 mm): Horizontal Wire, length 7.62 mm
[endpoint_off_grid]: Symbol pin or wire end off connection grid
    ; warning
    @(39.37 mm, 82.296 mm): Horizontal Wire, length 7.62 mm
[endpoint_off_grid]: Symbol pin or wire end off connection grid
    ; warning
    @(39.37 mm, 84.836 mm): Horizontal Wire, length 7.62 mm
[endpoint_off_grid]: Symbol pin or wire end off connection grid
    ; warning
    @(39.37 mm, 87.376 mm): Horizontal Wire, length 7.62 mm
[endpoint_off_grid]: Symbol pin or wire end off connection grid
    ; warning
    @(39.37 mm, 89.916 mm): Horizontal Wire, length 7.62 mm
[endpoint_off_grid]: Symbol pin or wire end off connection grid
    ; warning
    @(39.37 mm, 92.456 mm): Horizontal Wire, length 7.62 mm
[endpoint_off_grid]: Symbol pin or wire end off connection grid
    ; warning
    @(39.37 mm, 94.996 mm): Horizontal Wire, length 7.62 mm
[endpoint_off_grid]: Symbol pin or wire end off connection grid
    ; warning
    @(39.37 mm, 97.536 mm): Horizontal Wire, length 7.62 mm
[endpoint_off_grid]: Symbol pin or wire end off connection grid
    ; warning
    @(39.37 mm, 100.076 mm): Horizontal Wire, length 7.62 mm
[endpoint_off_grid]: Symbol pin or wire end off connection grid
    ; warning
    @(39.37 mm, 102.616 mm): Horizontal Wire, length 7.62 mm
[endpoint_off_grid]: Symbol pin or wire end off connection grid
    ; warning
    @(39.37 mm, 105.156 mm): Horizontal Wire, length 7.62 mm
[endpoint_off_grid]: Symbol pin or wire end off connection grid
    ; warning
    @(39.37 mm, 107.696 mm): Horizontal Wire, length 7.62 mm
[endpoint_off_grid]: Symbol pin or wire end off connection grid
    ; warning
    @(46.99 mm, 49.276 mm): Symbol X2 Pin 1 [1, Bidirectional, Line]
[endpoint_off_grid]: Symbol pin or wire end off connection grid
    ; warning
    @(46.99 mm, 51.816 mm): Symbol X2 Pin 2 [1, Bidirectional, Line]
[endpoint_off_grid]: Symbol pin or wire end off connection grid
    ; warning
    @(46.99 mm, 54.356 mm): Symbol X2 Pin 3 [1, Input, Line]
[endpoint_off_grid]: Symbol pin or wire end off connection grid
    ; warning
    @(46.99 mm, 56.896 mm): Symbol X2 Pin 4 [1, Bidirectional, Line]
[endpoint_off_grid]: Symbol pin or wire end off connection grid
    ; warning
    @(46.99 mm, 59.436 mm): Symbol X2 Pin 5 [1, Bidirectional, Line]
[endpoint_off_grid]: Symbol pin or wire end off connection grid
    ; warning
    @(46.99 mm, 61.976 mm): Symbol X2 Pin 6 [1, Bidirectional, Line]
[endpoint_off_grid]: Symbol pin or wire end off connection grid
    ; warning
    @(46.99 mm, 64.516 mm): Symbol X2 Pin 7 [1, Bidirectional, Line]
[endpoint_off_grid]: Symbol pin or wire end off connection grid
    ; warning
    @(46.99 mm, 67.056 mm): Symbol X2 Pin 8 [1, Bidirectional, Line]
[endpoint_off_grid]: Symbol pin or wire end off connection grid
    ; warning
    @(46.99 mm, 69.596 mm): Symbol X2 Pin 9 [1, Bidirectional, Line]
[endpoint_off_grid]: Symbol pin or wire end off connection grid
    ; warning
    @(46.99 mm, 82.296 mm): Symbol X2 Pin 10 [1, Input, Line]
[endpoint_off_grid]: Symbol pin or wire end off connection grid
    ; warning
    @(46.99 mm, 84.836 mm): Symbol X2 Pin 11 [1, Bidirectional, Line]
[endpoint_off_grid]: Symbol pin or wire end off connection grid
    ; warning
    @(46.99 mm, 87.376 mm): Symbol X2 Pin 12 [1, Bidirectional, Line]
[endpoint_off_grid]: Symbol pin or wire end off connection grid
    ; warning
    @(46.99 mm, 89.916 mm): Symbol X2 Pin 13 [1, Input, Line]
[endpoint_off_grid]: Symbol pin or wire end off connection grid
    ; warning
    @(46.99 mm, 92.456 mm): Symbol X2 Pin 14 [1, Bidirectional, Line]
[endpoint_off_grid]: Symbol pin or wire end off connection grid
    ; warning
    @(46.99 mm, 94.996 mm): Symbol X2 Pin 15 [1, Passive, Line]
[endpoint_off_grid]: Symbol pin or wire end off connection grid
    ; warning
    @(46.99 mm, 97.536 mm): Symbol X2 Pin 16 [1, Bidirectional, Line]
[endpoint_off_grid]: Symbol pin or wire end off connection grid
    ; warning
    @(46.99 mm, 100.076 mm): Symbol X2 Pin 17 [1, Bidirectional, Line]
[endpoint_off_grid]: Symbol pin or wire end off connection grid
    ; warning
    @(46.99 mm, 102.616 mm): Symbol X2 Pin 18 [1, Bidirectional, Line]
[endpoint_off_grid]: Symbol pin or wire end off connection grid
    ; warning
    @(46.99 mm, 105.156 mm): Symbol X2 Pin 19 [1, Bidirectional, Line]
[endpoint_off_grid]: Symbol pin or wire end off connection grid
    ; warning
    @(46.99 mm, 107.696 mm): Symbol X2 Pin 20 [1, Bidirectional, Line]
[endpoint_off_grid]: Symbol pin or wire end off connection grid
    ; warning
    @(53.34 mm, 220.726 mm): Horizontal Wire, length 5.08 mm
[endpoint_off_grid]: Symbol pin or wire end off connection grid
    ; warning
    @(53.34 mm, 223.266 mm): Horizontal Wire, length 5.08 mm
[endpoint_off_grid]: Symbol pin or wire end off connection grid
    ; warning
    @(53.34 mm, 225.806 mm): Horizontal Wire, length 5.08 mm
[endpoint_off_grid]: Symbol pin or wire end off connection grid
    ; warning
    @(53.34 mm, 228.346 mm): Horizontal Wire, length 5.08 mm
[endpoint_off_grid]: Symbol pin or wire end off connection grid
    ; warning
    @(58.42 mm, 235.966 mm): Symbol #PWR031 Hidden pin  [VCC3V3, Power input, Line]
[endpoint_off_grid]: Symbol pin or wire end off connection grid
    ; warning
    @(58.42 mm, 238.506 mm): Horizontal Wire, length 7.62 mm
[endpoint_off_grid]: Symbol pin or wire end off connection grid
    ; warning
    @(58.42 mm, 238.506 mm): Vertical Wire, length 2.54 mm
[endpoint_off_grid]: Symbol pin or wire end off connection grid
    ; warning
    @(63.50 mm, 220.726 mm): Symbol R26 Pin 2 [2, Passive, Line]
[endpoint_off_grid]: Symbol pin or wire end off connection grid
    ; warning
    @(63.50 mm, 220.726 mm): Horizontal Wire, length 5.08 mm
[endpoint_off_grid]: Symbol pin or wire end off connection grid
    ; warning
    @(63.50 mm, 223.266 mm): Horizontal Wire, length 5.08 mm
[endpoint_off_grid]: Symbol pin or wire end off connection grid
    ; warning
    @(63.50 mm, 223.266 mm): Symbol R27 Pin 2 [2, Passive, Line]
[endpoint_off_grid]: Symbol pin or wire end off connection grid
    ; warning
    @(63.50 mm, 225.806 mm): Horizontal Wire, length 5.08 mm
[endpoint_off_grid]: Symbol pin or wire end off connection grid
    ; warning
    @(63.50 mm, 225.806 mm): Symbol R28 Pin 2 [2, Passive, Line]
[endpoint_off_grid]: Symbol pin or wire end off connection grid
    ; warning
    @(63.50 mm, 228.346 mm): Symbol R29 Pin 2 [2, Passive, Line]
[endpoint_off_grid]: Symbol pin or wire end off connection grid
    ; warning
    @(63.50 mm, 228.346 mm): Horizontal Wire, length 5.08 mm
[endpoint_off_grid]: Symbol pin or wire end off connection grid
    ; warning
    @(63.50 mm, 230.886 mm): Horizontal Wire, length 5.08 mm
[endpoint_off_grid]: Symbol pin or wire end off connection grid
    ; warning
    @(66.04 mm, 233.426 mm): Horizontal Wire, length 2.54 mm
[endpoint_off_grid]: Symbol pin or wire end off connection grid
    ; warning
    @(66.04 mm, 238.506 mm): Horizontal Wire, length 25.40 mm
[endpoint_off_grid]: Symbol pin or wire end off connection grid
    ; warning
    @(66.04 mm, 238.506 mm): Vertical Wire, length 5.08 mm
[endpoint_off_grid]: Symbol pin or wire end off connection grid
    ; warning
    @(68.58 mm, 230.886 mm): Symbol J1 Pin 5 [5, Passive, Inverted]
[endpoint_off_grid]: Symbol pin or wire end off connection grid
    ; warning
    @(82.55 mm, 49.276 mm): Horizontal Wire, length 7.62 mm
[endpoint_off_grid]: Symbol pin or wire end off connection grid
    ; warning
    @(82.55 mm, 49.276 mm): Symbol X2 Pin 21 [1, Bidirectional, Line]
[endpoint_off_grid]: Symbol pin or wire end off connection grid
    ; warning
    @(82.55 mm, 51.816 mm): Horizontal Wire, length 7.62 mm
[endpoint_off_grid]: Symbol pin or wire end off connection grid
    ; warning
    @(82.55 mm, 51.816 mm): Symbol X2 Pin 22 [1, Bidirectional, Line]
[endpoint_off_grid]: Symbol pin or wire end off connection grid
    ; warning
    @(82.55 mm, 54.356 mm): Symbol X2 Pin 23 [1, Bidirectional, Line]
[endpoint_off_grid]: Symbol pin or wire end off connection grid
    ; warning
    @(82.55 mm, 54.356 mm): Horizontal Wire, length 7.62 mm
[endpoint_off_grid]: Symbol pin or wire end off connection grid
    ; warning
    @(82.55 mm, 56.896 mm): Symbol X2 Pin 24 [1, Bidirectional, Line]
[endpoint_off_grid]: Symbol pin or wire end off connection grid
    ; warning
    @(82.55 mm, 56.896 mm): Horizontal Wire, length 7.62 mm
[endpoint_off_grid]: Symbol pin or wire end off connection grid
    ; warning
    @(82.55 mm, 59.436 mm): Symbol X2 Pin 25 [1, Bidirectional, Line]
[endpoint_off_grid]: Symbol pin or wire end off connection grid
    ; warning
    @(82.55 mm, 59.436 mm): Horizontal Wire, length 7.62 mm
[endpoint_off_grid]: Symbol pin or wire end off connection grid
    ; warning
    @(82.55 mm, 61.976 mm): Symbol X2 Pin 26 [1, Input, Line]
[endpoint_off_grid]: Symbol pin or wire end off connection grid
    ; warning
    @(82.55 mm, 61.976 mm): Horizontal Wire, length 7.62 mm
[endpoint_off_grid]: Symbol pin or wire end off connection grid
    ; warning
    @(82.55 mm, 64.516 mm): Horizontal Wire, length 7.62 mm
[endpoint_off_grid]: Symbol pin or wire end off connection grid
    ; warning
    @(82.55 mm, 64.516 mm): Symbol X2 Pin 27 [1, Bidirectional, Line]
[endpoint_off_grid]: Symbol pin or wire end off connection grid
    ; warning
    @(82.55 mm, 67.056 mm): Symbol X2 Pin 28 [1, Bidirectional, Line]
[endpoint_off_grid]: Symbol pin or wire end off connection grid
    ; warning
    @(82.55 mm, 67.056 mm): Horizontal Wire, length 7.62 mm
[endpoint_off_grid]: Symbol pin or wire end off connection grid
    ; warning
    @(82.55 mm, 69.596 mm): Symbol X2 Pin 29 [1, Bidirectional, Line]
[endpoint_off_grid]: Symbol pin or wire end off connection grid
    ; warning
    @(82.55 mm, 69.596 mm): Horizontal Wire, length 7.62 mm
[endpoint_off_grid]: Symbol pin or wire end off connection grid
    ; warning
    @(82.55 mm, 82.296 mm): Horizontal Wire, length 7.62 mm
[endpoint_off_grid]: Symbol pin or wire end off connection grid
    ; warning
    @(82.55 mm, 82.296 mm): Symbol X2 Pin 30 [1, Bidirectional, Line]
[endpoint_off_grid]: Symbol pin or wire end off connection grid
    ; warning
    @(82.55 mm, 84.836 mm): Horizontal Wire, length 7.62 mm
[endpoint_off_grid]: Symbol pin or wire end off connection grid
    ; warning
    @(82.55 mm, 84.836 mm): Symbol X2 Pin 31 [1, Input, Line]
[endpoint_off_grid]: Symbol pin or wire end off connection grid
    ; warning
    @(82.55 mm, 87.376 mm): Horizontal Wire, length 7.62 mm
[endpoint_off_grid]: Symbol pin or wire end off connection grid
    ; warning
    @(82.55 mm, 87.376 mm): Symbol X2 Pin 32 [1, Bidirectional, Line]
[endpoint_off_grid]: Symbol pin or wire end off connection grid
    ; warning
    @(82.55 mm, 89.916 mm): Symbol X2 Pin 33 [1, Bidirectional, Line]
[endpoint_off_grid]: Symbol pin or wire end off connection grid
    ; warning
    @(82.55 mm, 89.916 mm): Horizontal Wire, length 7.62 mm
[endpoint_off_grid]: Symbol pin or wire end off connection grid
    ; warning
    @(82.55 mm, 92.456 mm): Horizontal Wire, length 7.62 mm
[endpoint_off_grid]: Symbol pin or wire end off connection grid
    ; warning
    @(82.55 mm, 92.456 mm): Symbol X2 Pin 34 [1, Input, Line]
[endpoint_off_grid]: Symbol pin or wire end off connection grid
    ; warning
    @(82.55 mm, 94.996 mm): Horizontal Wire, length 7.62 mm
[endpoint_off_grid]: Symbol pin or wire end off connection grid
    ; warning
    @(82.55 mm, 94.996 mm): Symbol X2 Pin 35 [1, Bidirectional, Line]
[endpoint_off_grid]: Symbol pin or wire end off connection grid
    ; warning
    @(82.55 mm, 97.536 mm): Symbol X2 Pin 36 [1, Bidirectional, Line]
[endpoint_off_grid]: Symbol pin or wire end off connection grid
    ; warning
    @(82.55 mm, 97.536 mm): Horizontal Wire, length 7.62 mm
[endpoint_off_grid]: Symbol pin or wire end off connection grid
    ; warning
    @(82.55 mm, 100.076 mm): Horizontal Wire, length 7.62 mm
[endpoint_off_grid]: Symbol pin or wire end off connection grid
    ; warning
    @(82.55 mm, 100.076 mm): Symbol X2 Pin 37 [1, Bidirectional, Line]
[endpoint_off_grid]: Symbol pin or wire end off connection grid
    ; warning
    @(82.55 mm, 102.616 mm): Symbol X2 Pin 38 [1, Bidirectional, Line]
[endpoint_off_grid]: Symbol pin or wire end off connection grid
    ; warning
    @(82.55 mm, 102.616 mm): Horizontal Wire, length 7.62 mm
[endpoint_off_grid]: Symbol pin or wire end off connection grid
    ; warning
    @(82.55 mm, 105.156 mm): Symbol X2 Pin 39 [1, Bidirectional, Line]
[endpoint_off_grid]: Symbol pin or wire end off connection grid
    ; warning
    @(82.55 mm, 105.156 mm): Horizontal Wire, length 7.62 mm
[endpoint_off_grid]: Symbol pin or wire end off connection grid
    ; warning
    @(82.55 mm, 107.696 mm): Symbol X2 Pin 40 [1, Bidirectional, Line]
[endpoint_off_grid]: Symbol pin or wire end off connection grid
    ; warning
    @(82.55 mm, 107.696 mm): Horizontal Wire, length 7.62 mm
[endpoint_off_grid]: Symbol pin or wire end off connection grid
    ; warning
    @(86.36 mm, 220.726 mm): Horizontal Wire, length 5.08 mm
[endpoint_off_grid]: Symbol pin or wire end off connection grid
    ; warning
    @(86.36 mm, 223.266 mm): Horizontal Wire, length 5.08 mm
[endpoint_off_grid]: Symbol pin or wire end off connection grid
    ; warning
    @(86.36 mm, 225.806 mm): Horizontal Wire, length 5.08 mm
[endpoint_off_grid]: Symbol pin or wire end off connection grid
    ; warning
    @(86.36 mm, 228.346 mm): Horizontal Wire, length 5.08 mm
[endpoint_off_grid]: Symbol pin or wire end off connection grid
    ; warning
    @(86.36 mm, 230.886 mm): Horizontal Wire, length 5.08 mm
[endpoint_off_grid]: Symbol pin or wire end off connection grid
    ; warning
    @(86.36 mm, 233.426 mm): Horizontal Wire, length 5.08 mm
[endpoint_off_grid]: Symbol pin or wire end off connection grid
    ; warning
    @(91.44 mm, 220.726 mm): Symbol R30 Pin 1 [1, Passive, Line]
[endpoint_off_grid]: Symbol pin or wire end off connection grid
    ; warning
    @(91.44 mm, 223.266 mm): Symbol R31 Pin 1 [1, Passive, Line]
[endpoint_off_grid]: Symbol pin or wire end off connection grid
    ; warning
    @(91.44 mm, 238.506 mm): Vertical Wire, length 5.08 mm
[endpoint_off_grid]: Symbol pin or wire end off connection grid
    ; warning
    @(96.52 mm, 220.726 mm): Horizontal Wire, length 5.08 mm
[endpoint_off_grid]: Symbol pin or wire end off connection grid
    ; warning
    @(96.52 mm, 223.266 mm): Horizontal Wire, length 5.08 mm
[endpoint_off_grid]: Symbol pin or wire end off connection grid
    ; warning
    @(96.52 mm, 225.806 mm): Symbol R32 Pin 2 [2, Passive, Line]
[endpoint_off_grid]: Symbol pin or wire end off connection grid
    ; warning
    @(96.52 mm, 225.806 mm): Horizontal Wire, length 5.08 mm
[endpoint_off_grid]: Symbol pin or wire end off connection grid
    ; warning
    @(96.52 mm, 228.346 mm): Symbol R33 Pin 2 [2, Passive, Line]
[endpoint_off_grid]: Symbol pin or wire end off connection grid
    ; warning
    @(96.52 mm, 228.346 mm): Horizontal Wire, length 5.08 mm
[endpoint_off_grid]: Symbol pin or wire end off connection grid
    ; warning
    @(180.34 mm, 35.306 mm): Horizontal Wire, length 5.08 mm
[endpoint_off_grid]: Symbol pin or wire end off connection grid
    ; warning
    @(180.34 mm, 58.166 mm): Horizontal Wire, length 10.16 mm
[endpoint_off_grid]: Symbol pin or wire end off connection grid
    ; warning
    @(180.34 mm, 63.246 mm): Horizontal Wire, length 10.16 mm
[endpoint_off_grid]: Symbol pin or wire end off connection grid
    ; warning
    @(180.34 mm, 83.566 mm): Horizontal Wire, length 15.24 mm
[endpoint_off_grid]: Symbol pin or wire end off connection grid
    ; warning
    @(181.61 mm, 215.646 mm): Horizontal Wire, length 2.54 mm
[endpoint_off_grid]: Symbol pin or wire end off connection grid
    ; warning
    @(181.61 mm, 235.966 mm): Horizontal Wire, length 2.54 mm
[endpoint_off_grid]: Symbol pin or wire end off connection grid
    ; warning
    @(184.15 mm, 215.646 mm): Horizontal Wire, length 5.08 mm
[endpoint_off_grid]: Symbol pin or wire end off connection grid
    ; warning
    @(184.15 mm, 223.266 mm): Vertical Wire, length 7.62 mm
[endpoint_off_grid]: Symbol pin or wire end off connection grid
    ; warning
    @(184.15 mm, 223.266 mm): Symbol C36 Pin 2 [2, Passive, Line]
[endpoint_off_grid]: Symbol pin or wire end off connection grid
    ; warning
    @(184.15 mm, 235.966 mm): Vertical Wire, length 7.62 mm
[endpoint_off_grid]: Symbol pin or wire end off connection grid
    ; warning
    @(184.15 mm, 235.966 mm): Horizontal Wire, length 5.08 mm
[endpoint_off_grid]: Symbol pin or wire end off connection grid
    ; warning
    @(185.42 mm, 37.846 mm): Vertical Wire, length 2.54 mm
[endpoint_off_grid]: Symbol pin or wire end off connection grid
    ; warning
    @(185.42 mm, 37.846 mm): Horizontal Wire, length 5.08 mm
[endpoint_off_grid]: Symbol pin or wire end off connection grid
    ; warning
    @(185.42 mm, 42.926 mm): Horizontal Wire, length 5.08 mm
[endpoint_off_grid]: Symbol pin or wire end off connection grid
    ; warning
    @(185.42 mm, 42.926 mm): Vertical Wire, length 5.08 mm
[endpoint_off_grid]: Symbol pin or wire end off connection grid
    ; warning
    @(185.42 mm, 48.006 mm): Horizontal Wire, length 5.08 mm
[endpoint_off_grid]: Symbol pin or wire end off connection grid
    ; warning
    @(185.42 mm, 48.006 mm): Vertical Wire, length 5.08 mm
[endpoint_off_grid]: Symbol pin or wire end off connection grid
    ; warning
    @(190.50 mm, 37.846 mm): Symbol R80 Pin 1 [1, Passive, Line]
[endpoint_off_grid]: Symbol pin or wire end off connection grid
    ; warning
    @(190.50 mm, 63.246 mm): Symbol R84 Pin 1 [1, Passive, Line]
[endpoint_off_grid]: Symbol pin or wire end off connection grid
    ; warning
    @(195.58 mm, 37.846 mm): Horizontal Wire, length 5.08 mm
[endpoint_off_grid]: Symbol pin or wire end off connection grid
    ; warning
    @(195.58 mm, 42.926 mm): Horizontal Wire, length 5.08 mm
[endpoint_off_grid]: Symbol pin or wire end off connection grid
    ; warning
    @(195.58 mm, 42.926 mm): Symbol R81 Pin 2 [2, Passive, Line]
[endpoint_off_grid]: Symbol pin or wire end off connection grid
    ; warning
    @(195.58 mm, 48.006 mm): Symbol R82 Pin 2 [2, Passive, Line]
[endpoint_off_grid]: Symbol pin or wire end off connection grid
    ; warning
    @(195.58 mm, 48.006 mm): Horizontal Wire, length 5.08 mm
[endpoint_off_grid]: Symbol pin or wire end off connection grid
    ; warning
    @(195.58 mm, 58.166 mm): Symbol R83 Pin 2 [2, Passive, Line]
[endpoint_off_grid]: Symbol pin or wire end off connection grid
    ; warning
    @(195.58 mm, 58.166 mm): Horizontal Wire, length 7.62 mm
[endpoint_off_grid]: Symbol pin or wire end off connection grid
    ; warning
    @(195.58 mm, 63.246 mm): Horizontal Wire, length 7.62 mm
[endpoint_off_grid]: Symbol pin or wire end off connection grid
    ; warning
    @(195.58 mm, 83.566 mm): Symbol BTN Pin 1 [1, Passive, Line]
[endpoint_off_grid]: Symbol pin or wire end off connection grid
    ; warning
    @(195.58 mm, 88.646 mm): Vertical Wire, length 5.08 mm
[endpoint_off_grid]: Symbol pin or wire end off connection grid
    ; warning
    @(198.12 mm, 98.806 mm): Horizontal Wire, length 12.70 mm
[endpoint_off_grid]: Symbol pin or wire end off connection grid
    ; warning
    @(199.39 mm, 215.646 mm): Horizontal Wire, length 5.08 mm
[endpoint_off_grid]: Symbol pin or wire end off connection grid
    ; warning
    @(199.39 mm, 215.646 mm): Symbol R12 Pin 2 [2, Passive, Line]
[endpoint_off_grid]: Symbol pin or wire end off connection grid
    ; warning
    @(199.39 mm, 235.966 mm): Horizontal Wire, length 2.54 mm
[endpoint_off_grid]: Symbol pin or wire end off connection grid
    ; warning
    @(199.39 mm, 235.966 mm): Symbol R13 Pin 2 [2, Passive, Line]
[endpoint_off_grid]: Symbol pin or wire end off connection grid
    ; warning
    @(200.66 mm, 37.846 mm): Symbol LD0 Pin 1 [1, Passive, Line]
[endpoint_off_grid]: Symbol pin or wire end off connection grid
    ; warning
    @(201.93 mm, 247.396 mm): Vertical Wire, length 11.43 mm
[endpoint_off_grid]: Symbol pin or wire end off connection grid
    ; warning
    @(201.93 mm, 247.396 mm): Horizontal Wire, length 35.56 mm
[endpoint_off_grid]: Symbol pin or wire end off connection grid
    ; warning
    @(203.20 mm, 58.166 mm): Symbol LD1 Pin A [A, Passive, Line]
[endpoint_off_grid]: Symbol pin or wire end off connection grid
    ; warning
    @(203.20 mm, 63.246 mm): Symbol LD2 Pin A [A, Passive, Line]
[endpoint_off_grid]: Symbol pin or wire end off connection grid
    ; warning
    @(204.47 mm, 202.946 mm): Vertical Wire, length 2.54 mm
[endpoint_off_grid]: Symbol pin or wire end off connection grid
    ; warning
    @(204.47 mm, 213.106 mm): Symbol R10 Pin 1 [1, Passive, Line]
[endpoint_off_grid]: Symbol pin or wire end off connection grid
    ; warning
    @(204.47 mm, 215.646 mm): Vertical Wire, length 2.54 mm
[endpoint_off_grid]: Symbol pin or wire end off connection grid
    ; warning
    @(204.47 mm, 220.726 mm): Symbol R11 Pin 2 [2, Passive, Line]
[endpoint_off_grid]: Symbol pin or wire end off connection grid
    ; warning
    @(204.47 mm, 220.726 mm): Vertical Wire, length 5.08 mm
[endpoint_off_grid]: Symbol pin or wire end off connection grid
    ; warning
    @(204.47 mm, 247.396 mm): Vertical Wire, length 16.51 mm
[endpoint_off_grid]: Symbol pin or wire end off connection grid
    ; warning
    @(205.74 mm, 83.566 mm): Horizontal Wire, length 5.08 mm
[endpoint_off_grid]: Symbol pin or wire end off connection grid
    ; warning
    @(205.74 mm, 88.646 mm): Vertical Wire, length 5.08 mm
[endpoint_off_grid]: Symbol pin or wire end off connection grid
    ; warning
    @(210.82 mm, 83.566 mm): Horizontal Wire, length 2.54 mm
[endpoint_off_grid]: Symbol pin or wire end off connection grid
    ; warning
    @(210.82 mm, 91.186 mm): Symbol R86 Pin 2 [2, Passive, Line]
[endpoint_off_grid]: Symbol pin or wire end off connection grid
    ; warning
    @(210.82 mm, 91.186 mm): Vertical Wire, length 7.62 mm
[endpoint_off_grid]: Symbol pin or wire end off connection grid
    ; warning
    @(210.82 mm, 98.806 mm): Vertical Wire, length 2.54 mm
[endpoint_off_grid]: Symbol pin or wire end off connection grid
    ; warning
    @(213.36 mm, 58.166 mm): Horizontal Wire, length 5.08 mm
[endpoint_off_grid]: Symbol pin or wire end off connection grid
    ; warning
    @(213.36 mm, 63.246 mm): Horizontal Wire, length 5.08 mm
[endpoint_off_grid]: Symbol pin or wire end off connection grid
    ; warning
    @(217.17 mm, 216.916 mm): Horizontal Wire, length 2.54 mm
[endpoint_off_grid]: Symbol pin or wire end off connection grid
    ; warning
    @(217.17 mm, 237.236 mm): Horizontal Wire, length 2.54 mm
[endpoint_off_grid]: Symbol pin or wire end off connection grid
    ; warning
    @(218.44 mm, 63.246 mm): Horizontal Wire, length 20.32 mm
[endpoint_off_grid]: Symbol pin or wire end off connection grid
    ; warning
    @(218.44 mm, 63.246 mm): Vertical Wire, length 5.08 mm
[endpoint_off_grid]: Symbol pin or wire end off connection grid
    ; warning
    @(218.44 mm, 83.566 mm): Horizontal Wire, length 15.24 mm
[endpoint_off_grid]: Symbol pin or wire end off connection grid
    ; warning
    @(218.44 mm, 83.566 mm): Symbol R85 Pin 2 [2, Passive, Line]
[endpoint_off_grid]: Symbol pin or wire end off connection grid
    ; warning
    @(219.71 mm, 216.916 mm): Horizontal Wire, length 5.08 mm
[endpoint_off_grid]: Symbol pin or wire end off connection grid
    ; warning
    @(219.71 mm, 221.996 mm): Vertical Wire, length 5.08 mm
[endpoint_off_grid]: Symbol pin or wire end off connection grid
    ; warning
    @(219.71 mm, 227.076 mm): Symbol C37 Pin 1 [1, Passive, Line]
[endpoint_off_grid]: Symbol pin or wire end off connection grid
    ; warning
    @(219.71 mm, 237.236 mm): Horizontal Wire, length 5.08 mm
[endpoint_off_grid]: Symbol pin or wire end off connection grid
    ; warning
    @(219.71 mm, 237.236 mm): Vertical Wire, length 10.16 mm
[endpoint_off_grid]: Symbol pin or wire end off connection grid
    ; warning
    @(220.98 mm, 37.846 mm): Horizontal Wire, length 17.78 mm
[endpoint_off_grid]: Symbol pin or wire end off connection grid
    ; warning
    @(220.98 mm, 42.926 mm): Horizontal Wire, length 17.78 mm
[endpoint_off_grid]: Symbol pin or wire end off connection grid
    ; warning
    @(220.98 mm, 48.006 mm): Horizontal Wire, length 17.78 mm
[endpoint_off_grid]: Symbol pin or wire end off connection grid
    ; warning
    @(224.79 mm, 216.916 mm): Symbol R16 Pin 1 [1, Passive, Line]
[endpoint_off_grid]: Symbol pin or wire end off connection grid
    ; warning
    @(234.95 mm, 216.916 mm): Horizontal Wire, length 5.08 mm
[endpoint_off_grid]: Symbol pin or wire end off connection grid
    ; warning
    @(234.95 mm, 237.236 mm): Horizontal Wire, length 2.54 mm
[endpoint_off_grid]: Symbol pin or wire end off connection grid
    ; warning
    @(234.95 mm, 237.236 mm): Symbol R17 Pin 2 [2, Passive, Line]
[endpoint_off_grid]: Symbol pin or wire end off connection grid
    ; warning
    @(237.49 mm, 247.396 mm): Symbol #PWR030 Hidden pin  [GND, Power input, Line]
[endpoint_off_grid]: Symbol pin or wire end off connection grid
    ; warning
    @(237.49 mm, 247.396 mm): Horizontal Wire, length 2.54 mm
[endpoint_off_grid]: Symbol pin or wire end off connection grid
    ; warning
    @(237.49 mm, 247.396 mm): Vertical Wire, length 10.16 mm
[endpoint_off_grid]: Symbol pin or wire end off connection grid
    ; warning
    @(240.03 mm, 204.216 mm): Vertical Wire, length 2.54 mm
[endpoint_off_grid]: Symbol pin or wire end off connection grid
    ; warning
    @(240.03 mm, 214.376 mm): Symbol R14 Pin 1 [1, Passive, Line]
[endpoint_off_grid]: Symbol pin or wire end off connection grid
    ; warning
    @(240.03 mm, 216.916 mm): Vertical Wire, length 2.54 mm
[endpoint_off_grid]: Symbol pin or wire end off connection grid
    ; warning
    @(240.03 mm, 221.996 mm): Symbol R15 Pin 2 [2, Passive, Line]
[endpoint_off_grid]: Symbol pin or wire end off connection grid
    ; warning
    @(240.03 mm, 221.996 mm): Vertical Wire, length 5.08 mm
[endpoint_off_grid]: Symbol pin or wire end off connection grid
    ; warning
    @(240.03 mm, 247.396 mm): Vertical Wire, length 15.24 mm
[endpoint_off_grid]: Symbol pin or wire end off connection grid
    ; warning
    @(21.844 mm, 80.264 mm): Horizontal Wire, length 2.54 mm
[endpoint_off_grid]: Symbol pin or wire end off connection grid
    ; warning
    @(21.844 mm, 82.804 mm): Vertical Wire, length 2.54 mm
[endpoint_off_grid]: Symbol pin or wire end off connection grid
    ; warning
    @(21.844 mm, 82.804 mm): Symbol C85 Pin 1 [1, Passive, Line]
[endpoint_off_grid]: Symbol pin or wire end off connection grid
    ; warning
    @(21.844 mm, 92.964 mm): Horizontal Wire, length 7.62 mm
[endpoint_off_grid]: Symbol pin or wire end off connection grid
    ; warning
    @(21.844 mm, 92.964 mm): Vertical Wire, length 2.54 mm
[endpoint_off_grid]: Symbol pin or wire end off connection grid
    ; warning
    @(21.844 mm, 92.964 mm): Symbol #PWR101 Hidden pin  [GND, Power input, Line]
[endpoint_off_grid]: Symbol pin or wire end off connection grid
    ; warning
    @(21.844 mm, 104.394 mm): Horizontal Wire, length 10.16 mm
[endpoint_off_grid]: Symbol pin or wire end off connection grid
    ; warning
    @(21.844 mm, 108.204 mm): Vertical Wire, length 3.81 mm
[endpoint_off_grid]: Symbol pin or wire end off connection grid
    ; warning
    @(21.844 mm, 115.824 mm): Symbol C86 Pin 2 [2, Passive, Line]
[endpoint_off_grid]: Symbol pin or wire end off connection grid
    ; warning
    @(21.844 mm, 118.364 mm): Horizontal Wire, length 5.08 mm
[endpoint_off_grid]: Symbol pin or wire end off connection grid
    ; warning
    @(21.844 mm, 118.364 mm): Vertical Wire, length 2.54 mm
[endpoint_off_grid]: Symbol pin or wire end off connection grid
    ; warning
    @(21.844 mm, 139.734 mm): Horizontal Wire, length 1.27 mm
[endpoint_off_grid]: Symbol pin or wire end off connection grid
    ; warning
    @(21.844 mm, 142.274 mm): Vertical Wire, length 2.54 mm
[endpoint_off_grid]: Symbol pin or wire end off connection grid
    ; warning
    @(21.844 mm, 142.274 mm): Symbol C141 Pin 1 [1, Passive, Line]
[endpoint_off_grid]: Symbol pin or wire end off connection grid
    ; warning
    @(21.844 mm, 152.434 mm): Horizontal Wire, length 10.16 mm
[endpoint_off_grid]: Symbol pin or wire end off connection grid
    ; warning
    @(21.844 mm, 152.434 mm): Vertical Wire, length 2.54 mm
[endpoint_off_grid]: Symbol pin or wire end off connection grid
    ; warning
    @(21.844 mm, 152.434 mm): Symbol #PWR114 Hidden pin  [GND, Power input, Line]
[lib_symbol_mismatch]: Symbol 'C-USC0805' doesn't match copy in library 'rcl'
    ; warning
    @(21.844 mm, 162.814 mm): Symbol C144 [C-USC0805]
[endpoint_off_grid]: Symbol pin or wire end off connection grid
    ; warning
    @(21.844 mm, 167.894 mm): Symbol #PWR106 Hidden pin  [VCC1V8, Power input, Line]
[endpoint_off_grid]: Symbol pin or wire end off connection grid
    ; warning
    @(21.844 mm, 170.434 mm): Symbol C144 Pin 1 [1, Passive, Line]
[endpoint_off_grid]: Symbol pin or wire end off connection grid
    ; warning
    @(21.844 mm, 170.434 mm): Vertical Wire, length 2.54 mm
[endpoint_off_grid]: Symbol pin or wire end off connection grid
    ; warning
    @(21.844 mm, 180.594 mm): Symbol #PWR107 Hidden pin  [GND, Power input, Line]
[endpoint_off_grid]: Symbol pin or wire end off connection grid
    ; warning
    @(21.844 mm, 180.594 mm): Vertical Wire, length 2.54 mm
[lib_symbol_mismatch]: Symbol 'C-USC0805' doesn't match copy in library 'rcl'
    ; warning
    @(21.844 mm, 180.814 mm): Symbol C145 [C-USC0805]
[endpoint_off_grid]: Symbol pin or wire end off connection grid
    ; warning
    @(21.844 mm, 254.254 mm): Horizontal Wire, length 3.81 mm
[endpoint_off_grid]: Symbol pin or wire end off connection grid
    ; warning
    @(21.844 mm, 259.334 mm): Symbol #PWR110 Hidden pin  [GND, Power input, Line]
[endpoint_off_grid]: Symbol pin or wire end off connection grid
    ; warning
    @(21.844 mm, 259.334 mm): Vertical Wire, length 5.08 mm
[endpoint_off_grid]: Symbol pin or wire end off connection grid
    ; warning
    @(23.114 mm, 139.734 mm): Horizontal Wire, length 8.89 mm
[endpoint_off_grid]: Symbol pin or wire end off connection grid
    ; warning
    @(23.114 mm, 139.734 mm): Symbol #PWR119 Hidden pin  [VCC1V0, Power input, Line]
[endpoint_off_grid]: Symbol pin or wire end off connection grid
    ; warning
    @(24.384 mm, 80.264 mm): Horizontal Wire, length 5.08 mm
[endpoint_off_grid]: Symbol pin or wire end off connection grid
    ; warning
    @(24.384 mm, 80.264 mm): Symbol #PWR105 Hidden pin  [VCC1V0, Power input, Line]
[endpoint_off_grid]: Symbol pin or wire end off connection grid
    ; warning
    @(25.654 mm, 254.254 mm): Horizontal Wire, length 3.81 mm
[endpoint_off_grid]: Symbol pin or wire end off connection grid
    ; warning
    @(26.924 mm, 118.364 mm): Horizontal Wire, length 5.08 mm
[endpoint_off_grid]: Symbol pin or wire end off connection grid
    ; warning
    @(26.924 mm, 120.904 mm): Vertical Wire, length 2.54 mm
[endpoint_off_grid]: Symbol pin or wire end off connection grid
    ; warning
    @(26.924 mm, 120.904 mm): Symbol #PWR104 Hidden pin  [GND, Power input, Line]
[endpoint_off_grid]: Symbol pin or wire end off connection grid
    ; warning
    @(29.464 mm, 80.264 mm): Horizontal Wire, length 7.62 mm
[endpoint_off_grid]: Symbol pin or wire end off connection grid
    ; warning
    @(29.464 mm, 82.804 mm): Vertical Wire, length 2.54 mm
[endpoint_off_grid]: Symbol pin or wire end off connection grid
    ; warning
    @(29.464 mm, 82.804 mm): Symbol C140 Pin 1 [1, Passive, Line]
[endpoint_off_grid]: Symbol pin or wire end off connection grid
    ; warning
    @(29.464 mm, 92.964 mm): Horizontal Wire, length 7.62 mm
[endpoint_off_grid]: Symbol pin or wire end off connection grid
    ; warning
    @(29.464 mm, 92.964 mm): Vertical Wire, length 2.54 mm
[endpoint_off_grid]: Symbol pin or wire end off connection grid
    ; warning
    @(29.464 mm, 254.254 mm): Horizontal Wire, length 3.81 mm
[endpoint_off_grid]: Symbol pin or wire end off connection grid
    ; warning
    @(32.004 mm, 104.394 mm): Horizontal Wire, length 44.196 mm
[endpoint_off_grid]: Symbol pin or wire end off connection grid
    ; warning
    @(32.004 mm, 108.204 mm): Vertical Wire, length 3.81 mm
[endpoint_off_grid]: Symbol pin or wire end off connection grid
    ; warning
    @(32.004 mm, 115.824 mm): Symbol C92 Pin 2 [2, Passive, Line]
[endpoint_off_grid]: Symbol pin or wire end off connection grid
    ; warning
    @(32.004 mm, 118.364 mm): Vertical Wire, length 2.54 mm
[endpoint_off_grid]: Symbol pin or wire end off connection grid
    ; warning
    @(32.004 mm, 139.734 mm): Horizontal Wire, length 10.16 mm
[endpoint_off_grid]: Symbol pin or wire end off connection grid
    ; warning
    @(32.004 mm, 142.274 mm): Vertical Wire, length 2.54 mm
[endpoint_off_grid]: Symbol pin or wire end off connection grid
    ; warning
    @(32.004 mm, 149.894 mm): Symbol C142 Pin 2 [2, Passive, Line]
[endpoint_off_grid]: Symbol pin or wire end off connection grid
    ; warning
    @(32.004 mm, 152.434 mm): Horizontal Wire, length 10.16 mm
[endpoint_off_grid]: Symbol pin or wire end off connection grid
    ; warning
    @(32.004 mm, 152.434 mm): Vertical Wire, length 2.54 mm
[lib_symbol_mismatch]: Symbol 'C-USC0805' doesn't match copy in library 'rcl'
    ; warning
    @(32.004 mm, 180.814 mm): Symbol C146 [C-USC0805]
[endpoint_off_grid]: Symbol pin or wire end off connection grid
    ; warning
    @(33.274 mm, 254.254 mm): Horizontal Wire, length 3.81 mm
[endpoint_off_grid]: Symbol pin or wire end off connection grid
    ; warning
    @(37.084 mm, 80.264 mm): Horizontal Wire, length 7.62 mm
[endpoint_off_grid]: Symbol pin or wire end off connection grid
    ; warning
    @(37.084 mm, 82.804 mm): Vertical Wire, length 2.54 mm
[endpoint_off_grid]: Symbol pin or wire end off connection grid
    ; warning
    @(37.084 mm, 90.424 mm): Symbol C87 Pin 2 [2, Passive, Line]
[endpoint_off_grid]: Symbol pin or wire end off connection grid
    ; warning
    @(37.084 mm, 92.964 mm): Vertical Wire, length 2.54 mm
[endpoint_off_grid]: Symbol pin or wire end off connection grid
    ; warning
    @(37.084 mm, 92.964 mm): Horizontal Wire, length 7.62 mm
[endpoint_off_grid]: Symbol pin or wire end off connection grid
    ; warning
    @(37.084 mm, 254.254 mm): Horizontal Wire, length 3.81 mm
[endpoint_off_grid]: Symbol pin or wire end off connection grid
    ; warning
    @(39.624 mm, 114.554 mm): Horizontal Wire, length 2.54 mm
[endpoint_off_grid]: Symbol pin or wire end off connection grid
    ; warning
    @(39.624 mm, 118.364 mm): Vertical Wire, length 3.81 mm
[endpoint_off_grid]: Symbol pin or wire end off connection grid
    ; warning
    @(39.624 mm, 125.984 mm): Symbol C93 Pin 2 [2, Passive, Line]
[endpoint_off_grid]: Symbol pin or wire end off connection grid
    ; warning
    @(39.624 mm, 128.524 mm): Horizontal Wire, length 10.16 mm
[endpoint_off_grid]: Symbol pin or wire end off connection grid
    ; warning
    @(39.624 mm, 128.524 mm): Symbol #PWR115 Hidden pin  [GND, Power input, Line]
[endpoint_off_grid]: Symbol pin or wire end off connection grid
    ; warning
    @(39.624 mm, 128.524 mm): Vertical Wire, length 2.54 mm
[endpoint_off_grid]: Symbol pin or wire end off connection grid
    ; warning
    @(40.894 mm, 254.254 mm): Horizontal Wire, length 3.81 mm
[endpoint_off_grid]: Symbol pin or wire end off connection grid
    ; warning
    @(42.164 mm, 114.554 mm): Horizontal Wire, length 7.62 mm
[endpoint_off_grid]: Symbol pin or wire end off connection grid
    ; warning
    @(42.164 mm, 114.554 mm): Symbol #PWR111 Hidden pin  [VCC1V8, Power input, Line]
[endpoint_off_grid]: Symbol pin or wire end off connection grid
    ; warning
    @(42.164 mm, 142.274 mm): Symbol C143 Pin 1 [1, Passive, Line]
[endpoint_off_grid]: Symbol pin or wire end off connection grid
    ; warning
    @(42.164 mm, 142.274 mm): Vertical Wire, length 2.54 mm
[endpoint_off_grid]: Symbol pin or wire end off connection grid
    ; warning
    @(42.164 mm, 152.434 mm): Vertical Wire, length 2.54 mm
[endpoint_off_grid]: Symbol pin or wire end off connection grid
    ; warning
    @(44.704 mm, 80.264 mm): Horizontal Wire, length 7.62 mm
[endpoint_off_grid]: Symbol pin or wire end off connection grid
    ; warning
    @(44.704 mm, 82.804 mm): Vertical Wire, length 2.54 mm
[endpoint_off_grid]: Symbol pin or wire end off connection grid
    ; warning
    @(44.704 mm, 82.804 mm): Symbol C88 Pin 1 [1, Passive, Line]
[endpoint_off_grid]: Symbol pin or wire end off connection grid
    ; warning
    @(44.704 mm, 92.964 mm): Horizontal Wire, length 7.62 mm
[endpoint_off_grid]: Symbol pin or wire end off connection grid
    ; warning
    @(44.704 mm, 92.964 mm): Vertical Wire, length 2.54 mm
[endpoint_off_grid]: Symbol pin or wire end off connection grid
    ; warning
    @(44.704 mm, 254.254 mm): Horizontal Wire, length 3.81 mm
[endpoint_off_grid]: Symbol pin or wire end off connection grid
    ; warning
    @(48.514 mm, 254.254 mm): Horizontal Wire, length 3.81 mm
[endpoint_off_grid]: Symbol pin or wire end off connection grid
    ; warning
    @(49.784 mm, 114.554 mm): Horizontal Wire, length 10.16 mm
[endpoint_off_grid]: Symbol pin or wire end off connection grid
    ; warning
    @(49.784 mm, 118.364 mm): Symbol C94 Pin 1 [1, Passive, Line]
[endpoint_off_grid]: Symbol pin or wire end off connection grid
    ; warning
    @(49.784 mm, 118.364 mm): Vertical Wire, length 3.81 mm
[endpoint_off_grid]: Symbol pin or wire end off connection grid
    ; warning
    @(49.784 mm, 128.524 mm): Vertical Wire, length 2.54 mm
[endpoint_off_grid]: Symbol pin or wire end off connection grid
    ; warning
    @(49.784 mm, 128.524 mm): Horizontal Wire, length 10.16 mm
[endpoint_off_grid]: Symbol pin or wire end off connection grid
    ; warning
    @(52.324 mm, 80.264 mm): Horizontal Wire, length 7.62 mm
[endpoint_off_grid]: Symbol pin or wire end off connection grid
    ; warning
    @(52.324 mm, 82.804 mm): Vertical Wire, length 2.54 mm
[endpoint_off_grid]: Symbol pin or wire end off connection grid
    ; warning
    @(52.324 mm, 90.424 mm): Symbol C89 Pin 2 [2, Passive, Line]
[endpoint_off_grid]: Symbol pin or wire end off connection grid
    ; warning
    @(52.324 mm, 92.964 mm): Horizontal Wire, length 7.62 mm
[endpoint_off_grid]: Symbol pin or wire end off connection grid
    ; warning
    @(52.324 mm, 92.964 mm): Vertical Wire, length 2.54 mm
[endpoint_off_grid]: Symbol pin or wire end off connection grid
    ; warning
    @(52.324 mm, 254.254 mm): Horizontal Wire, length 3.81 mm
[endpoint_off_grid]: Symbol pin or wire end off connection grid
    ; warning
    @(56.134 mm, 254.254 mm): Horizontal Wire, length 3.81 mm
[endpoint_off_grid]: Symbol pin or wire end off connection grid
    ; warning
    @(59.944 mm, 80.264 mm): Horizontal Wire, length 7.62 mm
[endpoint_off_grid]: Symbol pin or wire end off connection grid
    ; warning
    @(59.944 mm, 82.804 mm): Vertical Wire, length 2.54 mm
[endpoint_off_grid]: Symbol pin or wire end off connection grid
    ; warning
    @(59.944 mm, 82.804 mm): Symbol C90 Pin 1 [1, Passive, Line]
[endpoint_off_grid]: Symbol pin or wire end off connection grid
    ; warning
    @(59.944 mm, 92.964 mm): Horizontal Wire, length 7.62 mm
[endpoint_off_grid]: Symbol pin or wire end off connection grid
    ; warning
    @(59.944 mm, 92.964 mm): Vertical Wire, length 2.54 mm
[endpoint_off_grid]: Symbol pin or wire end off connection grid
    ; warning
    @(59.944 mm, 114.554 mm): Horizontal Wire, length 10.16 mm
[endpoint_off_grid]: Symbol pin or wire end off connection grid
    ; warning
    @(59.944 mm, 118.364 mm): Vertical Wire, length 3.81 mm
[endpoint_off_grid]: Symbol pin or wire end off connection grid
    ; warning
    @(59.944 mm, 125.984 mm): Symbol C95 Pin 2 [2, Passive, Line]
[endpoint_off_grid]: Symbol pin or wire end off connection grid
    ; warning
    @(59.944 mm, 128.524 mm): Horizontal Wire, length 10.16 mm
[endpoint_off_grid]: Symbol pin or wire end off connection grid
    ; warning
    @(59.944 mm, 128.524 mm): Vertical Wire, length 2.54 mm
[endpoint_off_grid]: Symbol pin or wire end off connection grid
    ; warning
    @(59.944 mm, 205.994 mm): Horizontal Wire, length 5.08 mm
[endpoint_off_grid]: Symbol pin or wire end off connection grid
    ; warning
    @(59.944 mm, 208.534 mm): Horizontal Wire, length 5.08 mm
[endpoint_off_grid]: Symbol pin or wire end off connection grid
    ; warning
    @(59.944 mm, 211.074 mm): Horizontal Wire, length 5.08 mm
[endpoint_off_grid]: Symbol pin or wire end off connection grid
    ; warning
    @(59.944 mm, 213.614 mm): Horizontal Wire, length 5.08 mm
[endpoint_off_grid]: Symbol pin or wire end off connection grid
    ; warning
    @(59.944 mm, 216.154 mm): Horizontal Wire, length 5.08 mm
[endpoint_off_grid]: Symbol pin or wire end off connection grid
    ; warning
    @(59.944 mm, 218.694 mm): Symbol U1 Pin B1 [MGTAVTT, Power input, Line]
[endpoint_off_grid]: Symbol pin or wire end off connection grid
    ; warning
    @(59.944 mm, 218.694 mm): Horizontal Wire, length 5.08 mm
[endpoint_off_grid]: Symbol pin or wire end off connection grid
    ; warning
    @(59.944 mm, 221.234 mm): Horizontal Wire, length 5.08 mm
[endpoint_off_grid]: Symbol pin or wire end off connection grid
    ; warning
    @(59.944 mm, 223.774 mm): Horizontal Wire, length 5.08 mm
[endpoint_off_grid]: Symbol pin or wire end off connection grid
    ; warning
    @(59.944 mm, 226.314 mm): Horizontal Wire, length 5.08 mm
[endpoint_off_grid]: Symbol pin or wire end off connection grid
    ; warning
    @(59.944 mm, 228.854 mm): Horizontal Wire, length 1.27 mm
[endpoint_off_grid]: Symbol pin or wire end off connection grid
    ; warning
    @(59.944 mm, 254.254 mm): Horizontal Wire, length 3.81 mm
[endpoint_off_grid]: Symbol pin or wire end off connection grid
    ; warning
    @(61.214 mm, 228.854 mm): Symbol #PWR112 Hidden pin  [GND, Power input, Line]
[endpoint_off_grid]: Symbol pin or wire end off connection grid
    ; warning
    @(61.214 mm, 228.854 mm): Horizontal Wire, length 3.81 mm
[endpoint_off_grid]: Symbol pin or wire end off connection grid
    ; warning
    @(62.484 mm, 157.70 mm): Horizontal Wire, length 1.27 mm
[endpoint_off_grid]: Symbol pin or wire end off connection grid
    ; warning
    @(62.484 mm, 160.24 mm): Vertical Wire, length 2.54 mm
[endpoint_off_grid]: Symbol pin or wire end off connection grid
    ; warning
    @(62.484 mm, 167.86 mm): Symbol C145 Pin 2 [2, Passive, Line]
[endpoint_off_grid]: Symbol pin or wire end off connection grid
    ; warning
    @(62.484 mm, 170.40 mm): Horizontal Wire, length 10.16 mm
[endpoint_off_grid]: Symbol pin or wire end off connection grid
    ; warning
    @(62.484 mm, 170.40 mm): Vertical Wire, length 2.54 mm
[endpoint_off_grid]: Symbol pin or wire end off connection grid
    ; warning
    @(62.484 mm, 170.40 mm): Symbol #PWR103 Hidden pin  [GND, Power input, Line]
[endpoint_off_grid]: Symbol pin or wire end off connection grid
    ; warning
    @(63.754 mm, 157.70 mm): Symbol #PWR100 Hidden pin  [VCC3V3, Power input, Line]
[endpoint_off_grid]: Symbol pin or wire end off connection grid
    ; warning
    @(63.754 mm, 157.70 mm): Horizontal Wire, length 8.89 mm
[endpoint_off_grid]: Symbol pin or wire end off connection grid
    ; warning
    @(63.754 mm, 254.254 mm): Horizontal Wire, length 3.81 mm
[endpoint_off_grid]: Symbol pin or wire end off connection grid
    ; warning
    @(65.024 mm, 208.534 mm): Vertical Wire, length 2.54 mm
[endpoint_off_grid]: Symbol pin or wire end off connection grid
    ; warning
    @(65.024 mm, 211.074 mm): Vertical Wire, length 2.54 mm
[endpoint_off_grid]: Symbol pin or wire end off connection grid
    ; warning
    @(65.024 mm, 213.614 mm): Vertical Wire, length 2.54 mm
[endpoint_off_grid]: Symbol pin or wire end off connection grid
    ; warning
    @(65.024 mm, 216.154 mm): Vertical Wire, length 2.54 mm
[endpoint_off_grid]: Symbol pin or wire end off connection grid
    ; warning
    @(65.024 mm, 218.694 mm): Vertical Wire, length 2.54 mm
[endpoint_off_grid]: Symbol pin or wire end off connection grid
    ; warning
    @(65.024 mm, 221.234 mm): Vertical Wire, length 2.54 mm
[endpoint_off_grid]: Symbol pin or wire end off connection grid
    ; warning
    @(65.024 mm, 223.774 mm): Vertical Wire, length 2.54 mm
[endpoint_off_grid]: Symbol pin or wire end off connection grid
    ; warning
    @(65.024 mm, 226.314 mm): Vertical Wire, length 2.54 mm
[endpoint_off_grid]: Symbol pin or wire end off connection grid
    ; warning
    @(65.024 mm, 228.854 mm): Vertical Wire, length 2.54 mm
[endpoint_off_grid]: Symbol pin or wire end off connection grid
    ; warning
    @(67.564 mm, 80.264 mm): Horizontal Wire, length 15.24 mm
[endpoint_off_grid]: Symbol pin or wire end off connection grid
    ; warning
    @(67.564 mm, 82.804 mm): Vertical Wire, length 2.54 mm
[endpoint_off_grid]: Symbol pin or wire end off connection grid
    ; warning
    @(67.564 mm, 90.424 mm): Symbol C91 Pin 2 [2, Passive, Line]
[endpoint_off_grid]: Symbol pin or wire end off connection grid
    ; warning
    @(67.564 mm, 92.964 mm): Vertical Wire, length 2.54 mm
[endpoint_off_grid]: Symbol pin or wire end off connection grid
    ; warning
    @(67.564 mm, 254.254 mm): Horizontal Wire, length 3.81 mm
[endpoint_off_grid]: Symbol pin or wire end off connection grid
    ; warning
    @(70.104 mm, 114.554 mm): Horizontal Wire, length 7.62 mm
[endpoint_off_grid]: Symbol pin or wire end off connection grid
    ; warning
    @(70.104 mm, 118.364 mm): Vertical Wire, length 3.81 mm
[endpoint_off_grid]: Symbol pin or wire end off connection grid
    ; warning
    @(70.104 mm, 118.364 mm): Symbol C96 Pin 1 [1, Passive, Line]
[endpoint_off_grid]: Symbol pin or wire end off connection grid
    ; warning
    @(70.104 mm, 128.524 mm): Vertical Wire, length 2.54 mm
[endpoint_off_grid]: Symbol pin or wire end off connection grid
    ; warning
    @(71.374 mm, 254.254 mm): Horizontal Wire, length 3.81 mm
[endpoint_off_grid]: Symbol pin or wire end off connection grid
    ; warning
    @(72.644 mm, 160.24 mm): Vertical Wire, length 2.54 mm
[endpoint_off_grid]: Symbol pin or wire end off connection grid
    ; warning
    @(72.644 mm, 167.86 mm): Symbol C146 Pin 2 [2, Passive, Line]
[endpoint_off_grid]: Symbol pin or wire end off connection grid
    ; warning
    @(72.644 mm, 170.40 mm): Vertical Wire, length 2.54 mm
[endpoint_off_grid]: Symbol pin or wire end off connection grid
    ; warning
    @(75.184 mm, 254.254 mm): Horizontal Wire, length 3.81 mm
[endpoint_off_grid]: Symbol pin or wire end off connection grid
    ; warning
    @(75.184 mm, 254.254 mm): Symbol U1 Pin C3 [GND, Power input, Line]
[endpoint_off_grid]: Symbol pin or wire end off connection grid
    ; warning
    @(76.20 mm, 104.394 mm): Symbol #PWR102 Hidden pin  [VCC1V0, Power input, Line]
[endpoint_off_grid]: Symbol pin or wire end off connection grid
    ; warning
    @(76.20 mm, 104.394 mm): Horizontal Wire, length 6.604 mm
[endpoint_off_grid]: Symbol pin or wire end off connection grid
    ; warning
    @(77.724 mm, 112.014 mm): Horizontal Wire, length 12.70 mm
[endpoint_off_grid]: Symbol pin or wire end off connection grid
    ; warning
    @(77.724 mm, 114.554 mm): Horizontal Wire, length 12.70 mm
[endpoint_off_grid]: Symbol pin or wire end off connection grid
    ; warning
    @(77.724 mm, 114.554 mm): Vertical Wire, length 2.54 mm
[endpoint_off_grid]: Symbol pin or wire end off connection grid
    ; warning
    @(78.994 mm, 254.254 mm): Horizontal Wire, length 3.81 mm
[endpoint_off_grid]: Symbol pin or wire end off connection grid
    ; warning
    @(80.264 mm, 119.634 mm): Horizontal Wire, length 10.16 mm
[endpoint_off_grid]: Symbol pin or wire end off connection grid
    ; warning
    @(80.264 mm, 119.634 mm): Symbol #PWR118 Hidden pin  [VCC1V8, Power input, Line]
[endpoint_off_grid]: Symbol pin or wire end off connection grid
    ; warning
    @(82.804 mm, 86.614 mm): Horizontal Wire, length 7.62 mm
[endpoint_off_grid]: Symbol pin or wire end off connection grid
    ; warning
    @(82.804 mm, 86.614 mm): Vertical Wire, length 6.35 mm
[endpoint_off_grid]: Symbol pin or wire end off connection grid
    ; warning
    @(82.804 mm, 89.154 mm): Vertical Wire, length 2.54 mm
[endpoint_off_grid]: Symbol pin or wire end off connection grid
    ; warning
    @(82.804 mm, 89.154 mm): Horizontal Wire, length 7.62 mm
[endpoint_off_grid]: Symbol pin or wire end off connection grid
    ; warning
    @(82.804 mm, 91.694 mm): Vertical Wire, length 2.54 mm
[endpoint_off_grid]: Symbol pin or wire end off connection grid
    ; warning
    @(82.804 mm, 91.694 mm): Horizontal Wire, length 7.62 mm
[endpoint_off_grid]: Symbol pin or wire end off connection grid
    ; warning
    @(82.804 mm, 94.234 mm): Vertical Wire, length 2.54 mm
[endpoint_off_grid]: Symbol pin or wire end off connection grid
    ; warning
    @(82.804 mm, 94.234 mm): Horizontal Wire, length 7.62 mm
[endpoint_off_grid]: Symbol pin or wire end off connection grid
    ; warning
    @(82.804 mm, 96.774 mm): Horizontal Wire, length 7.62 mm
[endpoint_off_grid]: Symbol pin or wire end off connection grid
    ; warning
    @(82.804 mm, 96.774 mm): Vertical Wire, length 2.54 mm
[endpoint_off_grid]: Symbol pin or wire end off connection grid
    ; warning
    @(82.804 mm, 99.314 mm): Vertical Wire, length 2.54 mm
[endpoint_off_grid]: Symbol pin or wire end off connection grid
    ; warning
    @(82.804 mm, 99.314 mm): Horizontal Wire, length 7.62 mm
[endpoint_off_grid]: Symbol pin or wire end off connection grid
    ; warning
    @(82.804 mm, 104.394 mm): Horizontal Wire, length 7.62 mm
[endpoint_off_grid]: Symbol pin or wire end off connection grid
    ; warning
    @(82.804 mm, 106.934 mm): Vertical Wire, length 2.54 mm
[endpoint_off_grid]: Symbol pin or wire end off connection grid
    ; warning
    @(82.804 mm, 106.934 mm): Horizontal Wire, length 7.62 mm
[endpoint_off_grid]: Symbol pin or wire end off connection grid
    ; warning
    @(82.804 mm, 254.254 mm): Horizontal Wire, length 3.81 mm
[endpoint_off_grid]: Symbol pin or wire end off connection grid
    ; warning
    @(86.614 mm, 254.254 mm): Horizontal Wire, length 3.81 mm
[endpoint_off_grid]: Symbol pin or wire end off connection grid
    ; warning
    @(90.424 mm, 112.014 mm): Symbol U1 Pin H13 [VCCAUX, Power input, Line]
[endpoint_off_grid]: Symbol pin or wire end off connection grid
    ; warning
    @(90.424 mm, 254.254 mm): Horizontal Wire, length 3.81 mm
[endpoint_off_grid]: Symbol pin or wire end off connection grid
    ; warning
    @(94.234 mm, 254.254 mm): Horizontal Wire, length 3.81 mm
[endpoint_off_grid]: Symbol pin or wire end off connection grid
    ; warning
    @(98.044 mm, 254.254 mm): Horizontal Wire, length 3.81 mm
[endpoint_off_grid]: Symbol pin or wire end off connection grid
    ; warning
    @(101.854 mm, 254.254 mm): Horizontal Wire, length 3.81 mm
[endpoint_off_grid]: Symbol pin or wire end off connection grid
    ; warning
    @(105.664 mm, 254.254 mm): Horizontal Wire, length 3.81 mm
[endpoint_off_grid]: Symbol pin or wire end off connection grid
    ; warning
    @(109.474 mm, 254.254 mm): Horizontal Wire, length 3.81 mm
[endpoint_off_grid]: Symbol pin or wire end off connection grid
    ; warning
    @(113.284 mm, 254.254 mm): Horizontal Wire, length 3.81 mm
[endpoint_off_grid]: Symbol pin or wire end off connection grid
    ; warning
    @(117.094 mm, 254.254 mm): Horizontal Wire, length 3.81 mm
[endpoint_off_grid]: Symbol pin or wire end off connection grid
    ; warning
    @(120.904 mm, 254.254 mm): Horizontal Wire, length 3.81 mm
[endpoint_off_grid]: Symbol pin or wire end off connection grid
    ; warning
    @(124.714 mm, 254.254 mm): Horizontal Wire, length 3.81 mm
[endpoint_off_grid]: Symbol pin or wire end off connection grid
    ; warning
    @(128.524 mm, 254.254 mm): Horizontal Wire, length 3.81 mm
[endpoint_off_grid]: Symbol pin or wire end off connection grid
    ; warning
    @(132.334 mm, 254.254 mm): Horizontal Wire, length 3.81 mm
[endpoint_off_grid]: Symbol pin or wire end off connection grid
    ; warning
    @(136.144 mm, 86.614 mm): Horizontal Wire, length 10.16 mm
[endpoint_off_grid]: Symbol pin or wire end off connection grid
    ; warning
    @(136.144 mm, 89.154 mm): Horizontal Wire, length 10.16 mm
[endpoint_off_grid]: Symbol pin or wire end off connection grid
    ; warning
    @(136.144 mm, 94.234 mm): Horizontal Wire, length 10.16 mm
[endpoint_off_grid]: Symbol pin or wire end off connection grid
    ; warning
    @(136.144 mm, 96.774 mm): Horizontal Wire, length 10.16 mm
[endpoint_off_grid]: Symbol pin or wire end off connection grid
    ; warning
    @(136.144 mm, 99.314 mm): Horizontal Wire, length 10.16 mm
[endpoint_off_grid]: Symbol pin or wire end off connection grid
    ; warning
    @(136.144 mm, 101.854 mm): Horizontal Wire, length 10.16 mm
[endpoint_off_grid]: Symbol pin or wire end off connection grid
    ; warning
    @(136.144 mm, 104.394 mm): Horizontal Wire, length 10.16 mm
[endpoint_off_grid]: Symbol pin or wire end off connection grid
    ; warning
    @(136.144 mm, 106.934 mm): Horizontal Wire, length 10.16 mm
[endpoint_off_grid]: Symbol pin or wire end off connection grid
    ; warning
    @(136.144 mm, 109.474 mm): Horizontal Wire, length 10.16 mm
[endpoint_off_grid]: Symbol pin or wire end off connection grid
    ; warning
    @(136.144 mm, 112.014 mm): Horizontal Wire, length 10.16 mm
[endpoint_off_grid]: Symbol pin or wire end off connection grid
    ; warning
    @(136.144 mm, 114.554 mm): Horizontal Wire, length 10.16 mm
[endpoint_off_grid]: Symbol pin or wire end off connection grid
    ; warning
    @(136.144 mm, 119.634 mm): Horizontal Wire, length 10.16 mm
[endpoint_off_grid]: Symbol pin or wire end off connection grid
    ; warning
    @(136.144 mm, 122.174 mm): Horizontal Wire, length 10.16 mm
[endpoint_off_grid]: Symbol pin or wire end off connection grid
    ; warning
    @(136.144 mm, 124.714 mm): Horizontal Wire, length 10.16 mm
[endpoint_off_grid]: Symbol pin or wire end off connection grid
    ; warning
    @(136.144 mm, 127.254 mm): Horizontal Wire, length 10.16 mm
[endpoint_off_grid]: Symbol pin or wire end off connection grid
    ; warning
    @(136.144 mm, 132.334 mm): Horizontal Wire, length 10.16 mm
[endpoint_off_grid]: Symbol pin or wire end off connection grid
    ; warning
    @(136.144 mm, 134.874 mm): Horizontal Wire, length 10.16 mm
[endpoint_off_grid]: Symbol pin or wire end off connection grid
    ; warning
    @(136.144 mm, 137.414 mm): Horizontal Wire, length 10.16 mm
[endpoint_off_grid]: Symbol pin or wire end off connection grid
    ; warning
    @(136.144 mm, 139.954 mm): Horizontal Wire, length 10.16 mm
[endpoint_off_grid]: Symbol pin or wire end off connection grid
    ; warning
    @(136.144 mm, 142.494 mm): Horizontal Wire, length 10.16 mm
[endpoint_off_grid]: Symbol pin or wire end off connection grid
    ; warning
    @(136.144 mm, 145.034 mm): Horizontal Wire, length 10.16 mm
[endpoint_off_grid]: Symbol pin or wire end off connection grid
    ; warning
    @(136.144 mm, 150.114 mm): Horizontal Wire, length 10.16 mm
[endpoint_off_grid]: Symbol pin or wire end off connection grid
    ; warning
    @(136.144 mm, 152.654 mm): Horizontal Wire, length 10.16 mm
[endpoint_off_grid]: Symbol pin or wire end off connection grid
    ; warning
    @(136.144 mm, 155.194 mm): Horizontal Wire, length 10.16 mm
[endpoint_off_grid]: Symbol pin or wire end off connection grid
    ; warning
    @(136.144 mm, 157.734 mm): Horizontal Wire, length 10.16 mm
[endpoint_off_grid]: Symbol pin or wire end off connection grid
    ; warning
    @(136.144 mm, 160.274 mm): Horizontal Wire, length 10.16 mm
[endpoint_off_grid]: Symbol pin or wire end off connection grid
    ; warning
    @(136.144 mm, 162.814 mm): Horizontal Wire, length 10.16 mm
[endpoint_off_grid]: Symbol pin or wire end off connection grid
    ; warning
    @(136.144 mm, 254.254 mm): Horizontal Wire, length 3.81 mm
[endpoint_off_grid]: Symbol pin or wire end off connection grid
    ; warning
    @(139.954 mm, 254.254 mm): Horizontal Wire, length 3.81 mm
[endpoint_off_grid]: Symbol pin or wire end off connection grid
    ; warning
    @(143.764 mm, 254.254 mm): Horizontal Wire, length 3.81 mm
[endpoint_off_grid]: Symbol pin or wire end off connection grid
    ; warning
    @(146.304 mm, 76.454 mm): Horizontal Wire, length 7.62 mm
[endpoint_off_grid]: Symbol pin or wire end off connection grid
    ; warning
    @(146.304 mm, 86.614 mm): Vertical Wire, length 10.16 mm
[endpoint_off_grid]: Symbol pin or wire end off connection grid
    ; warning
    @(146.304 mm, 89.154 mm): Vertical Wire, length 2.54 mm
[endpoint_off_grid]: Symbol pin or wire end off connection grid
    ; warning
    @(146.304 mm, 96.774 mm): Vertical Wire, length 2.54 mm
[endpoint_off_grid]: Symbol pin or wire end off connection grid
    ; warning
    @(146.304 mm, 99.314 mm): Vertical Wire, length 2.54 mm
[endpoint_off_grid]: Symbol pin or wire end off connection grid
    ; warning
    @(146.304 mm, 99.314 mm): Horizontal Wire, length 7.62 mm
[endpoint_off_grid]: Symbol pin or wire end off connection grid
    ; warning
    @(146.304 mm, 101.854 mm): Vertical Wire, length 2.54 mm
[endpoint_off_grid]: Symbol pin or wire end off connection grid
    ; warning
    @(146.304 mm, 104.394 mm): Vertical Wire, length 2.54 mm
[endpoint_off_grid]: Symbol pin or wire end off connection grid
    ; warning
    @(146.304 mm, 106.934 mm): Vertical Wire, length 2.54 mm
[endpoint_off_grid]: Symbol pin or wire end off connection grid
    ; warning
    @(146.304 mm, 109.474 mm): Vertical Wire, length 2.54 mm
[endpoint_off_grid]: Symbol pin or wire end off connection grid
    ; warning
    @(146.304 mm, 112.014 mm): Vertical Wire, length 2.54 mm
[endpoint_off_grid]: Symbol pin or wire end off connection grid
    ; warning
    @(146.304 mm, 114.554 mm): Vertical Wire, length 2.54 mm
[endpoint_off_grid]: Symbol pin or wire end off connection grid
    ; warning
    @(146.304 mm, 122.174 mm): Horizontal Wire, length 7.62 mm
[endpoint_off_grid]: Symbol pin or wire end off connection grid
    ; warning
    @(146.304 mm, 122.174 mm): Vertical Wire, length 2.54 mm
[endpoint_off_grid]: Symbol pin or wire end off connection grid
    ; warning
    @(146.304 mm, 124.714 mm): Vertical Wire, length 2.54 mm
[endpoint_off_grid]: Symbol pin or wire end off connection grid
    ; warning
    @(146.304 mm, 127.254 mm): Vertical Wire, length 2.54 mm
[endpoint_off_grid]: Symbol pin or wire end off connection grid
    ; warning
    @(146.304 mm, 134.874 mm): Vertical Wire, length 2.54 mm
[endpoint_off_grid]: Symbol pin or wire end off connection grid
    ; warning
    @(146.304 mm, 137.414 mm): Horizontal Wire, length 7.62 mm
[endpoint_off_grid]: Symbol pin or wire end off connection grid
    ; warning
    @(146.304 mm, 137.414 mm): Vertical Wire, length 2.54 mm
[endpoint_off_grid]: Symbol pin or wire end off connection grid
    ; warning
    @(146.304 mm, 139.954 mm): Vertical Wire, length 2.54 mm
[endpoint_off_grid]: Symbol pin or wire end off connection grid
    ; warning
    @(146.304 mm, 142.494 mm): Vertical Wire, length 2.54 mm
[endpoint_off_grid]: Symbol pin or wire end off connection grid
    ; warning
    @(146.304 mm, 145.034 mm): Vertical Wire, length 2.54 mm
[endpoint_off_grid]: Symbol pin or wire end off connection grid
    ; warning
    @(146.304 mm, 152.654 mm): Vertical Wire, length 2.54 mm
[endpoint_off_grid]: Symbol pin or wire end off connection grid
    ; warning
    @(146.304 mm, 155.194 mm): Horizontal Wire, length 7.62 mm
[endpoint_off_grid]: Symbol pin or wire end off connection grid
    ; warning
    @(146.304 mm, 155.194 mm): Vertical Wire, length 2.54 mm
[endpoint_off_grid]: Symbol pin or wire end off connection grid
    ; warning
    @(146.304 mm, 157.734 mm): Vertical Wire, length 2.54 mm
[endpoint_off_grid]: Symbol pin or wire end off connection grid
    ; warning
    @(146.304 mm, 160.274 mm): Vertical Wire, length 2.54 mm
[endpoint_off_grid]: Symbol pin or wire end off connection grid
    ; warning
    @(146.304 mm, 162.814 mm): Vertical Wire, length 2.54 mm
[endpoint_off_grid]: Symbol pin or wire end off connection grid
    ; warning
    @(147.574 mm, 254.254 mm): Horizontal Wire, length 3.81 mm
[endpoint_off_grid]: Symbol pin or wire end off connection grid
    ; warning
    @(151.384 mm, 254.254 mm): Horizontal Wire, length 3.81 mm
[endpoint_off_grid]: Symbol pin or wire end off connection grid
    ; warning
    @(153.924 mm, 78.994 mm): Vertical Wire, length 2.54 mm
[endpoint_off_grid]: Symbol pin or wire end off connection grid
    ; warning
    @(153.924 mm, 78.994 mm): Symbol C97 Pin 1 [1, Passive, Line]
[endpoint_off_grid]: Symbol pin or wire end off connection grid
    ; warning
    @(153.924 mm, 89.154 mm): Symbol #PWR116 Hidden pin  [GND, Power input, Line]
[endpoint_off_grid]: Symbol pin or wire end off connection grid
    ; warning
    @(153.924 mm, 89.154 mm): Vertical Wire, length 2.54 mm
[endpoint_off_grid]: Symbol pin or wire end off connection grid
    ; warning
    @(153.924 mm, 91.694 mm): Vertical Wire, length 2.54 mm
[unconnected_wire_endpoint]: Unconnected wire endpoint
    ; warning
    @(153.924 mm, 91.694 mm): Vertical Wire, length 2.54 mm
[endpoint_off_grid]: Symbol pin or wire end off connection grid
    ; warning
    @(153.924 mm, 99.314 mm): Horizontal Wire, length 10.16 mm
[endpoint_off_grid]: Symbol pin or wire end off connection grid
    ; warning
    @(153.924 mm, 101.854 mm): Vertical Wire, length 2.54 mm
[endpoint_off_grid]: Symbol pin or wire end off connection grid
    ; warning
    @(153.924 mm, 101.854 mm): Symbol C98 Pin 1 [1, Passive, Line]
[endpoint_off_grid]: Symbol pin or wire end off connection grid
    ; warning
    @(153.924 mm, 112.014 mm): Horizontal Wire, length 10.16 mm
[endpoint_off_grid]: Symbol pin or wire end off connection grid
    ; warning
    @(153.924 mm, 112.014 mm): Vertical Wire, length 2.54 mm
[endpoint_off_grid]: Symbol pin or wire end off connection grid
    ; warning
    @(153.924 mm, 112.014 mm): Symbol #PWR109 Hidden pin  [GND, Power input, Line]
[endpoint_off_grid]: Symbol pin or wire end off connection grid
    ; warning
    @(153.924 mm, 119.634 mm): Horizontal Wire, length 10.16 mm
[endpoint_off_grid]: Symbol pin or wire end off connection grid
    ; warning
    @(153.924 mm, 122.174 mm): Symbol C101 Pin 1 [1, Passive, Line]
[endpoint_off_grid]: Symbol pin or wire end off connection grid
    ; warning
    @(153.924 mm, 122.174 mm): Vertical Wire, length 2.54 mm
[endpoint_off_grid]: Symbol pin or wire end off connection grid
    ; warning
    @(153.924 mm, 132.334 mm): Horizontal Wire, length 10.16 mm
[endpoint_off_grid]: Symbol pin or wire end off connection grid
    ; warning
    @(153.924 mm, 132.334 mm): Vertical Wire, length 2.54 mm
[endpoint_off_grid]: Symbol pin or wire end off connection grid
    ; warning
    @(153.924 mm, 132.334 mm): Symbol #PWR117 Hidden pin  [GND, Power input, Line]
[endpoint_off_grid]: Symbol pin or wire end off connection grid
    ; warning
    @(153.924 mm, 134.874 mm): Vertical Wire, length 2.54 mm
[unconnected_wire_endpoint]: Unconnected wire endpoint
    ; warning
    @(153.924 mm, 134.874 mm): Vertical Wire, length 2.54 mm
[endpoint_off_grid]: Symbol pin or wire end off connection grid
    ; warning
    @(153.924 mm, 137.414 mm): Horizontal Wire, length 10.16 mm
[endpoint_off_grid]: Symbol pin or wire end off connection grid
    ; warning
    @(153.924 mm, 139.954 mm): Vertical Wire, length 2.54 mm
[endpoint_off_grid]: Symbol pin or wire end off connection grid
    ; warning
    @(153.924 mm, 139.954 mm): Symbol C103 Pin 1 [1, Passive, Line]
[endpoint_off_grid]: Symbol pin or wire end off connection grid
    ; warning
    @(153.924 mm, 150.114 mm): Horizontal Wire, length 10.16 mm
[endpoint_off_grid]: Symbol pin or wire end off connection grid
    ; warning
    @(153.924 mm, 150.114 mm): Symbol #PWR113 Hidden pin  [GND, Power input, Line]
[endpoint_off_grid]: Symbol pin or wire end off connection grid
    ; warning
    @(153.924 mm, 150.114 mm): Vertical Wire, length 2.54 mm
[endpoint_off_grid]: Symbol pin or wire end off connection grid
    ; warning
    @(153.924 mm, 156.464 mm): Vertical Wire, length 1.27 mm
[endpoint_off_grid]: Symbol pin or wire end off connection grid
    ; warning
    @(153.924 mm, 156.464 mm): Horizontal Wire, length 10.16 mm
[endpoint_off_grid]: Symbol pin or wire end off connection grid
    ; warning
    @(153.924 mm, 159.004 mm): Vertical Wire, length 2.54 mm
[endpoint_off_grid]: Symbol pin or wire end off connection grid
    ; warning
    @(153.924 mm, 166.624 mm): Symbol C105 Pin 2 [2, Passive, Line]
[endpoint_off_grid]: Symbol pin or wire end off connection grid
    ; warning
    @(153.924 mm, 169.164 mm): Symbol #PWR108 Hidden pin  [GND, Power input, Line]
[endpoint_off_grid]: Symbol pin or wire end off connection grid
    ; warning
    @(153.924 mm, 169.164 mm): Horizontal Wire, length 10.16 mm
[endpoint_off_grid]: Symbol pin or wire end off connection grid
    ; warning
    @(153.924 mm, 169.164 mm): Vertical Wire, length 2.54 mm
[endpoint_off_grid]: Symbol pin or wire end off connection grid
    ; warning
    @(153.924 mm, 171.704 mm): Vertical Wire, length 2.54 mm
[unconnected_wire_endpoint]: Unconnected wire endpoint
    ; warning
    @(153.924 mm, 171.704 mm): Vertical Wire, length 2.54 mm
[endpoint_off_grid]: Symbol pin or wire end off connection grid
    ; warning
    @(155.194 mm, 254.254 mm): Horizontal Wire, length 3.81 mm
[endpoint_off_grid]: Symbol pin or wire end off connection grid
    ; warning
    @(159.004 mm, 254.254 mm): Horizontal Wire, length 3.81 mm
[endpoint_off_grid]: Symbol pin or wire end off connection grid
    ; warning
    @(162.814 mm, 254.254 mm): Horizontal Wire, length 3.81 mm
[endpoint_off_grid]: Symbol pin or wire end off connection grid
    ; warning
    @(164.084 mm, 99.314 mm): Horizontal Wire, length 10.16 mm
[endpoint_off_grid]: Symbol pin or wire end off connection grid
    ; warning
    @(164.084 mm, 101.854 mm): Vertical Wire, length 2.54 mm
[endpoint_off_grid]: Symbol pin or wire end off connection grid
    ; warning
    @(164.084 mm, 101.854 mm): Symbol C99 Pin 1 [1, Passive, Line]
[endpoint_off_grid]: Symbol pin or wire end off connection grid
    ; warning
    @(164.084 mm, 112.014 mm): Horizontal Wire, length 10.16 mm
[endpoint_off_grid]: Symbol pin or wire end off connection grid
    ; warning
    @(164.084 mm, 112.014 mm): Vertical Wire, length 2.54 mm
[endpoint_off_grid]: Symbol pin or wire end off connection grid
    ; warning
    @(164.084 mm, 119.634 mm): Horizontal Wire, length 10.16 mm
[endpoint_off_grid]: Symbol pin or wire end off connection grid
    ; warning
    @(164.084 mm, 122.174 mm): Vertical Wire, length 2.54 mm
[endpoint_off_grid]: Symbol pin or wire end off connection grid
    ; warning
    @(164.084 mm, 122.174 mm): Symbol C102 Pin 1 [1, Passive, Line]
[endpoint_off_grid]: Symbol pin or wire end off connection grid
    ; warning
    @(164.084 mm, 132.334 mm): Vertical Wire, length 2.54 mm
[endpoint_off_grid]: Symbol pin or wire end off connection grid
    ; warning
    @(164.084 mm, 132.334 mm): Horizontal Wire, length 10.16 mm
[endpoint_off_grid]: Symbol pin or wire end off connection grid
    ; warning
    @(164.084 mm, 137.414 mm): Horizontal Wire, length 10.16 mm
[endpoint_off_grid]: Symbol pin or wire end off connection grid
    ; warning
    @(164.084 mm, 139.954 mm): Symbol C104 Pin 1 [1, Passive, Line]
[endpoint_off_grid]: Symbol pin or wire end off connection grid
    ; warning
    @(164.084 mm, 139.954 mm): Vertical Wire, length 2.54 mm
[endpoint_off_grid]: Symbol pin or wire end off connection grid
    ; warning
    @(164.084 mm, 150.114 mm): Horizontal Wire, length 10.16 mm
[endpoint_off_grid]: Symbol pin or wire end off connection grid
    ; warning
    @(164.084 mm, 150.114 mm): Vertical Wire, length 2.54 mm
[endpoint_off_grid]: Symbol pin or wire end off connection grid
    ; warning
    @(164.084 mm, 156.464 mm): Horizontal Wire, length 10.16 mm
[endpoint_off_grid]: Symbol pin or wire end off connection grid
    ; warning
    @(164.084 mm, 159.004 mm): Vertical Wire, length 2.54 mm
[endpoint_off_grid]: Symbol pin or wire end off connection grid
    ; warning
    @(164.084 mm, 166.624 mm): Symbol C106 Pin 2 [2, Passive, Line]
[endpoint_off_grid]: Symbol pin or wire end off connection grid
    ; warning
    @(164.084 mm, 169.164 mm): Horizontal Wire, length 10.16 mm
[endpoint_off_grid]: Symbol pin or wire end off connection grid
    ; warning
    @(164.084 mm, 169.164 mm): Vertical Wire, length 2.54 mm
[endpoint_off_grid]: Symbol pin or wire end off connection grid
    ; warning
    @(166.624 mm, 254.254 mm): Horizontal Wire, length 3.81 mm
[endpoint_off_grid]: Symbol pin or wire end off connection grid
    ; warning
    @(170.434 mm, 254.254 mm): Horizontal Wire, length 3.81 mm
[endpoint_off_grid]: Symbol pin or wire end off connection grid
    ; warning
    @(174.244 mm, 99.314 mm): Horizontal Wire, length 10.16 mm
[endpoint_off_grid]: Symbol pin or wire end off connection grid
    ; warning
    @(174.244 mm, 101.854 mm): Symbol C100 Pin 1 [1, Passive, Line]
[endpoint_off_grid]: Symbol pin or wire end off connection grid
    ; warning
    @(174.244 mm, 101.854 mm): Vertical Wire, length 2.54 mm
[endpoint_off_grid]: Symbol pin or wire end off connection grid
    ; warning
    @(174.244 mm, 112.014 mm): Vertical Wire, length 2.54 mm
[endpoint_off_grid]: Symbol pin or wire end off connection grid
    ; warning
    @(174.244 mm, 112.014 mm): Horizontal Wire, length 10.16 mm
[endpoint_off_grid]: Symbol pin or wire end off connection grid
    ; warning
    @(174.244 mm, 119.634 mm): Horizontal Wire, length 10.16 mm
[endpoint_off_grid]: Symbol pin or wire end off connection grid
    ; warning
    @(174.244 mm, 122.174 mm): Vertical Wire, length 2.54 mm
[endpoint_off_grid]: Symbol pin or wire end off connection grid
    ; warning
    @(174.244 mm, 129.794 mm): Symbol C111 Pin 2 [2, Passive, Line]
[endpoint_off_grid]: Symbol pin or wire end off connection grid
    ; warning
    @(174.244 mm, 132.334 mm): Vertical Wire, length 2.54 mm
[endpoint_off_grid]: Symbol pin or wire end off connection grid
    ; warning
    @(174.244 mm, 132.334 mm): Horizontal Wire, length 10.16 mm
[endpoint_off_grid]: Symbol pin or wire end off connection grid
    ; warning
    @(174.244 mm, 137.414 mm): Horizontal Wire, length 10.16 mm
[endpoint_off_grid]: Symbol pin or wire end off connection grid
    ; warning
    @(174.244 mm, 139.954 mm): Vertical Wire, length 2.54 mm
[endpoint_off_grid]: Symbol pin or wire end off connection grid
    ; warning
    @(174.244 mm, 139.954 mm): Symbol C115 Pin 1 [1, Passive, Line]
[endpoint_off_grid]: Symbol pin or wire end off connection grid
    ; warning
    @(174.244 mm, 150.114 mm): Vertical Wire, length 2.54 mm
[endpoint_off_grid]: Symbol pin or wire end off connection grid
    ; warning
    @(174.244 mm, 150.114 mm): Horizontal Wire, length 10.16 mm
[endpoint_off_grid]: Symbol pin or wire end off connection grid
    ; warning
    @(174.244 mm, 156.464 mm): Horizontal Wire, length 10.16 mm
[endpoint_off_grid]: Symbol pin or wire end off connection grid
    ; warning
    @(174.244 mm, 159.004 mm): Vertical Wire, length 2.54 mm
[endpoint_off_grid]: Symbol pin or wire end off connection grid
    ; warning
    @(174.244 mm, 166.624 mm): Symbol C119 Pin 2 [2, Passive, Line]
[endpoint_off_grid]: Symbol pin or wire end off connection grid
    ; warning
    @(174.244 mm, 169.164 mm): Horizontal Wire, length 10.16 mm
[endpoint_off_grid]: Symbol pin or wire end off connection grid
    ; warning
    @(174.244 mm, 169.164 mm): Vertical Wire, length 2.54 mm
[endpoint_off_grid]: Symbol pin or wire end off connection grid
    ; warning
    @(174.244 mm, 254.254 mm): Horizontal Wire, length 3.81 mm
[endpoint_off_grid]: Symbol pin or wire end off connection grid
    ; warning
    @(178.054 mm, 254.254 mm): Horizontal Wire, length 3.81 mm
[endpoint_off_grid]: Symbol pin or wire end off connection grid
    ; warning
    @(181.864 mm, 254.254 mm): Horizontal Wire, length 3.81 mm
[endpoint_off_grid]: Symbol pin or wire end off connection grid
    ; warning
    @(184.404 mm, 99.314 mm): Horizontal Wire, length 10.16 mm
[endpoint_off_grid]: Symbol pin or wire end off connection grid
    ; warning
    @(184.404 mm, 101.854 mm): Vertical Wire, length 2.54 mm
[endpoint_off_grid]: Symbol pin or wire end off connection grid
    ; warning
    @(184.404 mm, 109.474 mm): Symbol C107 Pin 2 [2, Passive, Line]
[endpoint_off_grid]: Symbol pin or wire end off connection grid
    ; warning
    @(184.404 mm, 112.014 mm): Horizontal Wire, length 10.16 mm
[endpoint_off_grid]: Symbol pin or wire end off connection grid
    ; warning
    @(184.404 mm, 112.014 mm): Vertical Wire, length 2.54 mm
[endpoint_off_grid]: Symbol pin or wire end off connection grid
    ; warning
    @(184.404 mm, 119.634 mm): Horizontal Wire, length 10.16 mm
[endpoint_off_grid]: Symbol pin or wire end off connection grid
    ; warning
    @(184.404 mm, 122.174 mm): Symbol C112 Pin 1 [1, Passive, Line]
[endpoint_off_grid]: Symbol pin or wire end off connection grid
    ; warning
    @(184.404 mm, 122.174 mm): Vertical Wire, length 2.54 mm
[endpoint_off_grid]: Symbol pin or wire end off connection grid
    ; warning
    @(184.404 mm, 132.334 mm): Horizontal Wire, length 10.16 mm
[endpoint_off_grid]: Symbol pin or wire end off connection grid
    ; warning
    @(184.404 mm, 132.334 mm): Vertical Wire, length 2.54 mm
[endpoint_off_grid]: Symbol pin or wire end off connection grid
    ; warning
    @(184.404 mm, 137.414 mm): Horizontal Wire, length 10.16 mm
[endpoint_off_grid]: Symbol pin or wire end off connection grid
    ; warning
    @(184.404 mm, 139.954 mm): Symbol C116 Pin 1 [1, Passive, Line]
[endpoint_off_grid]: Symbol pin or wire end off connection grid
    ; warning
    @(184.404 mm, 139.954 mm): Vertical Wire, length 2.54 mm
[endpoint_off_grid]: Symbol pin or wire end off connection grid
    ; warning
    @(184.404 mm, 150.114 mm): Vertical Wire, length 2.54 mm
[endpoint_off_grid]: Symbol pin or wire end off connection grid
    ; warning
    @(184.404 mm, 150.114 mm): Horizontal Wire, length 10.16 mm
[endpoint_off_grid]: Symbol pin or wire end off connection grid
    ; warning
    @(184.404 mm, 156.464 mm): Horizontal Wire, length 10.16 mm
[endpoint_off_grid]: Symbol pin or wire end off connection grid
    ; warning
    @(184.404 mm, 159.004 mm): Symbol C120 Pin 1 [1, Passive, Line]
[endpoint_off_grid]: Symbol pin or wire end off connection grid
    ; warning
    @(184.404 mm, 159.004 mm): Vertical Wire, length 2.54 mm
[endpoint_off_grid]: Symbol pin or wire end off connection grid
    ; warning
    @(184.404 mm, 169.164 mm): Vertical Wire, length 2.54 mm
[endpoint_off_grid]: Symbol pin or wire end off connection grid
    ; warning
    @(184.404 mm, 169.164 mm): Horizontal Wire, length 10.16 mm
[endpoint_off_grid]: Symbol pin or wire end off connection grid
    ; warning
    @(185.674 mm, 254.254 mm): Horizontal Wire, length 3.81 mm
[endpoint_off_grid]: Symbol pin or wire end off connection grid
    ; warning
    @(189.484 mm, 254.254 mm): Horizontal Wire, length 3.81 mm
[endpoint_off_grid]: Symbol pin or wire end off connection grid
    ; warning
    @(193.294 mm, 254.254 mm): Horizontal Wire, length 3.81 mm
[endpoint_off_grid]: Symbol pin or wire end off connection grid
    ; warning
    @(194.564 mm, 99.314 mm): Horizontal Wire, length 10.16 mm
[endpoint_off_grid]: Symbol pin or wire end off connection grid
    ; warning
    @(194.564 mm, 101.854 mm): Symbol C108 Pin 1 [1, Passive, Line]
[endpoint_off_grid]: Symbol pin or wire end off connection grid
    ; warning
    @(194.564 mm, 101.854 mm): Vertical Wire, length 2.54 mm
[endpoint_off_grid]: Symbol pin or wire end off connection grid
    ; warning
    @(194.564 mm, 112.014 mm): Horizontal Wire, length 10.16 mm
[endpoint_off_grid]: Symbol pin or wire end off connection grid
    ; warning
    @(194.564 mm, 112.014 mm): Vertical Wire, length 2.54 mm
[endpoint_off_grid]: Symbol pin or wire end off connection grid
    ; warning
    @(194.564 mm, 119.634 mm): Horizontal Wire, length 10.16 mm
[endpoint_off_grid]: Symbol pin or wire end off connection grid
    ; warning
    @(194.564 mm, 122.174 mm): Vertical Wire, length 2.54 mm
[endpoint_off_grid]: Symbol pin or wire end off connection grid
    ; warning
    @(194.564 mm, 122.174 mm): Symbol C113 Pin 1 [1, Passive, Line]
[endpoint_off_grid]: Symbol pin or wire end off connection grid
    ; warning
    @(194.564 mm, 132.334 mm): Horizontal Wire, length 10.16 mm
[endpoint_off_grid]: Symbol pin or wire end off connection grid
    ; warning
    @(194.564 mm, 132.334 mm): Vertical Wire, length 2.54 mm
[endpoint_off_grid]: Symbol pin or wire end off connection grid
    ; warning
    @(194.564 mm, 137.414 mm): Horizontal Wire, length 10.16 mm
[endpoint_off_grid]: Symbol pin or wire end off connection grid
    ; warning
    @(194.564 mm, 139.954 mm): Vertical Wire, length 2.54 mm
[endpoint_off_grid]: Symbol pin or wire end off connection grid
    ; warning
    @(194.564 mm, 147.574 mm): Symbol C117 Pin 2 [2, Passive, Line]
[endpoint_off_grid]: Symbol pin or wire end off connection grid
    ; warning
    @(194.564 mm, 150.114 mm): Vertical Wire, length 2.54 mm
[endpoint_off_grid]: Symbol pin or wire end off connection grid
    ; warning
    @(194.564 mm, 150.114 mm): Horizontal Wire, length 10.16 mm
[endpoint_off_grid]: Symbol pin or wire end off connection grid
    ; warning
    @(194.564 mm, 156.464 mm): Horizontal Wire, length 10.16 mm
[endpoint_off_grid]: Symbol pin or wire end off connection grid
    ; warning
    @(194.564 mm, 159.004 mm): Vertical Wire, length 2.54 mm
[endpoint_off_grid]: Symbol pin or wire end off connection grid
    ; warning
    @(194.564 mm, 166.624 mm): Symbol C121 Pin 2 [2, Passive, Line]
[endpoint_off_grid]: Symbol pin or wire end off connection grid
    ; warning
    @(194.564 mm, 169.164 mm): Vertical Wire, length 2.54 mm
[endpoint_off_grid]: Symbol pin or wire end off connection grid
    ; warning
    @(194.564 mm, 169.164 mm): Horizontal Wire, length 10.16 mm
[endpoint_off_grid]: Symbol pin or wire end off connection grid
    ; warning
    @(197.104 mm, 254.254 mm): Horizontal Wire, length 3.81 mm
[endpoint_off_grid]: Symbol pin or wire end off connection grid
    ; warning
    @(200.914 mm, 254.254 mm): Horizontal Wire, length 3.81 mm
[endpoint_off_grid]: Symbol pin or wire end off connection grid
    ; warning
    @(204.724 mm, 99.314 mm): Horizontal Wire, length 10.16 mm
[endpoint_off_grid]: Symbol pin or wire end off connection grid
    ; warning
    @(204.724 mm, 101.854 mm): Symbol C109 Pin 1 [1, Passive, Line]
[endpoint_off_grid]: Symbol pin or wire end off connection grid
    ; warning
    @(204.724 mm, 101.854 mm): Vertical Wire, length 2.54 mm
[endpoint_off_grid]: Symbol pin or wire end off connection grid
    ; warning
    @(204.724 mm, 112.014 mm): Vertical Wire, length 2.54 mm
[endpoint_off_grid]: Symbol pin or wire end off connection grid
    ; warning
    @(204.724 mm, 112.014 mm): Horizontal Wire, length 10.16 mm
[endpoint_off_grid]: Symbol pin or wire end off connection grid
    ; warning
    @(204.724 mm, 122.174 mm): Vertical Wire, length 2.54 mm
[endpoint_off_grid]: Symbol pin or wire end off connection grid
    ; warning
    @(204.724 mm, 129.794 mm): Symbol C114 Pin 2 [2, Passive, Line]
[endpoint_off_grid]: Symbol pin or wire end off connection grid
    ; warning
    @(204.724 mm, 132.334 mm): Vertical Wire, length 2.54 mm
[endpoint_off_grid]: Symbol pin or wire end off connection grid
    ; warning
    @(204.724 mm, 139.954 mm): Vertical Wire, length 2.54 mm
[endpoint_off_grid]: Symbol pin or wire end off connection grid
    ; warning
    @(204.724 mm, 147.574 mm): Symbol C118 Pin 2 [2, Passive, Line]
[endpoint_off_grid]: Symbol pin or wire end off connection grid
    ; warning
    @(204.724 mm, 150.114 mm): Vertical Wire, length 2.54 mm
[endpoint_off_grid]: Symbol pin or wire end off connection grid
    ; warning
    @(204.724 mm, 159.004 mm): Symbol C122 Pin 1 [1, Passive, Line]
[endpoint_off_grid]: Symbol pin or wire end off connection grid
    ; warning
    @(204.724 mm, 159.004 mm): Vertical Wire, length 2.54 mm
[endpoint_off_grid]: Symbol pin or wire end off connection grid
    ; warning
    @(204.724 mm, 169.164 mm): Vertical Wire, length 2.54 mm
[endpoint_off_grid]: Symbol pin or wire end off connection grid
    ; warning
    @(204.724 mm, 254.254 mm): Horizontal Wire, length 3.81 mm
[endpoint_off_grid]: Symbol pin or wire end off connection grid
    ; warning
    @(208.534 mm, 254.254 mm): Horizontal Wire, length 3.81 mm
[endpoint_off_grid]: Symbol pin or wire end off connection grid
    ; warning
    @(212.344 mm, 254.254 mm): Horizontal Wire, length 3.81 mm
[endpoint_off_grid]: Symbol pin or wire end off connection grid
    ; warning
    @(214.884 mm, 101.854 mm): Vertical Wire, length 2.54 mm
[endpoint_off_grid]: Symbol pin or wire end off connection grid
    ; warning
    @(214.884 mm, 109.474 mm): Symbol C110 Pin 2 [2, Passive, Line]
[endpoint_off_grid]: Symbol pin or wire end off connection grid
    ; warning
    @(214.884 mm, 112.014 mm): Vertical Wire, length 2.54 mm
[endpoint_off_grid]: Symbol pin or wire end off connection grid
    ; warning
    @(20.32 mm, 92.964 mm): Symbol #PWR042 Hidden pin  [VCC3V3, Power input, Line]
[endpoint_off_grid]: Symbol pin or wire end off connection grid
    ; warning
    @(20.32 mm, 96.774 mm): Symbol R35 Pin 2 [2, Passive, Line]
[endpoint_off_grid]: Symbol pin or wire end off connection grid
    ; warning
    @(20.32 mm, 106.934 mm): Vertical Wire, length 13.97 mm
[endpoint_off_grid]: Symbol pin or wire end off connection grid
    ; warning
    @(20.32 mm, 106.934 mm): Symbol R34 Pin 5 [2, Passive, Line]
[endpoint_off_grid]: Symbol pin or wire end off connection grid
    ; warning
    @(30.48 mm, 96.774 mm): Horizontal Wire, length 5.08 mm
[endpoint_off_grid]: Symbol pin or wire end off connection grid
    ; warning
    @(30.48 mm, 99.314 mm): Horizontal Wire, length 5.08 mm
[endpoint_off_grid]: Symbol pin or wire end off connection grid
    ; warning
    @(30.48 mm, 99.314 mm): Symbol R34 Pin 1 [1, Passive, Line]
[endpoint_off_grid]: Symbol pin or wire end off connection grid
    ; warning
    @(30.48 mm, 101.854 mm): Horizontal Wire, length 5.08 mm
[endpoint_off_grid]: Symbol pin or wire end off connection grid
    ; warning
    @(30.48 mm, 101.854 mm): Symbol R34 Pin 2 [1, Passive, Line]
[endpoint_off_grid]: Symbol pin or wire end off connection grid
    ; warning
    @(30.48 mm, 104.394 mm): Symbol R34 Pin 3 [1, Passive, Line]
[endpoint_off_grid]: Symbol pin or wire end off connection grid
    ; warning
    @(30.48 mm, 104.394 mm): Horizontal Wire, length 5.08 mm
[endpoint_off_grid]: Symbol pin or wire end off connection grid
    ; warning
    @(30.48 mm, 106.934 mm): Horizontal Wire, length 5.08 mm
[endpoint_off_grid]: Symbol pin or wire end off connection grid
    ; warning
    @(30.48 mm, 259.842 mm): Symbol #PWR039 Hidden pin  [VCC3V3, Power input, Line]
[endpoint_off_grid]: Symbol pin or wire end off connection grid
    ; warning
    @(30.48 mm, 262.382 mm): Vertical Wire, length 2.54 mm
[endpoint_off_grid]: Symbol pin or wire end off connection grid
    ; warning
    @(30.48 mm, 262.382 mm): Symbol C155 Pin 2 [2, Passive, Line]
[endpoint_off_grid]: Symbol pin or wire end off connection grid
    ; warning
    @(30.48 mm, 270.002 mm): Vertical Wire, length 2.54 mm
[endpoint_off_grid]: Symbol pin or wire end off connection grid
    ; warning
    @(30.48 mm, 270.002 mm): Symbol #PWR037 Hidden pin  [GND, Power input, Line]
[endpoint_off_grid]: Symbol pin or wire end off connection grid
    ; warning
    @(49.53 mm, 98.044 mm): Symbol #PWR036 Hidden pin  [VCC3V3, Power input, Line]
[endpoint_off_grid]: Symbol pin or wire end off connection grid
    ; warning
    @(49.53 mm, 98.044 mm): Vertical Wire, length 5.08 mm
[endpoint_off_grid]: Symbol pin or wire end off connection grid
    ; warning
    @(54.61 mm, 123.444 mm): Horizontal Wire, length 5.08 mm
[endpoint_off_grid]: Symbol pin or wire end off connection grid
    ; warning
    @(54.61 mm, 128.524 mm): Symbol C13 Pin 1 [1, Passive, Line]
[endpoint_off_grid]: Symbol pin or wire end off connection grid
    ; warning
    @(54.61 mm, 128.524 mm): Horizontal Wire, length 5.08 mm
[endpoint_off_grid]: Symbol pin or wire end off connection grid
    ; warning
    @(55.88 mm, 259.842 mm): Symbol #PWR055 Hidden pin  [VCC3V3, Power input, Line]
[endpoint_off_grid]: Symbol pin or wire end off connection grid
    ; warning
    @(55.88 mm, 262.382 mm): Vertical Wire, length 2.54 mm
[endpoint_off_grid]: Symbol pin or wire end off connection grid
    ; warning
    @(55.88 mm, 267.462 mm): Symbol C156 Pin 1 [1, Passive, Line]
[endpoint_off_grid]: Symbol pin or wire end off connection grid
    ; warning
    @(55.88 mm, 270.002 mm): Vertical Wire, length 2.54 mm
[endpoint_off_grid]: Symbol pin or wire end off connection grid
    ; warning
    @(55.88 mm, 270.002 mm): Symbol #PWR051 Hidden pin  [GND, Power input, Line]
[endpoint_off_grid]: Symbol pin or wire end off connection grid
    ; warning
    @(59.69 mm, 92.964 mm): Symbol R2 Pin 1 [1, Passive, Line]
[endpoint_off_grid]: Symbol pin or wire end off connection grid
    ; warning
    @(59.69 mm, 92.964 mm): Horizontal Wire, length 10.16 mm
[endpoint_off_grid]: Symbol pin or wire end off connection grid
    ; warning
    @(59.69 mm, 123.444 mm): Horizontal Wire, length 10.16 mm
[endpoint_off_grid]: Symbol pin or wire end off connection grid
    ; warning
    @(59.69 mm, 128.524 mm): Horizontal Wire, length 10.16 mm
[endpoint_off_grid]: Symbol pin or wire end off connection grid
    ; warning
    @(59.69 mm, 128.524 mm): Symbol C12 Pin 1 [1, Passive, Line]
[endpoint_off_grid]: Symbol pin or wire end off connection grid
    ; warning
    @(64.77 mm, 87.884 mm): Horizontal Wire, length 2.54 mm
[endpoint_off_grid]: Symbol pin or wire end off connection grid
    ; warning
    @(64.77 mm, 90.424 mm): Horizontal Wire, length 5.08 mm
[endpoint_off_grid]: Symbol pin or wire end off connection grid
    ; warning
    @(64.77 mm, 95.504 mm): Horizontal Wire, length 5.08 mm
[endpoint_off_grid]: Symbol pin or wire end off connection grid
    ; warning
    @(64.77 mm, 95.504 mm): Symbol #PWR047 Hidden pin  [GND, Power input, Line]
[endpoint_off_grid]: Symbol pin or wire end off connection grid
    ; warning
    @(64.77 mm, 115.824 mm): Horizontal Wire, length 5.08 mm
[endpoint_off_grid]: Symbol pin or wire end off connection grid
    ; warning
    @(64.77 mm, 118.364 mm): Horizontal Wire, length 5.08 mm
[endpoint_off_grid]: Symbol pin or wire end off connection grid
    ; warning
    @(64.77 mm, 120.904 mm): Horizontal Wire, length 5.08 mm
[endpoint_off_grid]: Symbol pin or wire end off connection grid
    ; warning
    @(64.77 mm, 125.984 mm): Horizontal Wire, length 5.08 mm
[unconnected_wire_endpoint]: Unconnected wire endpoint
    ; warning
    @(64.77 mm, 125.984 mm): Horizontal Wire, length 5.08 mm
[endpoint_off_grid]: Symbol pin or wire end off connection grid
    ; warning
    @(64.77 mm, 131.064 mm): Horizontal Wire, length 5.08 mm
[unconnected_wire_endpoint]: Unconnected wire endpoint
    ; warning
    @(64.77 mm, 131.064 mm): Horizontal Wire, length 5.08 mm
[endpoint_off_grid]: Symbol pin or wire end off connection grid
    ; warning
    @(64.77 mm, 133.604 mm): Horizontal Wire, length 5.08 mm
[unconnected_wire_endpoint]: Unconnected wire endpoint
    ; warning
    @(64.77 mm, 133.604 mm): Horizontal Wire, length 5.08 mm
[endpoint_off_grid]: Symbol pin or wire end off connection grid
    ; warning
    @(67.31 mm, 70.104 mm): Symbol #PWR058 Hidden pin  [VCC3V3, Power input, Line]
[endpoint_off_grid]: Symbol pin or wire end off connection grid
    ; warning
    @(67.31 mm, 72.644 mm): Vertical Wire, length 2.54 mm
[endpoint_off_grid]: Symbol pin or wire end off connection grid
    ; warning
    @(67.31 mm, 82.804 mm): Symbol R7 Pin 1 [1, Passive, Line]
[endpoint_off_grid]: Symbol pin or wire end off connection grid
    ; warning
    @(67.31 mm, 87.884 mm): Horizontal Wire, length 2.54 mm
[endpoint_off_grid]: Symbol pin or wire end off connection grid
    ; warning
    @(67.31 mm, 87.884 mm): Vertical Wire, length 5.08 mm
[endpoint_off_grid]: Symbol pin or wire end off connection grid
    ; warning
    @(69.85 mm, 87.884 mm): Symbol U4 Pin 1 [1, Input, Line]
[endpoint_off_grid]: Symbol pin or wire end off connection grid
    ; warning
    @(69.85 mm, 90.424 mm): Symbol U4 Pin 2 [1, Output, Line]
[endpoint_off_grid]: Symbol pin or wire end off connection grid
    ; warning
    @(69.85 mm, 92.964 mm): Symbol U4 Pin 3 [1, Input, Line]
[endpoint_off_grid]: Symbol pin or wire end off connection grid
    ; warning
    @(69.85 mm, 95.504 mm): Symbol U4 Pin 4 [1, Input, Line]
[endpoint_off_grid]: Symbol pin or wire end off connection grid
    ; warning
    @(69.85 mm, 115.824 mm): Symbol X3 Pin 1 [DAT2/NC, Bidirectional, Line]
[endpoint_off_grid]: Symbol pin or wire end off connection grid
    ; warning
    @(81.28 mm, 259.842 mm): Symbol #PWR052 Hidden pin  [VCC3V3, Power input, Line]
[endpoint_off_grid]: Symbol pin or wire end off connection grid
    ; warning
    @(81.28 mm, 262.382 mm): Vertical Wire, length 2.54 mm
[endpoint_off_grid]: Symbol pin or wire end off connection grid
    ; warning
    @(81.28 mm, 262.382 mm): Symbol C157 Pin 2 [2, Passive, Line]
[endpoint_off_grid]: Symbol pin or wire end off connection grid
    ; warning
    @(81.28 mm, 270.002 mm): Vertical Wire, length 2.54 mm
[endpoint_off_grid]: Symbol pin or wire end off connection grid
    ; warning
    @(81.28 mm, 270.002 mm): Symbol #PWR053 Hidden pin  [GND, Power input, Line]
[endpoint_off_grid]: Symbol pin or wire end off connection grid
    ; warning
    @(90.17 mm, 105.664 mm): Horizontal Wire, length 5.08 mm
[endpoint_off_grid]: Symbol pin or wire end off connection grid
    ; warning
    @(90.17 mm, 108.204 mm): Vertical Wire, length 2.54 mm
[endpoint_off_grid]: Symbol pin or wire end off connection grid
    ; warning
    @(92.71 mm, 108.204 mm): Vertical Wire, length 2.54 mm
[endpoint_off_grid]: Symbol pin or wire end off connection grid
    ; warning
    @(95.25 mm, 87.884 mm): Horizontal Wire, length 12.70 mm
[endpoint_off_grid]: Symbol pin or wire end off connection grid
    ; warning
    @(95.25 mm, 87.884 mm): Symbol U4 Pin 8 [1, Input, Line]
[endpoint_off_grid]: Symbol pin or wire end off connection grid
    ; warning
    @(95.25 mm, 90.424 mm): Symbol U4 Pin 7 [1, Input, Line]
[endpoint_off_grid]: Symbol pin or wire end off connection grid
    ; warning
    @(95.25 mm, 90.424 mm): Horizontal Wire, length 25.40 mm
[endpoint_off_grid]: Symbol pin or wire end off connection grid
    ; warning
    @(95.25 mm, 92.964 mm): Symbol U4 Pin 6 [1, Input, Line]
[endpoint_off_grid]: Symbol pin or wire end off connection grid
    ; warning
    @(95.25 mm, 92.964 mm): Horizontal Wire, length 5.08 mm
[endpoint_off_grid]: Symbol pin or wire end off connection grid
    ; warning
    @(95.25 mm, 95.504 mm): Symbol U4 Pin 5 [1, Input, Line]
[endpoint_off_grid]: Symbol pin or wire end off connection grid
    ; warning
    @(95.25 mm, 95.504 mm): Horizontal Wire, length 5.08 mm
[endpoint_off_grid]: Symbol pin or wire end off connection grid
    ; warning
    @(95.25 mm, 103.124 mm): Symbol #PWR038 Hidden pin  [GND, Power input, Line]
[endpoint_off_grid]: Symbol pin or wire end off connection grid
    ; warning
    @(95.25 mm, 105.664 mm): Vertical Wire, length 2.54 mm
[endpoint_off_grid]: Symbol pin or wire end off connection grid
    ; warning
    @(95.25 mm, 105.664 mm): Horizontal Wire, length 2.54 mm
[endpoint_off_grid]: Symbol pin or wire end off connection grid
    ; warning
    @(95.25 mm, 108.204 mm): Vertical Wire, length 2.54 mm
[endpoint_off_grid]: Symbol pin or wire end off connection grid
    ; warning
    @(97.028 mm, 87.884 mm): Symbol #PWR033 Hidden pin  [VCC3V3, Power input, Line]
[endpoint_off_grid]: Symbol pin or wire end off connection grid
    ; warning
    @(97.79 mm, 108.204 mm): Vertical Wire, length 2.54 mm
[endpoint_off_grid]: Symbol pin or wire end off connection grid
    ; warning
    @(106.68 mm, 259.842 mm): Symbol #PWR050 Hidden pin  [VCC3V3, Power input, Line]
[endpoint_off_grid]: Symbol pin or wire end off connection grid
    ; warning
    @(106.68 mm, 262.382 mm): Symbol C158 Pin 2 [2, Passive, Line]
[endpoint_off_grid]: Symbol pin or wire end off connection grid
    ; warning
    @(106.68 mm, 262.382 mm): Vertical Wire, length 2.54 mm
[endpoint_off_grid]: Symbol pin or wire end off connection grid
    ; warning
    @(106.68 mm, 270.002 mm): Vertical Wire, length 2.54 mm
[endpoint_off_grid]: Symbol pin or wire end off connection grid
    ; warning
    @(106.68 mm, 270.002 mm): Symbol #PWR043 Hidden pin  [GND, Power input, Line]
[endpoint_off_grid]: Symbol pin or wire end off connection grid
    ; warning
    @(113.03 mm, 87.884 mm): Symbol C11 Pin 1 [1, Passive, Line]
[endpoint_off_grid]: Symbol pin or wire end off connection grid
    ; warning
    @(113.03 mm, 87.884 mm): Horizontal Wire, length 2.54 mm
[endpoint_off_grid]: Symbol pin or wire end off connection grid
    ; warning
    @(115.57 mm, 87.884 mm): Symbol #PWR032 Hidden pin  [GND, Power input, Line]
[endpoint_off_grid]: Symbol pin or wire end off connection grid
    ; warning
    @(130.81 mm, 90.424 mm): Symbol R6 Pin 2 [2, Passive, Line]
[endpoint_off_grid]: Symbol pin or wire end off connection grid
    ; warning
    @(130.81 mm, 90.424 mm): Horizontal Wire, length 2.54 mm
[endpoint_off_grid]: Symbol pin or wire end off connection grid
    ; warning
    @(132.08 mm, 259.842 mm): Symbol #PWR057 Hidden pin  [VCC3V3, Power input, Line]
[endpoint_off_grid]: Symbol pin or wire end off connection grid
    ; warning
    @(132.08 mm, 262.382 mm): Symbol C159 Pin 2 [2, Passive, Line]
[endpoint_off_grid]: Symbol pin or wire end off connection grid
    ; warning
    @(132.08 mm, 262.382 mm): Vertical Wire, length 2.54 mm
[endpoint_off_grid]: Symbol pin or wire end off connection grid
    ; warning
    @(132.08 mm, 270.002 mm): Vertical Wire, length 2.54 mm
[endpoint_off_grid]: Symbol pin or wire end off connection grid
    ; warning
    @(132.08 mm, 270.002 mm): Symbol #PWR040 Hidden pin  [GND, Power input, Line]
[endpoint_off_grid]: Symbol pin or wire end off connection grid
    ; warning
    @(133.35 mm, 90.424 mm): Symbol #PWR056 Hidden pin  [VCC3V3, Power input, Line]
[endpoint_off_grid]: Symbol pin or wire end off connection grid
    ; warning
    @(158.75 mm, 156.464 mm): Symbol U3 Pin 54 [P$1, Power input, Line]
[endpoint_off_grid]: Symbol pin or wire end off connection grid
    ; warning
    @(158.75 mm, 156.464 mm): Horizontal Wire, length 16.51 mm
[endpoint_off_grid]: Symbol pin or wire end off connection grid
    ; warning
    @(158.75 mm, 167.894 mm): Horizontal Wire, length 16.51 mm
[endpoint_off_grid]: Symbol pin or wire end off connection grid
    ; warning
    @(158.75 mm, 167.894 mm): Symbol U3 Pin 52 [P$1, Power input, Line]
[endpoint_off_grid]: Symbol pin or wire end off connection grid
    ; warning
    @(158.75 mm, 179.324 mm): Horizontal Wire, length 16.51 mm
[endpoint_off_grid]: Symbol pin or wire end off connection grid
    ; warning
    @(158.75 mm, 179.324 mm): Symbol U3 Pin 46 [P$1, Power input, Line]
[lib_symbol_mismatch]: Symbol 'SDRAM-X16-ALLIANCE-512M' doesn't match copy in library 'ctambe'
    ; warning
    @(158.75 mm, 179.324 mm): Symbol U3 [SDRAM-X16-ALLIANCE-512M]
[lib_symbol_mismatch]: Symbol 'SDRAM-X16-ALLIANCE-512M' doesn't match copy in library 'ctambe'
    ; warning
    @(158.75 mm, 186.944 mm): Symbol U3 [SDRAM-X16-ALLIANCE-512M]
[endpoint_off_grid]: Symbol pin or wire end off connection grid
    ; warning
    @(158.75 mm, 190.754 mm): Symbol U3 Pin 41 [P$1, Power input, Line]
[endpoint_off_grid]: Symbol pin or wire end off connection grid
    ; warning
    @(158.75 mm, 190.754 mm): Horizontal Wire, length 16.51 mm
[lib_symbol_mismatch]: Symbol 'SDRAM-X16-ALLIANCE-512M' doesn't match copy in library 'ctambe'
    ; warning
    @(158.75 mm, 194.564 mm): Symbol U3 [SDRAM-X16-ALLIANCE-512M]
[endpoint_off_grid]: Symbol pin or wire end off connection grid
    ; warning
    @(158.75 mm, 202.184 mm): Symbol U3 Pin 28 [P$1, Power input, Line]
[endpoint_off_grid]: Symbol pin or wire end off connection grid
    ; warning
    @(158.75 mm, 202.184 mm): Horizontal Wire, length 16.51 mm
[lib_symbol_mismatch]: Symbol 'SDRAM-X16-ALLIANCE-512M' doesn't match copy in library 'ctambe'
    ; warning
    @(158.75 mm, 202.184 mm): Symbol U3 [SDRAM-X16-ALLIANCE-512M]
[lib_symbol_mismatch]: Symbol 'SDRAM-X16-ALLIANCE-512M' doesn't match copy in library 'ctambe'
    ; warning
    @(158.75 mm, 209.804 mm): Symbol U3 [SDRAM-X16-ALLIANCE-512M]
[endpoint_off_grid]: Symbol pin or wire end off connection grid
    ; warning
    @(158.75 mm, 213.614 mm): Horizontal Wire, length 16.51 mm
[endpoint_off_grid]: Symbol pin or wire end off connection grid
    ; warning
    @(158.75 mm, 213.614 mm): Symbol U3 Pin 12 [P$1, Power input, Line]
[lib_symbol_mismatch]: Symbol 'SDRAM-X16-ALLIANCE-512M' doesn't match copy in library 'ctambe'
    ; warning
    @(158.75 mm, 217.424 mm): Symbol U3 [SDRAM-X16-ALLIANCE-512M]
[endpoint_off_grid]: Symbol pin or wire end off connection grid
    ; warning
    @(158.75 mm, 225.044 mm): Horizontal Wire, length 16.51 mm
[endpoint_off_grid]: Symbol pin or wire end off connection grid
    ; warning
    @(158.75 mm, 225.044 mm): Symbol U3 Pin 6 [P$1, Bidirectional, Line]
[endpoint_off_grid]: Symbol pin or wire end off connection grid
    ; warning
    @(166.878 mm, 156.464 mm): Symbol #PWR034 Hidden pin  [GND, Power input, Line]
[endpoint_off_grid]: Symbol pin or wire end off connection grid
    ; warning
    @(166.878 mm, 167.894 mm): Symbol #PWR063 Hidden pin  [GND, Power input, Line]
[endpoint_off_grid]: Symbol pin or wire end off connection grid
    ; warning
    @(166.878 mm, 179.324 mm): Symbol #PWR045 Hidden pin  [GND, Power input, Line]
[endpoint_off_grid]: Symbol pin or wire end off connection grid
    ; warning
    @(166.878 mm, 190.754 mm): Symbol #PWR048 Hidden pin  [GND, Power input, Line]
[endpoint_off_grid]: Symbol pin or wire end off connection grid
    ; warning
    @(166.878 mm, 202.184 mm): Symbol #PWR046 Hidden pin  [GND, Power input, Line]
[endpoint_off_grid]: Symbol pin or wire end off connection grid
    ; warning
    @(166.878 mm, 213.614 mm): Symbol #PWR041 Hidden pin  [GND, Power input, Line]
[endpoint_off_grid]: Symbol pin or wire end off connection grid
    ; warning
    @(166.878 mm, 225.044 mm): Symbol #PWR059 Hidden pin  [GND, Power input, Line]
[endpoint_off_grid]: Symbol pin or wire end off connection grid
    ; warning
    @(175.26 mm, 156.464 mm): Symbol C3 Pin 1 [1, Passive, Line]
[endpoint_off_grid]: Symbol pin or wire end off connection grid
    ; warning
    @(175.26 mm, 167.894 mm): Symbol C4 Pin 1 [1, Passive, Line]
[endpoint_off_grid]: Symbol pin or wire end off connection grid
    ; warning
    @(175.26 mm, 179.324 mm): Symbol C5 Pin 1 [1, Passive, Line]
[endpoint_off_grid]: Symbol pin or wire end off connection grid
    ; warning
    @(175.26 mm, 190.754 mm): Symbol C6 Pin 1 [1, Passive, Line]
[endpoint_off_grid]: Symbol pin or wire end off connection grid
    ; warning
    @(175.26 mm, 202.184 mm): Symbol C7 Pin 1 [1, Passive, Line]
[lib_symbol_mismatch]: Symbol 'C-GENERICC0402' doesn't match copy in library 'rcl'
    ; warning
    @(177.80 mm, 179.324 mm): Symbol C3 [C-GENERICC0402]
[lib_symbol_mismatch]: Symbol 'C-GENERICC0402' doesn't match copy in library 'rcl'
    ; warning
    @(177.80 mm, 186.944 mm): Symbol C4 [C-GENERICC0402]
[lib_symbol_mismatch]: Symbol 'C-GENERICC0402' doesn't match copy in library 'rcl'
    ; warning
    @(177.80 mm, 194.564 mm): Symbol C5 [C-GENERICC0402]
[lib_symbol_mismatch]: Symbol 'C-GENERICC0402' doesn't match copy in library 'rcl'
    ; warning
    @(177.80 mm, 202.184 mm): Symbol C6 [C-GENERICC0402]
[lib_symbol_mismatch]: Symbol 'C-GENERICC0402' doesn't match copy in library 'rcl'
    ; warning
    @(177.80 mm, 209.804 mm): Symbol C7 [C-GENERICC0402]
[lib_symbol_mismatch]: Symbol 'C-GENERICC0402' doesn't match copy in library 'rcl'
    ; warning
    @(177.80 mm, 217.424 mm): Symbol C8 [C-GENERICC0402]
[endpoint_off_grid]: Symbol pin or wire end off connection grid
    ; warning
    @(180.34 mm, 156.464 mm): Horizontal Wire, length 17.78 mm
[endpoint_off_grid]: Symbol pin or wire end off connection grid
    ; warning
    @(180.34 mm, 167.894 mm): Horizontal Wire, length 17.78 mm
[endpoint_off_grid]: Symbol pin or wire end off connection grid
    ; warning
    @(180.34 mm, 179.324 mm): Horizontal Wire, length 17.78 mm
[endpoint_off_grid]: Symbol pin or wire end off connection grid
    ; warning
    @(180.34 mm, 190.754 mm): Horizontal Wire, length 17.78 mm
[endpoint_off_grid]: Symbol pin or wire end off connection grid
    ; warning
    @(180.34 mm, 202.184 mm): Horizontal Wire, length 17.78 mm
[endpoint_off_grid]: Symbol pin or wire end off connection grid
    ; warning
    @(180.34 mm, 213.614 mm): Horizontal Wire, length 17.78 mm
[endpoint_off_grid]: Symbol pin or wire end off connection grid
    ; warning
    @(180.34 mm, 213.614 mm): Symbol C8 Pin 2 [2, Passive, Line]
[endpoint_off_grid]: Symbol pin or wire end off connection grid
    ; warning
    @(180.34 mm, 225.044 mm): Horizontal Wire, length 17.78 mm
[endpoint_off_grid]: Symbol pin or wire end off connection grid
    ; warning
    @(180.34 mm, 225.044 mm): Symbol C9 Pin 2 [2, Passive, Line]
[endpoint_off_grid]: Symbol pin or wire end off connection grid
    ; warning
    @(189.23 mm, 72.644 mm): Horizontal Wire, length 2.54 mm
[endpoint_off_grid]: Symbol pin or wire end off connection grid
    ; warning
    @(189.23 mm, 77.724 mm): Horizontal Wire, length 2.54 mm
[endpoint_off_grid]: Symbol pin or wire end off connection grid
    ; warning
    @(189.23 mm, 80.264 mm): Horizontal Wire, length 2.54 mm
[endpoint_off_grid]: Symbol pin or wire end off connection grid
    ; warning
    @(189.23 mm, 85.344 mm): Horizontal Wire, length 2.54 mm
[endpoint_off_grid]: Symbol pin or wire end off connection grid
    ; warning
    @(189.23 mm, 87.884 mm): Horizontal Wire, length 2.54 mm
[endpoint_off_grid]: Symbol pin or wire end off connection grid
    ; warning
    @(189.23 mm, 92.964 mm): Horizontal Wire, length 2.54 mm
[endpoint_off_grid]: Symbol pin or wire end off connection grid
    ; warning
    @(189.23 mm, 95.504 mm): Horizontal Wire, length 2.54 mm
[endpoint_off_grid]: Symbol pin or wire end off connection grid
    ; warning
    @(189.23 mm, 100.584 mm): Horizontal Wire, length 2.54 mm
[endpoint_off_grid]: Symbol pin or wire end off connection grid
    ; warning
    @(189.23 mm, 105.664 mm): Horizontal Wire, length 2.54 mm
[endpoint_off_grid]: Symbol pin or wire end off connection grid
    ; warning
    @(189.23 mm, 108.204 mm): Horizontal Wire, length 2.54 mm
[endpoint_off_grid]: Symbol pin or wire end off connection grid
    ; warning
    @(189.23 mm, 110.744 mm): Horizontal Wire, length 2.54 mm
[endpoint_off_grid]: Symbol pin or wire end off connection grid
    ; warning
    @(189.23 mm, 113.284 mm): Horizontal Wire, length 2.54 mm
[endpoint_off_grid]: Symbol pin or wire end off connection grid
    ; warning
    @(189.23 mm, 115.824 mm): Horizontal Wire, length 2.54 mm
[endpoint_off_grid]: Symbol pin or wire end off connection grid
    ; warning
    @(189.23 mm, 118.364 mm): Horizontal Wire, length 2.54 mm
[endpoint_off_grid]: Symbol pin or wire end off connection grid
    ; warning
    @(189.23 mm, 120.904 mm): Horizontal Wire, length 2.54 mm
[endpoint_off_grid]: Symbol pin or wire end off connection grid
    ; warning
    @(189.23 mm, 123.444 mm): Horizontal Wire, length 2.54 mm
[endpoint_off_grid]: Symbol pin or wire end off connection grid
    ; warning
    @(189.23 mm, 125.984 mm): Horizontal Wire, length 2.54 mm
[endpoint_off_grid]: Symbol pin or wire end off connection grid
    ; warning
    @(189.23 mm, 128.524 mm): Horizontal Wire, length 2.54 mm
[endpoint_off_grid]: Symbol pin or wire end off connection grid
    ; warning
    @(189.23 mm, 131.064 mm): Horizontal Wire, length 2.54 mm
[endpoint_off_grid]: Symbol pin or wire end off connection grid
    ; warning
    @(189.23 mm, 133.604 mm): Horizontal Wire, length 2.54 mm
[endpoint_off_grid]: Symbol pin or wire end off connection grid
    ; warning
    @(189.23 mm, 156.464 mm): Symbol #PWR054 Hidden pin  [VCC3V3, Power input, Line]
[endpoint_off_grid]: Symbol pin or wire end off connection grid
    ; warning
    @(189.23 mm, 167.894 mm): Symbol #PWR060 Hidden pin  [VCC3V3, Power input, Line]
[endpoint_off_grid]: Symbol pin or wire end off connection grid
    ; warning
    @(189.23 mm, 179.324 mm): Symbol #PWR035 Hidden pin  [VCC3V3, Power input, Line]
[endpoint_off_grid]: Symbol pin or wire end off connection grid
    ; warning
    @(189.23 mm, 190.754 mm): Symbol #PWR044 Hidden pin  [VCC3V3, Power input, Line]
[endpoint_off_grid]: Symbol pin or wire end off connection grid
    ; warning
    @(189.23 mm, 202.184 mm): Symbol #PWR049 Hidden pin  [VCC3V3, Power input, Line]
[endpoint_off_grid]: Symbol pin or wire end off connection grid
    ; warning
    @(189.23 mm, 213.614 mm): Symbol #PWR061 Hidden pin  [VCC3V3, Power input, Line]
[endpoint_off_grid]: Symbol pin or wire end off connection grid
    ; warning
    @(189.23 mm, 225.044 mm): Symbol #PWR062 Hidden pin  [VCC3V3, Power input, Line]
[endpoint_off_grid]: Symbol pin or wire end off connection grid
    ; warning
    @(191.77 mm, 72.644 mm): Symbol U3 Pin 2 [P$1, Bidirectional, Line]
[endpoint_off_grid]: Symbol pin or wire end off connection grid
    ; warning
    @(191.77 mm, 77.724 mm): Symbol U3 Pin 4 [P$1, Bidirectional, Line]
[endpoint_off_grid]: Symbol pin or wire end off connection grid
    ; warning
    @(191.77 mm, 80.264 mm): Symbol U3 Pin 5 [P$1, Bidirectional, Line]
[endpoint_off_grid]: Symbol pin or wire end off connection grid
    ; warning
    @(191.77 mm, 85.344 mm): Symbol U3 Pin 7 [P$1, Bidirectional, Line]
[endpoint_off_grid]: Symbol pin or wire end off connection grid
    ; warning
    @(191.77 mm, 87.884 mm): Symbol U3 Pin 8 [P$1, Bidirectional, Line]
[endpoint_off_grid]: Symbol pin or wire end off connection grid
    ; warning
    @(191.77 mm, 92.964 mm): Symbol U3 Pin 10 [P$1, Bidirectional, Line]
[endpoint_off_grid]: Symbol pin or wire end off connection grid
    ; warning
    @(191.77 mm, 95.504 mm): Symbol U3 Pin 11 [P$1, Bidirectional, Line]
[endpoint_off_grid]: Symbol pin or wire end off connection grid
    ; warning
    @(191.77 mm, 100.584 mm): Symbol U3 Pin 13 [P$1, Bidirectional, Line]
[endpoint_off_grid]: Symbol pin or wire end off connection grid
    ; warning
    @(191.77 mm, 105.664 mm): Symbol U3 Pin 15 [P$1, Bidirectional, Line]
[endpoint_off_grid]: Symbol pin or wire end off connection grid
    ; warning
    @(191.77 mm, 108.204 mm): Symbol U3 Pin 16 [P$1, Bidirectional, Line]
[endpoint_off_grid]: Symbol pin or wire end off connection grid
    ; warning
    @(191.77 mm, 110.744 mm): Symbol U3 Pin 17 [P$1, Bidirectional, Line]
[endpoint_off_grid]: Symbol pin or wire end off connection grid
    ; warning
    @(191.77 mm, 113.284 mm): Symbol U3 Pin 18 [P$1, Bidirectional, Line]
[endpoint_off_grid]: Symbol pin or wire end off connection grid
    ; warning
    @(191.77 mm, 115.824 mm): Symbol U3 Pin 19 [P$1, Bidirectional, Line]
[endpoint_off_grid]: Symbol pin or wire end off connection grid
    ; warning
    @(191.77 mm, 118.364 mm): Symbol U3 Pin 20 [P$1, Bidirectional, Line]
[endpoint_off_grid]: Symbol pin or wire end off connection grid
    ; warning
    @(191.77 mm, 120.904 mm): Symbol U3 Pin 21 [P$1, Bidirectional, Line]
[endpoint_off_grid]: Symbol pin or wire end off connection grid
    ; warning
    @(191.77 mm, 123.444 mm): Symbol U3 Pin 22 [P$1, Bidirectional, Line]
[endpoint_off_grid]: Symbol pin or wire end off connection grid
    ; warning
    @(191.77 mm, 125.984 mm): Symbol U3 Pin 23 [P$1, Bidirectional, Line]
[endpoint_off_grid]: Symbol pin or wire end off connection grid
    ; warning
    @(191.77 mm, 128.524 mm): Symbol U3 Pin 24 [P$1, Bidirectional, Line]
[endpoint_off_grid]: Symbol pin or wire end off connection grid
    ; warning
    @(191.77 mm, 131.064 mm): Symbol U3 Pin 25 [P$1, Bidirectional, Line]
[endpoint_off_grid]: Symbol pin or wire end off connection grid
    ; warning
    @(191.77 mm, 133.604 mm): Symbol U3 Pin 26 [P$1, Bidirectional, Line]
[endpoint_off_grid]: Symbol pin or wire end off connection grid
    ; warning
    @(198.12 mm, 156.464 mm): Symbol U3 Pin 1 [P$1, Power input, Line]
[endpoint_off_grid]: Symbol pin or wire end off connection grid
    ; warning
    @(198.12 mm, 167.894 mm): Symbol U3 Pin 3 [P$1, Power input, Line]
[endpoint_off_grid]: Symbol pin or wire end off connection grid
    ; warning
    @(198.12 mm, 179.324 mm): Symbol U3 Pin 9 [P$1, Power input, Line]
[lib_symbol_mismatch]: Symbol 'SDRAM-X16-ALLIANCE-512M' doesn't match copy in library 'ctambe'
    ; warning
    @(198.12 mm, 179.324 mm): Symbol U3 [SDRAM-X16-ALLIANCE-512M]
[lib_symbol_mismatch]: Symbol 'SDRAM-X16-ALLIANCE-512M' doesn't match copy in library 'ctambe'
    ; warning
    @(198.12 mm, 186.944 mm): Symbol U3 [SDRAM-X16-ALLIANCE-512M]
[endpoint_off_grid]: Symbol pin or wire end off connection grid
    ; warning
    @(198.12 mm, 190.754 mm): Symbol U3 Pin 14 [P$1, Power input, Line]
[lib_symbol_mismatch]: Symbol 'SDRAM-X16-ALLIANCE-512M' doesn't match copy in library 'ctambe'
    ; warning
    @(198.12 mm, 194.564 mm): Symbol U3 [SDRAM-X16-ALLIANCE-512M]
[endpoint_off_grid]: Symbol pin or wire end off connection grid
    ; warning
    @(198.12 mm, 202.184 mm): Symbol U3 Pin 27 [P$1, Power input, Line]
[lib_symbol_mismatch]: Symbol 'SDRAM-X16-ALLIANCE-512M' doesn't match copy in library 'ctambe'
    ; warning
    @(198.12 mm, 202.184 mm): Symbol U3 [SDRAM-X16-ALLIANCE-512M]
[lib_symbol_mismatch]: Symbol 'SDRAM-X16-ALLIANCE-512M' doesn't match copy in library 'ctambe'
    ; warning
    @(198.12 mm, 209.804 mm): Symbol U3 [SDRAM-X16-ALLIANCE-512M]
[endpoint_off_grid]: Symbol pin or wire end off connection grid
    ; warning
    @(198.12 mm, 213.614 mm): Symbol U3 Pin 43 [P$1, Power input, Line]
[lib_symbol_mismatch]: Symbol 'SDRAM-X16-ALLIANCE-512M' doesn't match copy in library 'ctambe'
    ; warning
    @(198.12 mm, 217.424 mm): Symbol U3 [SDRAM-X16-ALLIANCE-512M]
[endpoint_off_grid]: Symbol pin or wire end off connection grid
    ; warning
    @(198.12 mm, 225.044 mm): Symbol U3 Pin 49 [P$1, Bidirectional, Line]
[endpoint_off_grid]: Symbol pin or wire end off connection grid
    ; warning
    @(232.41 mm, 72.644 mm): Symbol U3 Pin 53 [P$1, Bidirectional, Line]
[endpoint_off_grid]: Symbol pin or wire end off connection grid
    ; warning
    @(232.41 mm, 72.644 mm): Horizontal Wire, length 2.54 mm
[endpoint_off_grid]: Symbol pin or wire end off connection grid
    ; warning
    @(232.41 mm, 77.724 mm): Horizontal Wire, length 2.54 mm
[endpoint_off_grid]: Symbol pin or wire end off connection grid
    ; warning
    @(232.41 mm, 77.724 mm): Symbol U3 Pin 51 [P$1, Bidirectional, Line]
[endpoint_off_grid]: Symbol pin or wire end off connection grid
    ; warning
    @(232.41 mm, 80.264 mm): Symbol U3 Pin 50 [P$1, Bidirectional, Line]
[endpoint_off_grid]: Symbol pin or wire end off connection grid
    ; warning
    @(232.41 mm, 80.264 mm): Horizontal Wire, length 2.54 mm
[endpoint_off_grid]: Symbol pin or wire end off connection grid
    ; warning
    @(232.41 mm, 85.344 mm): Symbol U3 Pin 48 [P$1, Bidirectional, Line]
[endpoint_off_grid]: Symbol pin or wire end off connection grid
    ; warning
    @(232.41 mm, 85.344 mm): Horizontal Wire, length 2.54 mm
[endpoint_off_grid]: Symbol pin or wire end off connection grid
    ; warning
    @(232.41 mm, 87.884 mm): Horizontal Wire, length 2.54 mm
[endpoint_off_grid]: Symbol pin or wire end off connection grid
    ; warning
    @(232.41 mm, 87.884 mm): Symbol U3 Pin 47 [P$1, Bidirectional, Line]
[endpoint_off_grid]: Symbol pin or wire end off connection grid
    ; warning
    @(232.41 mm, 92.964 mm): Symbol U3 Pin 45 [P$1, Bidirectional, Line]
[endpoint_off_grid]: Symbol pin or wire end off connection grid
    ; warning
    @(232.41 mm, 92.964 mm): Horizontal Wire, length 2.54 mm
[endpoint_off_grid]: Symbol pin or wire end off connection grid
    ; warning
    @(232.41 mm, 95.504 mm): Symbol U3 Pin 44 [P$1, Bidirectional, Line]
[endpoint_off_grid]: Symbol pin or wire end off connection grid
    ; warning
    @(232.41 mm, 95.504 mm): Horizontal Wire, length 2.54 mm
[endpoint_off_grid]: Symbol pin or wire end off connection grid
    ; warning
    @(232.41 mm, 100.584 mm): Symbol U3 Pin 42 [P$1, Bidirectional, Line]
[endpoint_off_grid]: Symbol pin or wire end off connection grid
    ; warning
    @(232.41 mm, 100.584 mm): Horizontal Wire, length 2.54 mm
[endpoint_off_grid]: Symbol pin or wire end off connection grid
    ; warning
    @(232.41 mm, 105.664 mm): Symbol U3 Pin 40 [P$1, Bidirectional, Line]
[endpoint_off_grid]: Symbol pin or wire end off connection grid
    ; warning
    @(232.41 mm, 108.204 mm): Symbol U3 Pin 39 [P$1, Bidirectional, Line]
[endpoint_off_grid]: Symbol pin or wire end off connection grid
    ; warning
    @(232.41 mm, 108.204 mm): Horizontal Wire, length 2.54 mm
[endpoint_off_grid]: Symbol pin or wire end off connection grid
    ; warning
    @(232.41 mm, 110.744 mm): Symbol U3 Pin 38 [P$1, Bidirectional, Line]
[endpoint_off_grid]: Symbol pin or wire end off connection grid
    ; warning
    @(232.41 mm, 110.744 mm): Horizontal Wire, length 2.54 mm
[endpoint_off_grid]: Symbol pin or wire end off connection grid
    ; warning
    @(232.41 mm, 113.284 mm): Horizontal Wire, length 2.54 mm
[endpoint_off_grid]: Symbol pin or wire end off connection grid
    ; warning
    @(232.41 mm, 113.284 mm): Symbol U3 Pin 37 [P$1, Bidirectional, Line]
[endpoint_off_grid]: Symbol pin or wire end off connection grid
    ; warning
    @(232.41 mm, 115.824 mm): Horizontal Wire, length 2.54 mm
[endpoint_off_grid]: Symbol pin or wire end off connection grid
    ; warning
    @(232.41 mm, 115.824 mm): Symbol U3 Pin 36 [P$1, Bidirectional, Line]
[endpoint_off_grid]: Symbol pin or wire end off connection grid
    ; warning
    @(232.41 mm, 118.364 mm): Horizontal Wire, length 2.54 mm
[endpoint_off_grid]: Symbol pin or wire end off connection grid
    ; warning
    @(232.41 mm, 118.364 mm): Symbol U3 Pin 35 [P$1, Bidirectional, Line]
[endpoint_off_grid]: Symbol pin or wire end off connection grid
    ; warning
    @(232.41 mm, 120.904 mm): Symbol U3 Pin 34 [P$1, Bidirectional, Line]
[endpoint_off_grid]: Symbol pin or wire end off connection grid
    ; warning
    @(232.41 mm, 120.904 mm): Horizontal Wire, length 2.54 mm
[endpoint_off_grid]: Symbol pin or wire end off connection grid
    ; warning
    @(232.41 mm, 123.444 mm): Symbol U3 Pin 33 [P$1, Bidirectional, Line]
[endpoint_off_grid]: Symbol pin or wire end off connection grid
    ; warning
    @(232.41 mm, 123.444 mm): Horizontal Wire, length 2.54 mm
[endpoint_off_grid]: Symbol pin or wire end off connection grid
    ; warning
    @(232.41 mm, 125.984 mm): Symbol U3 Pin 32 [P$1, Bidirectional, Line]
[endpoint_off_grid]: Symbol pin or wire end off connection grid
    ; warning
    @(232.41 mm, 125.984 mm): Horizontal Wire, length 2.54 mm
[endpoint_off_grid]: Symbol pin or wire end off connection grid
    ; warning
    @(232.41 mm, 128.524 mm): Horizontal Wire, length 2.54 mm
[endpoint_off_grid]: Symbol pin or wire end off connection grid
    ; warning
    @(232.41 mm, 128.524 mm): Symbol U3 Pin 31 [P$1, Bidirectional, Line]
[endpoint_off_grid]: Symbol pin or wire end off connection grid
    ; warning
    @(232.41 mm, 131.064 mm): Symbol U3 Pin 30 [P$1, Bidirectional, Line]
[endpoint_off_grid]: Symbol pin or wire end off connection grid
    ; warning
    @(232.41 mm, 131.064 mm): Horizontal Wire, length 2.54 mm
[endpoint_off_grid]: Symbol pin or wire end off connection grid
    ; warning
    @(232.41 mm, 133.604 mm): Symbol U3 Pin 29 [P$1, Bidirectional, Line]
[endpoint_off_grid]: Symbol pin or wire end off connection grid
    ; warning
    @(232.41 mm, 133.604 mm): Horizontal Wire, length 2.54 mm

***** Sheet /zulu_a7_0/

***** Sheet /zulu_a7_1/
[power_pin_not_driven]: Input Power pin not driven by any Output Power pins
    ; error
    @(68.58 mm, 50.546 mm): Symbol U8 Pin 13 [IN, Power input, Line]
[power_pin_not_driven]: Input Power pin not driven by any Output Power pins
    ; error
    @(104.648 mm, 200.406 mm): Symbol #PWR009 Hidden pin  [VU, Power input, Line]
[power_pin_not_driven]: Input Power pin not driven by any Output Power pins
    ; error
    @(134.62 mm, 65.786 mm): Symbol #PWR007 Hidden pin  [VBATT, Power input, Line]
[power_pin_not_driven]: Input Power pin not driven by any Output Power pins
    ; error
    @(157.48 mm, 58.166 mm): Symbol #PWR002 Hidden pin  [GND, Power input, Line]
[power_pin_not_driven]: Input Power pin not driven by any Output Power pins
    ; error
    @(177.80 mm, 200.406 mm): Symbol #PWR014 Hidden pin  [VCC1V8, Power input, Line]
[power_pin_not_driven]: Input Power pin not driven by any Output Power pins
    ; error
    @(177.80 mm, 228.346 mm): Symbol #PWR001 Hidden pin  [VCC1V0, Power input, Line]
[power_pin_not_driven]: Input Power pin not driven by any Output Power pins
    ; error
    @(214.63 mm, 221.488 mm): Symbol #PWR004 Hidden pin  [VCC3V3, Power input, Line]

***** Sheet /zulu_a7_2/

***** Sheet /zulu_a7_3/
[pin_not_connected]: Pin not connected
    ; error
    @(232.41 mm, 105.664 mm): Symbol U3 Pin 40 [P$1, Bidirectional, Line]

***** Sheet /zulu_a7_4/
[pin_not_connected]: Pin not connected
    ; error
    @(30.988 mm, 138.938 mm): Symbol U10 Pin 7 [NC, Bidirectional, Line]
[pin_not_connected]: Pin not connected
    ; error
    @(30.988 mm, 141.478 mm): Symbol U10 Pin 6 [NC, Bidirectional, Line]
[pin_not_connected]: Pin not connected
    ; error
    @(88.138 mm, 146.558 mm): Symbol U2 Pin 3 [OSCO, Bidirectional, Line]
[power_pin_not_driven]: Input Power pin not driven by any Output Power pins
    ; error
    @(99.568 mm, 55.118 mm): Symbol U2 Pin 4 [VPHY, Power input, Line]
[power_pin_not_driven]: Input Power pin not driven by any Output Power pins
    ; error
    @(103.378 mm, 55.118 mm): Symbol U2 Pin 9 [VPLL, Power input, Line]
[power_pin_not_driven]: Input Power pin not driven by any Output Power pins
    ; error
    @(109.728 mm, 55.118 mm): Symbol U2 Pin 12 [VCORE, Power input, Line]
[pin_not_connected]: Pin not connected
    ; error
    @(154.178 mm, 80.518 mm): Symbol U2 Pin 23 [ADBUS6, Bidirectional, Line]
[pin_not_connected]: Pin not connected
    ; error
    @(154.178 mm, 83.058 mm): Symbol U2 Pin 24 [ADBUS7, Bidirectional, Line]
[pin_not_connected]: Pin not connected
    ; error
    @(154.178 mm, 88.138 mm): Symbol U2 Pin 26 [ACBUS0, Bidirectional, Line]
[pin_not_connected]: Pin not connected
    ; error
    @(154.178 mm, 90.678 mm): Symbol U2 Pin 27 [ACBUS1, Bidirectional, Line]
[pin_not_connected]: Pin not connected
    ; error
    @(154.178 mm, 93.218 mm): Symbol U2 Pin 28 [ACBUS2, Bidirectional, Line]
[pin_not_connected]: Pin not connected
    ; error
    @(154.178 mm, 95.758 mm): Symbol U2 Pin 29 [ACBUS3, Bidirectional, Line]
[pin_not_connected]: Pin not connected
    ; error
    @(154.178 mm, 98.298 mm): Symbol U2 Pin 30 [ACBUS4, Bidirectional, Line]
[pin_not_connected]: Pin not connected
    ; error
    @(154.178 mm, 100.838 mm): Symbol U2 Pin 32 [ACBUS5, Bidirectional, Line]
[pin_not_connected]: Pin not connected
    ; error
    @(154.178 mm, 103.378 mm): Symbol U2 Pin 33 [ACBUS6, Bidirectional, Line]
[pin_not_connected]: Pin not connected
    ; error
    @(154.178 mm, 105.918 mm): Symbol U2 Pin 34 [ACBUS7, Bidirectional, Line]
[pin_not_connected]: Pin not connected
    ; error
    @(154.178 mm, 123.698 mm): Symbol U2 Pin 44 [BDBUS5, Bidirectional, Line]
[pin_not_connected]: Pin not connected
    ; error
    @(154.178 mm, 126.238 mm): Symbol U2 Pin 45 [BDBUS6, Bidirectional, Line]
[pin_not_connected]: Pin not connected
    ; error
    @(154.178 mm, 128.778 mm): Symbol U2 Pin 46 [BDBUS7, Bidirectional, Line]
[pin_not_connected]: Pin not connected
    ; error
    @(154.178 mm, 133.858 mm): Symbol U2 Pin 48 [BCBUS0, Bidirectional, Line]
[pin_not_connected]: Pin not connected
    ; error
    @(154.178 mm, 136.398 mm): Symbol U2 Pin 52 [BCBUS1, Bidirectional, Line]
[pin_not_connected]: Pin not connected
    ; error
    @(154.178 mm, 138.938 mm): Symbol U2 Pin 53 [BCBUS2, Bidirectional, Line]
[pin_not_connected]: Pin not connected
    ; error
    @(154.178 mm, 141.478 mm): Symbol U2 Pin 54 [BCBUS3, Bidirectional, Line]
[pin_not_connected]: Pin not connected
    ; error
    @(154.178 mm, 144.018 mm): Symbol U2 Pin 55 [BCBUS4, Bidirectional, Line]
[pin_not_connected]: Pin not connected
    ; error
    @(154.178 mm, 146.558 mm): Symbol U2 Pin 57 [BCBUS5, Bidirectional, Line]
[pin_not_connected]: Pin not connected
    ; error
    @(154.178 mm, 149.098 mm): Symbol U2 Pin 58 [BCBUS6, Bidirectional, Line]
[pin_not_connected]: Pin not connected
    ; error
    @(154.178 mm, 151.638 mm): Symbol U2 Pin 59 [BCBUS7, Bidirectional, Line]
[pin_not_connected]: Pin not connected
    ; error
    @(154.178 mm, 159.258 mm): Symbol U2 Pin 36 [SUSPEND#, Bidirectional, Line]

***** Sheet /zulu_a7_5/
[power_pin_not_driven]: Input Power pin not driven by any Output Power pins
    ; error
    @(120.904 mm, 273.304 mm): Symbol #PWR096 Hidden pin  [VCCADC, Power input, Line]
[power_pin_not_driven]: Input Power pin not driven by any Output Power pins
    ; error
    @(135.89 mm, 284.734 mm): Symbol #PWR099 Hidden pin  [GNDADC, Power input, Line]
[pin_not_driven]: Input pin not driven by any Output pins
    ; error
    @(240.03 mm, 242.824 mm): Symbol U1 Pin G17 [1, Input, Line]

***** Sheet /zulu_a7_6/

 ** ERC messages: 1648  Errors 39  Warnings 1609

 ** Ignored checks:
    - Global label only appears once in the schematic
    - Four connection points are joined together
    - SPICE model issue
    - Assigned footprint doesn't match footprint filters
